id,created_at,updated_at,title,company,location,remote,employment_type,seniority,years_min,years_max,salary_min,salary_max,salary_currency,category,required_skills,preferred_skills,technologies,description,apply_url,status,source
job_scraped_1332e52c7c,2026-09-04T15:14:07.841048Z,2026-09-06T21:22:10.962053Z,Senior Manager of Total Rewards & People Operations,Paxos,HR & Talent • Remote - US • Remote • Full time,remote,Full-time,Senior,,,,,USD,Operations / Strategy,Operations,,Operations,Direct opportunity at Paxos. Apply directly via official candidate link.,https://jobs.ashbyhq.com/paxos/996febc9-2c59-4292-a4bd-bf54e8a4b187,active,scraped
job_scraped_39c07aed70,2026-09-04T15:14:07.841048Z,2026-09-06T21:22:10.962053Z,Head of Communications,Paxos,Marketing & Communications • New York - Hybrid • Remote • Full time,hybrid,Full-time,Lead,,,,,USD,Marketing / PR,Marketing,,Marketing,Direct opportunity at Paxos. Apply directly via official candidate link.,https://jobs.ashbyhq.com/paxos/7cd00d67-dcc9-4da8-8f0c-6faf335b86cd,active,scraped
job_scraped_ef406baba0,2026-09-04T15:14:07.841048Z,2026-09-06T21:22:10.962053Z,Head of Public Policy,Paxos,Marketing & Communications • Remote - US • Remote • Full time,remote,Full-time,Lead,,,,,USD,Engineering / Development,Engineering,,Engineering,Direct opportunity at Paxos. Apply directly via official candidate link.,https://jobs.ashbyhq.com/paxos/f7c3d7cc-2e9f-43d5-89f5-debc44d006df,active,scraped
job_scraped_3fb2e6ec93,2026-09-04T15:14:07.841048Z,2026-09-06T21:22:10.962053Z,Technical Support Engineer,Paxos,Operations • Remote - Singapore • Remote • Full time,remote,Full-time,Mid-Level,,,,,USD,Engineering / Development,Engineering,,Engineering,Direct opportunity at Paxos. Apply directly via official candidate link.,https://jobs.ashbyhq.com/paxos/7642ced7-423e-4502-b4af-49208fa37397,active,scraped
job_scraped_0e851ae317,2026-09-04T15:14:07.841048Z,2026-09-06T21:22:10.962053Z,Principal Product Operations And Risk Analyst,Circle,US,remote,Full-time,Lead,,,,,USD,Research / Economics,Product Management,,Product Management,Direct opportunity at Circle. Apply directly via official candidate link.,https://careers.circle.com/us/en/job/JR100869/Principal-Product-Operations-and-Risk-Analyst,active,scraped
job_scraped_bf19738451,2026-09-04T15:14:07.841048Z,2026-09-06T21:22:10.962053Z,"Lead Product Manager, Token",Circle,US,remote,Full-time,Lead,,,,,USD,Product Management,Product Management,,Product Management,Direct opportunity at Circle. Apply directly via official candidate link.,https://careers.circle.com/us/en/job/JR100477/Lead-Product-Manager-Token,active,scraped
job_scraped_657cd954fe,2026-09-04T15:14:07.841048Z,2026-09-06T21:22:10.962053Z,"Senior Analyst, Payment Operations",Circle,"undefined:, India",remote,Full-time,Senior,,,,,USD,Research / Economics,Research,,Research,Direct opportunity at Circle. Apply directly via official candidate link.,https://careers.circle.com/us/en/job/JR100964/Senior-Analyst-Payment-Operations,active,scraped
job_scraped_db89f94855,2026-09-04T15:14:07.841048Z,2026-09-06T21:22:10.962053Z,"Principal Product Manager, TradFi",Circle,US,remote,Full-time,Lead,,,,,USD,Product Management,Product Management,,Product Management,Direct opportunity at Circle. Apply directly via official candidate link.,https://careers.circle.com/us/en/job/JR100881/Principal-Product-Manager-TradFi,active,scraped
job_scraped_e73c7d211a,2026-09-04T15:14:07.841048Z,2026-09-06T21:22:10.962053Z,"VP Of Ecosystem Growth, Pakistan",Circle,"undefined:, Pakistan",remote,Full-time,Mid-Level,,,,,USD,Executive / Leadership,Executive,,Executive,Direct opportunity at Circle. Apply directly via official candidate link.,https://careers.circle.com/us/en/job/JR101031/VP-of-Ecosystem-Growth-Pakistan,active,scraped
job_scraped_ed847cad9d,2026-09-04T15:14:07.841048Z,2026-09-06T21:22:10.962053Z,Distinguished Software Engineer,Circle,US,remote,Full-time,Mid-Level,,,,,USD,Engineering / Development,Engineering,,Engineering,Direct opportunity at Circle. Apply directly via official candidate link.,https://careers.circle.com/us/en/job/JR100849/Distinguished-Software-Engineer,active,scraped
job_scraped_b2a9b27cc9,2026-09-04T15:14:07.841048Z,2026-09-06T21:22:10.962053Z,Senior HR Business Partner,Circle,US,remote,Full-time,Senior,,,,,USD,HR / Recruiting,HR,,HR,Direct opportunity at Circle. Apply directly via official candidate link.,https://careers.circle.com/us/en/job/JR100975/Senior-HR-Business-Partner,active,scraped
job_scraped_ed0cfa1b59,2026-09-04T15:14:07.841048Z,2026-09-06T21:22:10.962053Z,Senior Staff Data Engineer,Circle,US,remote,Full-time,Lead,,,,,USD,Engineering / Development,Engineering,,Engineering,Direct opportunity at Circle. Apply directly via official candidate link.,https://careers.circle.com/us/en/job/JR101020/Senior-Staff-Data-Engineer,active,scraped
job_scraped_01cd068b67,2026-09-04T15:14:07.841048Z,2026-09-06T21:22:10.962053Z,"VP, Global Head Of Product Security And Risk",Circle,US,remote,Full-time,Lead,,,,,USD,Product Management,Product Management,,Product Management,Direct opportunity at Circle. Apply directly via official candidate link.,https://careers.circle.com/us/en/job/JR100878/VP-Global-Head-of-Product-Security-and-Risk,active,scraped
job_scraped_81b02ac2c1,2026-09-04T15:14:07.841048Z,2026-09-06T21:22:10.962053Z,Staff Software Engineer,Circle,US,remote,Full-time,Lead,,,,,USD,Engineering / Development,Engineering,,Engineering,Direct opportunity at Circle. Apply directly via official candidate link.,https://careers.circle.com/us/en/job/JR100014-EG/Staff-Software-Engineer,active,scraped
job_scraped_5c71536ca3,2026-09-04T15:14:07.841048Z,2026-09-06T21:22:10.962053Z,"Senior Counsel, Arc",Circle,US,remote,Full-time,Senior,,,,,USD,Legal / Compliance,Legal,,Legal,Direct opportunity at Circle. Apply directly via official candidate link.,https://careers.circle.com/us/en/job/JR100841/Senior-Counsel-Arc,active,scraped
job_scraped_c8d404620c,2026-09-04T15:14:07.841048Z,2026-09-06T21:22:10.962053Z,"Manager, Software Engineering",Circle,US,remote,Full-time,Mid-Level,,,,,USD,Engineering / Development,Engineering,,Engineering,Direct opportunity at Circle. Apply directly via official candidate link.,https://careers.circle.com/us/en/job/JR100015-EG/Manager-Software-Engineering,active,scraped
job_scraped_e12a1b0088,2026-09-04T15:14:07.841048Z,2026-09-06T21:22:10.962053Z,"Senior Analyst, AML Transaction Monitoring",Circle,"undefined:, Ireland",remote,Full-time,Senior,,,,,USD,Legal / Compliance,Legal,,Legal,Direct opportunity at Circle. Apply directly via official candidate link.,https://careers.circle.com/us/en/job/JR100710/Senior-Analyst-AML-Transaction-Monitoring,active,scraped
job_scraped_fcd87e2d10,2026-09-04T15:14:07.841048Z,2026-09-06T21:22:10.962053Z,"Senior Director, Enterprise Business Development, APAC",Circle,"undefined:, Singapore",remote,Full-time,Senior,,,,,USD,Sales / Business Development,Sales,,Sales,Direct opportunity at Circle. Apply directly via official candidate link.,https://careers.circle.com/us/en/job/JR101048/Senior-Director-Enterprise-Business-Development-APAC,active,scraped
job_scraped_2d5bf3104a,2026-09-04T15:14:07.841048Z,2026-09-06T21:22:10.962053Z,"Lead KYC Analyst, Specialized Diligence, APAC",Circle,"undefined:, Singapore",remote,Full-time,Lead,,,,,USD,Legal / Compliance,Legal,,Legal,Direct opportunity at Circle. Apply directly via official candidate link.,https://careers.circle.com/us/en/job/JR101045/Lead-KYC-Analyst-Specialized-Diligence-APAC,active,scraped
job_scraped_6e23e45462,2026-09-04T15:14:07.841048Z,2026-09-06T21:22:10.962053Z,"Director, Brazil Compliance Officer & MLRO",Circle,"undefined:, Brazil",remote,Full-time,Mid-Level,,,,,USD,Legal / Compliance,Compliance,,Compliance,Direct opportunity at Circle. Apply directly via official candidate link.,https://careers.circle.com/us/en/job/JR101047/Director-Brazil-Compliance-Officer-MLRO,active,scraped
job_scraped_b24ce7ab68,2026-09-04T15:14:07.841048Z,2026-09-06T21:22:10.962053Z,"Senior Counsel, Transactions (Capital Markets)",Circle,US,remote,Full-time,Senior,,,,,USD,Legal / Compliance,Legal,,Legal,Direct opportunity at Circle. Apply directly via official candidate link.,https://careers.circle.com/us/en/job/JR100970/Senior-Counsel-Transactions-Capital-Markets,active,scraped
job_scraped_8792f80765,2026-09-04T15:14:07.841048Z,2026-09-06T21:22:10.962053Z,Senior Software Engineer,Circle,US,remote,Full-time,Senior,,,,,USD,Engineering / Development,Engineering,,Engineering,Direct opportunity at Circle. Apply directly via official candidate link.,https://careers.circle.com/us/en/job/JR100013-EG/Senior-Software-Engineer,active,scraped
job_scraped_9d6a44ea80,2026-09-04T15:14:07.841048Z,2026-09-06T21:22:10.962053Z,"Principal Security Engineer, Detection & Response",Circle,"undefined:, Ireland",remote,Full-time,Lead,,,,,USD,Engineering / Development,Engineering,,Engineering,Direct opportunity at Circle. Apply directly via official candidate link.,https://careers.circle.com/us/en/job/JR101051/Principal-Security-Engineer-Detection-Response,active,scraped
job_scraped_a5b05cf554,2026-09-04T15:14:07.841048Z,2026-09-06T21:22:10.962053Z,"Security Engineer II, Detection And Response",Circle,US,remote,Full-time,Mid-Level,,,,,USD,Engineering / Development,Engineering,,Engineering,Direct opportunity at Circle. Apply directly via official candidate link.,https://careers.circle.com/us/en/job/JR101060/Security-Engineer-II-Detection-and-Response,active,scraped
job_scraped_f659a0a1f6,2026-09-04T15:14:07.841048Z,2026-09-06T21:22:10.962053Z,Staff Data Scientist - Payments,Circle,US,remote,Full-time,Lead,,,,,USD,Research / Economics,Research,,Research,Direct opportunity at Circle. Apply directly via official candidate link.,https://careers.circle.com/us/en/job/JR101067/Staff-Data-Scientist-Payments,active,scraped
job_scraped_9a90e72379,2026-09-04T15:14:07.841048Z,2026-09-06T21:22:10.962053Z,Senior Smart Contract Engineer,Circle,"undefined:, Taiwan",remote,Full-time,Senior,,,,,USD,Smart Contracts / Auditing,Smart Contracts,,Smart Contracts,Direct opportunity at Circle. Apply directly via official candidate link.,https://careers.circle.com/us/en/job/JR100838/Senior-Smart-Contract-Engineer,active,scraped
job_scraped_a24905732c,2026-09-04T15:14:07.841048Z,2026-09-06T21:22:10.962053Z,"Transaction Monitoring Lead, Investigation Operations",Circle,"undefined:, India",remote,Full-time,Lead,,,,,USD,Operations / Strategy,Operations,,Operations,Direct opportunity at Circle. Apply directly via official candidate link.,https://careers.circle.com/us/en/job/JR101039/Transaction-Monitoring-Lead-Investigation-Operations,active,scraped
job_scraped_567685d408,2026-09-04T15:14:07.841048Z,2026-09-06T21:22:10.962053Z,"Director, Arc - Capital Markets Strategy & GTM",Circle,US,remote,Full-time,Mid-Level,,,,,USD,Executive / Leadership,Executive,,Executive,Direct opportunity at Circle. Apply directly via official candidate link.,https://careers.circle.com/us/en/job/JR101069/Director-Arc-Capital-Markets-Strategy-GTM,active,scraped
job_scraped_a9cdd7b51e,2026-09-04T15:14:07.841048Z,2026-09-06T21:22:10.962053Z,"Senior Counsel, Transactions, (Enterprise, Payments, And Ecosystem)",Circle,US,remote,Full-time,Senior,,,,,USD,Legal / Compliance,Legal,,Legal,Direct opportunity at Circle. Apply directly via official candidate link.,https://careers.circle.com/us/en/job/JR101071/Senior-Counsel-Transactions-Enterprise-Payments-and-Ecosystem,active,scraped
job_scraped_5294a09ac1,2026-09-04T15:14:07.841048Z,2026-09-06T21:22:10.962053Z,"Manager, Know Your Customer",Circle,US,remote,Full-time,Mid-Level,,,,,USD,Engineering / Development,Engineering,,Engineering,Direct opportunity at Circle. Apply directly via official candidate link.,https://careers.circle.com/us/en/job/JR100895/Manager-Know-Your-Customer,active,scraped
job_scraped_680f285995,2026-09-04T15:14:07.841048Z,2026-09-06T21:22:10.962053Z,Staff Data Scientist - Digital Assets,Circle,US,remote,Full-time,Lead,,,,,USD,Research / Economics,Research,,Research,Direct opportunity at Circle. Apply directly via official candidate link.,https://careers.circle.com/us/en/job/JR101068/Staff-Data-Scientist-Digital-Assets,active,scraped
job_scraped_4b6db1b425,2026-09-04T15:14:07.841048Z,2026-09-06T21:22:10.962053Z,"Senior Analyst, IT Internal Controls & SOX Compliance",Circle,US,remote,Full-time,Senior,,,,,USD,Legal / Compliance,Compliance,,Compliance,Direct opportunity at Circle. Apply directly via official candidate link.,https://careers.circle.com/us/en/job/JR101076/Senior-Analyst-IT-Internal-Controls-SOX-Compliance,active,scraped
job_scraped_540e99195c,2026-09-04T15:14:07.841048Z,2026-09-06T21:22:10.962053Z,Senior Finance Systems Analyst,Circle,US,remote,Full-time,Senior,,,,,USD,Finance / Accounting,Finance,,Finance,Direct opportunity at Circle. Apply directly via official candidate link.,https://careers.circle.com/us/en/job/JR101077/Senior-Finance-Systems-Analyst,active,scraped
job_scraped_a39fbed9b8,2026-09-04T15:14:07.841048Z,2026-09-06T21:22:10.962053Z,Finance Officer,Swissquote,Malta St Julian's,remote,Full-time,Mid-Level,,,,,USD,Finance / Accounting,Finance,,Finance,Direct opportunity at Swissquote. Apply directly via official candidate link.,https://jobs.smartrecruiters.com/Swissquote/744000126334822-finance-officer,active,scraped
job_scraped_765d93b2f3,2026-09-04T15:14:07.841048Z,2026-09-06T21:22:10.962053Z,Back Office Operations Associate,Swissquote,Malta St Julian's STJ 1901,remote,Full-time,Mid-Level,,,,,USD,Operations / Strategy,Operations,,Operations,Direct opportunity at Swissquote. Apply directly via official candidate link.,https://jobs.smartrecruiters.com/Swissquote/744000094180508-back-office-operations-associate,active,scraped
job_scraped_c66d775801,2026-09-04T15:14:07.841048Z,2026-09-06T21:22:10.962053Z,Settlement Officer - Institutional Team,Swissquote,Switzerland Gland,remote,Full-time,Mid-Level,,,,,USD,Engineering / Development,Engineering,,Engineering,Direct opportunity at Swissquote. Apply directly via official candidate link.,https://jobs.smartrecruiters.com/Swissquote/744000131077049-settlement-officer-institutional-team-,active,scraped
job_scraped_822939d148,2026-09-04T15:14:07.841048Z,2026-09-06T21:22:10.962053Z,Settlement Officer - Retail Team,Swissquote,Switzerland Gland,remote,Full-time,Mid-Level,,,,,USD,Engineering / Development,Engineering,,Engineering,Direct opportunity at Swissquote. Apply directly via official candidate link.,https://jobs.smartrecruiters.com/Swissquote/744000130780876-settlement-officer-retail-team-,active,scraped
job_scraped_673dfffd79,2026-09-04T15:14:07.841048Z,2026-09-06T21:22:10.962053Z,Post-Execution Officer,Swissquote,Switzerland Gland,remote,Full-time,Mid-Level,,,,,USD,Engineering / Development,Engineering,,Engineering,Direct opportunity at Swissquote. Apply directly via official candidate link.,https://jobs.smartrecruiters.com/Swissquote/744000130390924-post-execution-officer-,active,scraped
job_scraped_7b69da87a5,2026-09-04T15:14:07.841048Z,2026-09-06T21:22:10.962053Z,Fraud Analyst Officer,Swissquote,Switzerland Gland,remote,Full-time,Mid-Level,,,,,USD,Research / Economics,Research,,Research,Direct opportunity at Swissquote. Apply directly via official candidate link.,https://jobs.smartrecruiters.com/Swissquote/744000112637507-fraud-analyst-officer-,active,scraped
job_scraped_c7d2994702,2026-09-04T15:14:07.841048Z,2026-09-06T21:22:10.962053Z,"Tax, Client & Transaction Reporting Senior Officer",Swissquote,Luxembourg,remote,Full-time,Senior,,,,,USD,Engineering / Development,Engineering,,Engineering,Direct opportunity at Swissquote. Apply directly via official candidate link.,https://jobs.smartrecruiters.com/Swissquote/744000109883005-tax-client-transaction-reporting-senior-officer,active,scraped
job_scraped_f83587f56a,2026-09-04T15:14:07.841048Z,2026-09-06T21:22:10.962053Z,Depositary Operations Officer,Swissquote,Malta St Julian's,remote,Full-time,Mid-Level,,,,,USD,Operations / Strategy,Operations,,Operations,Direct opportunity at Swissquote. Apply directly via official candidate link.,https://jobs.smartrecruiters.com/Swissquote/744000109271528-depositary-operations-officer,active,scraped
job_scraped_86b15d3558,2026-09-04T15:14:07.841048Z,2026-09-06T21:22:10.962053Z,Client Service Representative – Digital channels,Swissquote,Switzerland Dübendorf,remote,Full-time,Mid-Level,,,,,USD,Engineering / Development,Engineering,,Engineering,Direct opportunity at Swissquote. Apply directly via official candidate link.,https://jobs.smartrecruiters.com/Swissquote/744000134935159-client-service-representative-digital-channels,active,scraped
job_scraped_fe2e376a21,2026-09-04T15:14:07.841048Z,2026-09-06T21:22:10.962053Z,KYC Analyst,Swissquote,Malta St Julian's,remote,Full-time,Mid-Level,,,,,USD,Legal / Compliance,Legal,,Legal,Direct opportunity at Swissquote. Apply directly via official candidate link.,https://jobs.smartrecruiters.com/Swissquote/744000131949669-kyc-analyst,active,scraped
job_scraped_8d2cd261b0,2026-09-04T15:14:07.841048Z,2026-09-06T21:22:10.962053Z,Senior Payroll & Compensation Specialist,Swissquote,Switzerland Gland,remote,Full-time,Senior,,,,,USD,Engineering / Development,Engineering,,Engineering,Direct opportunity at Swissquote. Apply directly via official candidate link.,https://jobs.smartrecruiters.com/Swissquote/744000131884599-senior-payroll-compensation-specialist,active,scraped
job_scraped_1dda399b3e,2026-09-04T15:14:07.841048Z,2026-09-06T21:22:10.962053Z,Senior Legal Officer,Swissquote,Switzerland Gland,remote,Full-time,Senior,,,,,USD,Legal / Compliance,Legal,,Legal,Direct opportunity at Swissquote. Apply directly via official candidate link.,https://jobs.smartrecruiters.com/Swissquote/744000134702869-senior-legal-officer,active,scraped
job_scraped_bf71c6409e,2026-09-04T15:14:07.841048Z,2026-09-06T21:22:10.962053Z,Compliance Officer - Onboarding Corporate (9 months contract),Swissquote,Switzerland Gland,remote,Full-time,Mid-Level,,,,,USD,Legal / Compliance,Compliance,,Compliance,Direct opportunity at Swissquote. Apply directly via official candidate link.,https://jobs.smartrecruiters.com/Swissquote/744000124118229-compliance-officer-onboarding-corporate-9-months-contract-,active,scraped
job_scraped_e355e5daea,2026-09-04T15:14:07.841048Z,2026-09-06T21:22:10.962053Z,Deputy Compliance Officer - Onboarding Private (5 months),Swissquote,Switzerland Gland,remote,Full-time,Mid-Level,,,,,USD,Legal / Compliance,Compliance,,Compliance,Direct opportunity at Swissquote. Apply directly via official candidate link.,https://jobs.smartrecruiters.com/Swissquote/744000116971952-deputy-compliance-officer-onboarding-private-5-months-,active,scraped
job_scraped_48346c627c,2026-09-04T15:14:07.841048Z,2026-09-06T21:22:10.962053Z,Corporate Paralegal - Midnight Foundation,Io-global,Remote,remote,Full-time,Mid-Level,,,,,USD,Legal / Compliance,Legal,,Legal,Direct opportunity at Io-global. Apply directly via official candidate link.,https://apply.workable.com/io-global/j/983C921991/,active,scraped
job_scraped_92ea317243,2026-09-04T15:14:07.841048Z,2026-09-06T21:22:10.962053Z,Operations Specialist,Io-global,On-site,onsite,Full-time,Mid-Level,,,,,USD,Operations / Strategy,Operations,,Operations,Direct opportunity at Io-global. Apply directly via official candidate link.,https://apply.workable.com/io-global/j/6EB69B84A9/,active,scraped
job_scraped_719d967352,2026-09-04T15:14:07.841048Z,2026-09-06T21:22:10.962053Z,Ecosystem Marketing Project Manager - Midnight Foundation,Io-global,Remote,remote,Full-time,Mid-Level,,,,,USD,Marketing / PR,Marketing,,Marketing,Direct opportunity at Io-global. Apply directly via official candidate link.,https://apply.workable.com/io-global/j/33CBE0388F/,active,scraped
job_scraped_90a2731f55,2026-09-04T15:14:07.841048Z,2026-09-06T21:22:10.962053Z,Technical Program Manager - Midnight Foundation,Io-global,Remote,remote,Full-time,Mid-Level,,,,,USD,Engineering / Development,Engineering,,Engineering,Direct opportunity at Io-global. Apply directly via official candidate link.,https://apply.workable.com/io-global/j/8036F0711C/,active,scraped
job_scraped_c5a95ea09f,2026-09-04T15:14:07.841048Z,2026-09-06T21:22:10.962053Z,DevOps Engineer - Midnight Foundation,Io-global,Remote,remote,Full-time,Mid-Level,,,,,USD,Engineering / Development,Engineering,,Engineering,Direct opportunity at Io-global. Apply directly via official candidate link.,https://apply.workable.com/io-global/j/7521F2A537/,active,scraped
job_scraped_c4ec468800,2026-09-04T15:14:07.841048Z,2026-09-06T21:22:10.962053Z,Security Operations Center Operator,Io-global,On-site,onsite,Full-time,Mid-Level,,,,,USD,Security,Security,,Security,Direct opportunity at Io-global. Apply directly via official candidate link.,https://apply.workable.com/io-global/j/4A497675FA/,active,scraped
job_scraped_4d724fbfc5,2026-09-04T15:14:07.841048Z,2026-09-06T21:22:10.962053Z,Executive Assistant to the CEO,Io-global,On-site,onsite,Full-time,Mid-Level,,,,,USD,Executive / Leadership,Executive,,Executive,Direct opportunity at Io-global. Apply directly via official candidate link.,https://apply.workable.com/io-global/j/5810C7F46A/,active,scraped
job_scraped_d86967731f,2026-09-04T15:14:07.841048Z,2026-09-06T21:22:10.962053Z,Senior Staff Partner Engineer,Ripple,"New York, NY, US",remote,Full-time,Lead,,,,,USD,Engineering / Development,Engineering,,Engineering,Direct opportunity at Ripple. Apply directly via official candidate link.,https://ripple.com/careers/all-jobs/job/8013623/,active,scraped
job_scraped_b6cee072d3,2026-09-04T15:14:07.841048Z,2026-09-06T21:22:10.962053Z,"VP, Corporate Development",Ripple,"Miami, FL, US",remote,Full-time,Mid-Level,,,,,USD,Engineering / Development,Engineering,,Engineering,Direct opportunity at Ripple. Apply directly via official candidate link.,https://ripple.com/careers/all-jobs/job/7622906/,active,scraped
job_scraped_e62429f4ff,2026-09-04T15:14:07.841048Z,2026-09-06T21:22:10.962053Z,Principal Technical Program Manager,Ripple,"New York, NY, US",remote,Full-time,Lead,,,,,USD,Engineering / Development,Engineering,,Engineering,Direct opportunity at Ripple. Apply directly via official candidate link.,https://ripple.com/careers/all-jobs/job/7904773/,active,scraped
job_scraped_727048ffd2,2026-09-04T15:14:07.841048Z,2026-09-06T21:22:10.962053Z,"Senior Director, Security Engineering",Ripple,"San Francisco, CA, US",remote,Full-time,Senior,,,,,USD,Engineering / Development,Engineering,,Engineering,Direct opportunity at Ripple. Apply directly via official candidate link.,https://ripple.com/careers/all-jobs/job/7913369/,active,scraped
job_scraped_88bef69548,2026-09-04T15:14:07.841048Z,2026-09-06T21:22:10.962053Z,Senior Full-Stack Software Engineer (Azure &.NET),Ripple,"Chicago, Illinois, US",remote,Full-time,Senior,,,,,USD,Engineering / Development,Engineering,,Engineering,Direct opportunity at Ripple. Apply directly via official candidate link.,https://ripple.com/careers/all-jobs/job/7896217/,active,scraped
job_scraped_7dca7fc70c,2026-09-04T15:14:07.841048Z,2026-09-06T21:22:10.962053Z,Senior GRC Program Manager,Ripple,"Luxembourg, Luxembourg",remote,Full-time,Senior,,,,,USD,Engineering / Development,Engineering,,Engineering,Direct opportunity at Ripple. Apply directly via official candidate link.,https://ripple.com/careers/all-jobs/job/8011676/,active,scraped
job_scraped_eee485f5ce,2026-09-04T15:14:07.841048Z,2026-09-06T21:22:10.962053Z,"Senior Manager, Software Engineering – Identity Platform",Ripple,"San Francisco, CA, US",remote,Full-time,Senior,,,,,USD,Engineering / Development,Engineering,,Engineering,Direct opportunity at Ripple. Apply directly via official candidate link.,https://ripple.com/careers/all-jobs/job/8030741/,active,scraped
job_scraped_cde3f58a33,2026-09-04T15:14:07.841048Z,2026-09-06T21:22:10.962053Z,"Senior Manager, Software Engineering – Payments Orchestration",Ripple,"San Francisco, CA, US",remote,Full-time,Senior,,,,,USD,Engineering / Development,Engineering,,Engineering,Direct opportunity at Ripple. Apply directly via official candidate link.,https://ripple.com/careers/all-jobs/job/7786549/,active,scraped
job_scraped_7f7457d941,2026-09-04T15:14:07.841048Z,2026-09-06T21:22:10.962053Z,"Senior Software Engineer, Banking Connectivity",Ripple,"London, UK",remote,Full-time,Senior,,,,,USD,Engineering / Development,Engineering,,Engineering,Direct opportunity at Ripple. Apply directly via official candidate link.,https://ripple.com/careers/all-jobs/job/7729908/,active,scraped
job_scraped_a6212756f1,2026-09-04T15:14:07.841048Z,2026-09-06T21:22:10.962053Z,"Senior Software Engineer, Liquidity Management",Ripple,"New York, NY, US",remote,Full-time,Senior,,,,,USD,Engineering / Development,Engineering,,Engineering,Direct opportunity at Ripple. Apply directly via official candidate link.,https://ripple.com/careers/all-jobs/job/7944457/,active,scraped
job_scraped_f4a669b728,2026-09-04T15:14:07.841048Z,2026-09-06T21:22:10.962053Z,Senior Staff DevOps Engineer,Ripple,"Chicago, Illinois, US",remote,Full-time,Lead,,,,,USD,Engineering / Development,Engineering,,Engineering,Direct opportunity at Ripple. Apply directly via official candidate link.,https://ripple.com/careers/all-jobs/job/8002049/,active,scraped
job_scraped_9b2361a7eb,2026-09-04T15:14:07.841048Z,2026-09-06T21:22:10.962053Z,"Senior Staff Security Engineer, AI",Ripple,"San Francisco, CA, US",remote,Full-time,Lead,,,,,USD,Engineering / Development,Engineering,,Engineering,Direct opportunity at Ripple. Apply directly via official candidate link.,https://ripple.com/careers/all-jobs/job/7961902/,active,scraped
job_scraped_31e56bd394,2026-09-04T15:14:07.841048Z,2026-09-06T21:22:10.962053Z,"Senior Staff Security Engineer, Ripple Treasury",Ripple,"San Francisco, CA, US",remote,Full-time,Lead,,,,,USD,Engineering / Development,Engineering,,Engineering,Direct opportunity at Ripple. Apply directly via official candidate link.,https://ripple.com/careers/all-jobs/job/7997234/,active,scraped
job_scraped_4b0730914f,2026-09-04T15:14:07.841048Z,2026-09-06T21:22:10.962053Z,"Site Reliability Engineer, Observability",Ripple,"New York, NY, US",remote,Full-time,Mid-Level,,,,,USD,Engineering / Development,Engineering,,Engineering,Direct opportunity at Ripple. Apply directly via official candidate link.,https://ripple.com/careers/all-jobs/job/7947800/,active,scraped
job_scraped_e697cb3e29,2026-09-04T15:14:07.841048Z,2026-09-06T21:22:10.962053Z,Staff Data Scientist,Ripple,"Chicago, Illinois, US",remote,Full-time,Lead,,,,,USD,Research / Economics,Research,,Research,Direct opportunity at Ripple. Apply directly via official candidate link.,https://ripple.com/careers/all-jobs/job/7791472/,active,scraped
job_scraped_529f1a1887,2026-09-04T15:14:07.841048Z,2026-09-06T21:22:10.962053Z,Staff Full-Stack Software Engineer (.NET & Azure),Ripple,"Chicago, Illinois, US",remote,Full-time,Lead,,,,,USD,Engineering / Development,Engineering,,Engineering,Direct opportunity at Ripple. Apply directly via official candidate link.,https://ripple.com/careers/all-jobs/job/7896103/,active,scraped
job_scraped_61ba2fc1a4,2026-09-04T15:14:07.841048Z,2026-09-06T21:22:10.962053Z,Staff Infrastructure Engineer,Ripple,"Sydney, New South Wales, Australia",remote,Full-time,Lead,,,,,USD,Engineering / Development,Engineering,,Engineering,Direct opportunity at Ripple. Apply directly via official candidate link.,https://ripple.com/careers/all-jobs/job/7685312/,active,scraped
job_scraped_49eaf33d0f,2026-09-04T15:14:07.841048Z,2026-09-06T21:22:10.962053Z,"Staff Security Engineer, Secure Digital Asset Operations",Ripple,"San Francisco, CA, US",remote,Full-time,Lead,,,,,USD,Engineering / Development,Engineering,,Engineering,Direct opportunity at Ripple. Apply directly via official candidate link.,https://ripple.com/careers/all-jobs/job/7836928/,active,scraped
job_scraped_6c6d26d04d,2026-09-04T15:14:07.841048Z,2026-09-06T21:22:10.962053Z,Staff Software Engineer - Authentication & Authorization,Ripple,"London, UK",remote,Full-time,Lead,,,,,USD,Engineering / Development,Engineering,,Engineering,Direct opportunity at Ripple. Apply directly via official candidate link.,https://ripple.com/careers/all-jobs/job/7912314/,active,scraped
job_scraped_4ad11c307d,2026-09-04T15:14:07.841048Z,2026-09-06T21:22:10.962053Z,"Staff Software Engineer, Data Engineering",Ripple,"San Francisco, CA, US",remote,Full-time,Lead,,,,,USD,Engineering / Development,Engineering,,Engineering,Direct opportunity at Ripple. Apply directly via official candidate link.,https://ripple.com/careers/all-jobs/job/8030778/,active,scraped
job_scraped_acbbebdc1b,2026-09-04T15:14:07.841048Z,2026-09-06T21:22:10.962053Z,"Staff Software Engineer, Infrastructure",Ripple,"Geneva, Switzerland",remote,Full-time,Lead,,,,,USD,Engineering / Development,Engineering,,Engineering,Direct opportunity at Ripple. Apply directly via official candidate link.,https://ripple.com/careers/all-jobs/job/7930645/,active,scraped
job_scraped_33a26619ed,2026-09-04T15:14:07.841048Z,2026-09-06T21:22:10.962053Z,"Staff Software Engineer, Liquidity Management",Ripple,"New York, NY, US",remote,Full-time,Lead,,,,,USD,Engineering / Development,Engineering,,Engineering,Direct opportunity at Ripple. Apply directly via official candidate link.,https://ripple.com/careers/all-jobs/job/7944348/,active,scraped
job_scraped_980295b2e5,2026-09-04T15:14:07.841048Z,2026-09-06T21:22:10.962053Z,Staff Technical Program Manager,Ripple,"New York, NY, US",remote,Full-time,Lead,,,,,USD,Engineering / Development,Engineering,,Engineering,Direct opportunity at Ripple. Apply directly via official candidate link.,https://ripple.com/careers/all-jobs/job/7997801/,active,scraped
job_scraped_6c065bd196,2026-09-04T15:14:07.841048Z,2026-09-06T21:22:10.962053Z,"Vice President of Engineering, Fiat Infrastructure",Ripple,"San Francisco, CA, US",remote,Full-time,Mid-Level,,,,,USD,Engineering / Development,Engineering,,Engineering,Direct opportunity at Ripple. Apply directly via official candidate link.,https://ripple.com/careers/all-jobs/job/7624480/,active,scraped
job_scraped_799ed8cc3a,2026-09-04T15:14:07.841048Z,2026-09-06T21:22:10.962053Z,Financial Controller,Ripple,"New York, NY, US",remote,Full-time,Mid-Level,,,,,USD,Engineering / Development,Engineering,,Engineering,Direct opportunity at Ripple. Apply directly via official candidate link.,https://ripple.com/careers/all-jobs/job/7866596/,active,scraped
job_scraped_fc29dfb18f,2026-09-04T15:14:07.841048Z,2026-09-06T21:22:10.962053Z,"Senior Manager, Financial Risk",Ripple,"New York, NY, US",remote,Full-time,Senior,,,,,USD,Engineering / Development,Engineering,,Engineering,Direct opportunity at Ripple. Apply directly via official candidate link.,https://ripple.com/careers/all-jobs/job/7385960/,active,scraped
job_scraped_27a22c90c1,2026-09-04T15:14:07.841048Z,2026-09-06T21:22:10.962053Z,"Treasury Manager, Global Treasury Operations",Ripple,"New York, NY, US",remote,Full-time,Mid-Level,,,,,USD,Finance / Accounting,Finance,,Finance,Direct opportunity at Ripple. Apply directly via official candidate link.,https://ripple.com/careers/all-jobs/job/7767531/,active,scraped
job_scraped_c60de3c3a1,2026-09-04T15:14:07.841048Z,2026-09-06T21:22:10.962053Z,Staff Network Engineer,Ripple,"London, UK",remote,Full-time,Lead,,,,,USD,Engineering / Development,Engineering,,Engineering,Direct opportunity at Ripple. Apply directly via official candidate link.,https://ripple.com/careers/all-jobs/job/7960183/,active,scraped
job_scraped_cb22265416,2026-09-04T15:14:07.841048Z,2026-09-06T21:22:10.962053Z,Corporate Counsel,Ripple,"London, UK",remote,Full-time,Mid-Level,,,,,USD,Legal / Compliance,Legal,,Legal,Direct opportunity at Ripple. Apply directly via official candidate link.,https://ripple.com/careers/all-jobs/job/8020278/,active,scraped
job_scraped_1364da2fd0,2026-09-04T15:14:07.841048Z,2026-09-06T21:22:10.962053Z,Brand Designer,Ripple,"New York, NY, US",remote,Full-time,Mid-Level,,,,,USD,Design / UI / UX,Design,,Design,Direct opportunity at Ripple. Apply directly via official candidate link.,https://ripple.com/careers/all-jobs/job/7462072/,active,scraped
job_scraped_e2860068c3,2026-09-04T15:14:07.841048Z,2026-09-06T21:22:10.962053Z,Content Marketing Manager,Ripple,"Chicago, Illinois, US",remote,Full-time,Mid-Level,,,,,USD,Marketing / PR,Marketing,,Marketing,Direct opportunity at Ripple. Apply directly via official candidate link.,https://ripple.com/careers/all-jobs/job/7660019/,active,scraped
job_scraped_e543c58f18,2026-09-04T15:14:07.841048Z,2026-09-06T21:22:10.962053Z,Lead Digital Designer,Ripple,"New York, NY, US",remote,Full-time,Lead,,,,,USD,Design / UI / UX,Design,,Design,Direct opportunity at Ripple. Apply directly via official candidate link.,https://ripple.com/careers/all-jobs/job/8008929/,active,scraped
job_scraped_403c45561f,2026-09-04T15:14:07.841048Z,2026-09-06T21:22:10.962053Z,Senior Content Marketing Specialist,Ripple,"New York, NY, US",remote,Full-time,Senior,,,,,USD,Marketing / PR,Marketing,,Marketing,Direct opportunity at Ripple. Apply directly via official candidate link.,https://ripple.com/careers/all-jobs/job/8010164/,active,scraped
job_scraped_3041d24ef1,2026-09-04T15:14:07.841048Z,2026-09-06T21:22:10.962053Z,"Senior Manager, Marketing Analytics",Ripple,"New York, NY, US",remote,Full-time,Senior,,,,,USD,Marketing / PR,Marketing,,Marketing,Direct opportunity at Ripple. Apply directly via official candidate link.,https://ripple.com/careers/all-jobs/job/7972221/,active,scraped
job_scraped_8c24a02596,2026-09-04T15:14:07.841048Z,2026-09-06T21:22:10.962053Z,Lead Technical Recruiter (Quant Engineering),Ripple,"London, UK",remote,Full-time,Lead,,,,,USD,Engineering / Development,Quantitative Analysis,,Quantitative Analysis,Direct opportunity at Ripple. Apply directly via official candidate link.,https://ripple.com/careers/all-jobs/job/7647372/,active,scraped
job_scraped_e2cc435361,2026-09-04T15:14:07.841048Z,2026-09-06T21:22:10.962053Z,"Director, Ecosystem Growth",Ripple,"New York, NY, US",remote,Full-time,Mid-Level,,,,,USD,Executive / Leadership,Executive,,Executive,Direct opportunity at Ripple. Apply directly via official candidate link.,https://ripple.com/careers/all-jobs/job/7585978/,active,scraped
job_scraped_d87f6dfe1b,2026-09-04T15:14:07.841048Z,2026-09-06T21:22:10.962053Z,Senior Sales Manager - DACH,Ripple,"London, UK",remote,Full-time,Senior,,,,,USD,Sales / Business Development,Sales,,Sales,Direct opportunity at Ripple. Apply directly via official candidate link.,https://ripple.com/careers/all-jobs/job/7972102/,active,scraped
job_scraped_edd1b4bc90,2026-09-04T15:14:07.841048Z,2026-09-06T21:22:10.962053Z,Head of Customer Success & Support,Ripple,"Chicago, Illinois, US",remote,Full-time,Lead,,,,,USD,Engineering / Development,Engineering,,Engineering,Direct opportunity at Ripple. Apply directly via official candidate link.,https://ripple.com/careers/all-jobs/job/7870749/,active,scraped
job_scraped_2f61b1f20c,2026-09-04T15:14:07.841048Z,2026-09-06T21:22:10.962053Z,Professional Services Consultant,Ripple,"San Francisco, CA, US",remote,Full-time,Mid-Level,,,,,USD,Engineering / Development,Engineering,,Engineering,Direct opportunity at Ripple. Apply directly via official candidate link.,https://ripple.com/careers/all-jobs/job/7750208/,active,scraped
job_scraped_3caff37c71,2026-09-04T15:14:07.841048Z,2026-09-06T21:22:10.962053Z,Professional Services Consultant (German-Speaking),Ripple,"Geneva, Switzerland",remote,Full-time,Mid-Level,,,,,USD,Engineering / Development,Engineering,,Engineering,Direct opportunity at Ripple. Apply directly via official candidate link.,https://ripple.com/careers/all-jobs/job/8009463/,active,scraped
job_scraped_4d6152c59b,2026-09-04T15:14:07.841048Z,2026-09-06T21:22:10.962053Z,"Professional Services Consultant, Payments",Ripple,"Chicago, Illinois, US",remote,Full-time,Mid-Level,,,,,USD,Engineering / Development,Engineering,,Engineering,Direct opportunity at Ripple. Apply directly via official candidate link.,https://ripple.com/careers/all-jobs/job/7980840/,active,scraped
job_scraped_84a97b3ca9,2026-09-04T15:14:07.841048Z,2026-09-06T21:22:10.962053Z,Staff Partner Engineer,Ripple,"San Francisco, CA, US",remote,Full-time,Lead,,,,,USD,Engineering / Development,Engineering,,Engineering,Direct opportunity at Ripple. Apply directly via official candidate link.,https://ripple.com/careers/all-jobs/job/7955223/,active,scraped
job_scraped_7fc58578c3,2026-09-04T15:14:07.841048Z,2026-09-06T21:22:10.962053Z,Python Middle Office Developer,Lmax,London | UK,remote,Full-time,Mid-Level,,,,,USD,Engineering / Development,Python,,Python,Direct opportunity at Lmax. Apply directly via official candidate link.,https://careers.lmax.com/offers/?id=CFCF17F875,active,scraped
job_scraped_2994581fb1,2026-09-04T15:14:07.841048Z,2026-09-06T21:22:10.962053Z,Software Test Engineer (C++),Lmax,London | UK,remote,Full-time,Mid-Level,,,,,USD,Engineering / Development,Engineering,,Engineering,Direct opportunity at Lmax. Apply directly via official candidate link.,https://careers.lmax.com/offers/?id=52905E0555,active,scraped
job_scraped_aa757c40e4,2026-09-04T15:14:07.841048Z,2026-09-06T21:22:10.962053Z,Senior Client Onboarding Executive,Lmax,Limassol | Cyprus,remote,Full-time,Senior,,,,,USD,Executive / Leadership,Executive,,Executive,Direct opportunity at Lmax. Apply directly via official candidate link.,https://careers.lmax.com/offers/?id=4F2A357E39,active,scraped
job_scraped_fce84a862d,2026-09-04T15:14:07.841048Z,2026-09-06T21:22:10.962053Z,Head of Windows Enterprise,Lmax,London | UK,remote,Full-time,Lead,,,,,USD,Engineering / Development,Engineering,,Engineering,Direct opportunity at Lmax. Apply directly via official candidate link.,https://careers.lmax.com/offers/?id=9BC4A295AD,active,scraped
job_scraped_a6f4fd86e4,2026-09-04T15:14:07.841048Z,2026-09-06T21:22:10.962053Z,US Compliance Lead,Lmax,New York | US,remote,Full-time,Lead,,,,,USD,Legal / Compliance,Compliance,,Compliance,Direct opportunity at Lmax. Apply directly via official candidate link.,https://careers.lmax.com/offers/?id=67C92B4C5B,active,scraped
job_scraped_8ab1e4cfb4,2026-09-04T15:14:07.841048Z,2026-09-06T21:22:10.962053Z,Payment and Settlements Analyst (Shift work based in Slough),Lmax,Slough | UK,remote,Full-time,Mid-Level,,,,,USD,Research / Economics,Research,,Research,Direct opportunity at Lmax. Apply directly via official candidate link.,https://careers.lmax.com/offers/?id=B5BC1044EB,active,scraped
job_scraped_f066133de4,2026-09-04T15:14:07.841048Z,2026-09-06T21:22:10.962053Z,People Business Partner,Lmax,London | UK,remote,Full-time,Mid-Level,,,,,USD,Engineering / Development,Engineering,,Engineering,Direct opportunity at Lmax. Apply directly via official candidate link.,https://careers.lmax.com/offers/?id=90D72F59C9,active,scraped
job_scraped_a4047d14a4,2026-09-04T15:14:07.841048Z,2026-09-06T21:22:10.962053Z,C++ Applications Developer,Lmax,London | UK,remote,Full-time,Mid-Level,,,,,USD,Engineering / Development,Engineering,,Engineering,Direct opportunity at Lmax. Apply directly via official candidate link.,https://careers.lmax.com/offers/?id=E9736C2B17,active,scraped
job_scraped_3a88e9da02,2026-09-04T15:14:07.841048Z,2026-09-06T21:22:10.962053Z,Senior Client Onboarding Executive (6 months FTC),Lmax,London | UK,remote,Full-time,Senior,,,,,USD,Executive / Leadership,Executive,,Executive,Direct opportunity at Lmax. Apply directly via official candidate link.,https://careers.lmax.com/offers/?id=E781A3D87C,active,scraped
job_scraped_a4a463bdca,2026-09-04T15:14:07.841048Z,2026-09-06T21:22:10.962053Z,Business Development & Partnerships - Dragonfly Portfolio,Dragonflycapital,Remote • Remote,remote,Full-time,Mid-Level,,,,,USD,Sales / Business Development,Sales,,Sales,Direct opportunity at Dragonflycapital. Apply directly via official candidate link.,https://jobs.gem.com/dragonfly-careers/am9icG9zdDqheBiaTQsD46britDHjh60,active,scraped
job_scraped_d398837483,2026-09-04T15:14:07.841048Z,2026-09-06T21:22:10.962053Z,Communications - Dragonfly Portfolio,Dragonflycapital,Remote • Remote,remote,Full-time,Mid-Level,,,,,USD,Marketing / PR,Marketing,,Marketing,Direct opportunity at Dragonflycapital. Apply directly via official candidate link.,https://jobs.gem.com/dragonfly-careers/4621605004,active,scraped
job_scraped_34ca43fe50,2026-09-04T15:14:07.841048Z,2026-09-06T21:22:10.962053Z,Community - Dragonfly Portfolio,Dragonflycapital,Remote • Remote,remote,Full-time,Mid-Level,,,,,USD,Community / Developer Relations,Community,,Community,Direct opportunity at Dragonflycapital. Apply directly via official candidate link.,https://jobs.gem.com/dragonfly-careers/4621595004,active,scraped
job_scraped_e4ec7d54b7,2026-09-04T15:14:07.841048Z,2026-09-06T21:22:10.962053Z,Crypto Product Manager - Dragonfly Portfolio,Dragonflycapital,New York City • Hybrid,hybrid,Full-time,Mid-Level,,,,,USD,Product Management,Product Management,,Product Management,Direct opportunity at Dragonflycapital. Apply directly via official candidate link.,https://jobs.gem.com/dragonfly-careers/am9icG9zdDq1u0csWLCcUi4VAR-Or4F9,active,scraped
job_scraped_7875587e09,2026-09-04T15:14:07.841048Z,2026-09-06T21:22:10.962053Z,CTO / Founding Engineer - Dragonfly Portfolio,Dragonflycapital,Remote • Remote,remote,Full-time,Mid-Level,,,,,USD,Engineering / Development,Engineering,,Engineering,Direct opportunity at Dragonflycapital. Apply directly via official candidate link.,https://jobs.gem.com/dragonfly-careers/am9icG9zdDqbqeFohc7Y21MASsDh1cIQ,active,scraped
job_scraped_27db1ac59c,2026-09-04T15:14:07.841048Z,2026-09-06T21:22:10.962053Z,Developer Relations - Dragonfly Portfolio,Dragonflycapital,Remote • Remote,remote,Full-time,Mid-Level,,,,,USD,Engineering / Development,Engineering,,Engineering,Direct opportunity at Dragonflycapital. Apply directly via official candidate link.,https://jobs.gem.com/dragonfly-careers/am9icG9zdDpO6dT7qgGjV4wGo6zsonxo,active,scraped
job_scraped_f93b4e2ef8,2026-09-04T15:14:07.841048Z,2026-09-06T21:22:10.962053Z,Enterprise Sales & Account Management - Dragonfly Portfolio,Dragonflycapital,"San Francisco, New York City • Remote",remote,Full-time,Mid-Level,,,,,USD,Sales / Business Development,Sales,,Sales,Direct opportunity at Dragonflycapital. Apply directly via official candidate link.,https://jobs.gem.com/dragonfly-careers/am9icG9zdDrUqPkN_uoMPsPl034KkQYt,active,scraped
job_scraped_72207890de,2026-09-04T15:14:07.841048Z,2026-09-06T21:22:10.962053Z,Executive - Dragonfly Portfolio,Dragonflycapital,Remote • Remote,remote,Full-time,Mid-Level,,,,,USD,Executive / Leadership,Executive,,Executive,Direct opportunity at Dragonflycapital. Apply directly via official candidate link.,https://jobs.gem.com/dragonfly-careers/4621640004,active,scraped
job_scraped_7622dac229,2026-09-04T15:14:07.841048Z,2026-09-06T21:22:10.962053Z,Finance - Dragonfly Portfolio,Dragonflycapital,Remote • Remote,remote,Full-time,Mid-Level,,,,,USD,Finance / Accounting,Finance,,Finance,Direct opportunity at Dragonflycapital. Apply directly via official candidate link.,https://jobs.gem.com/dragonfly-careers/4621649004,active,scraped
job_scraped_86cb84b94c,2026-09-04T15:14:07.841048Z,2026-09-06T21:22:10.962053Z,Founding Designer - Dragonfly Portfolio,Dragonflycapital,New York City • Hybrid,hybrid,Full-time,Mid-Level,,,,,USD,Design / UI / UX,Design,,Design,Direct opportunity at Dragonflycapital. Apply directly via official candidate link.,https://jobs.gem.com/dragonfly-careers/4621632004,active,scraped
job_scraped_883b0464ff,2026-09-04T15:14:07.841048Z,2026-09-06T21:22:10.962053Z,General Application - Dragonfly Portfolio,Dragonflycapital,"San Francisco, New York City, London • In office, Remote",remote,Full-time,Mid-Level,,,,,USD,Engineering / Development,Engineering,,Engineering,Direct opportunity at Dragonflycapital. Apply directly via official candidate link.,https://jobs.gem.com/dragonfly-careers/4621657004,active,scraped
job_scraped_7f1caac9a6,2026-09-04T15:14:07.841048Z,2026-09-06T21:22:10.962053Z,Growth - Dragonfly Portfolio,Dragonflycapital,Remote • Remote,remote,Full-time,Mid-Level,,,,,USD,Engineering / Development,Engineering,,Engineering,Direct opportunity at Dragonflycapital. Apply directly via official candidate link.,https://jobs.gem.com/dragonfly-careers/4621581004,active,scraped
job_scraped_887c5ad775,2026-09-04T15:14:07.841048Z,2026-09-06T21:22:10.962053Z,Growth (Crypto/Web3) - Dragonfly Portfolio,Dragonflycapital,"Remote, APAC • Remote",remote,Full-time,Mid-Level,,,,,USD,Engineering / Development,Engineering,,Engineering,Direct opportunity at Dragonflycapital. Apply directly via official candidate link.,https://jobs.gem.com/dragonfly-careers/am9icG9zdDrppJfNGtJcTbMWh9zJbtQR,active,scraped
job_scraped_dbbecdbb28,2026-09-04T15:14:07.841048Z,2026-09-06T21:22:10.962053Z,Head of Security - Dragonfly Portfolio,Dragonflycapital,"APAC, EMEA • Remote",remote,Full-time,Lead,,,,,USD,Security,Security,,Security,Direct opportunity at Dragonflycapital. Apply directly via official candidate link.,https://jobs.gem.com/dragonfly-careers/am9icG9zdDp0Eqsmpv9F_epSsy62x2Xv,active,scraped
job_scraped_c83a919afe,2026-09-04T15:14:07.841048Z,2026-09-06T21:22:10.962053Z,Legal - Dragonfly Portfolio,Dragonflycapital,Remote • Remote,remote,Full-time,Mid-Level,,,,,USD,Legal / Compliance,Legal,,Legal,Direct opportunity at Dragonflycapital. Apply directly via official candidate link.,https://jobs.gem.com/dragonfly-careers/4621662004,active,scraped
job_scraped_4bee82d0b4,2026-09-04T15:14:07.841048Z,2026-09-06T21:22:10.962053Z,Marketing - Dragonfly Portfolio,Dragonflycapital,Remote • Remote,remote,Full-time,Mid-Level,,,,,USD,Marketing / PR,Marketing,,Marketing,Direct opportunity at Dragonflycapital. Apply directly via official candidate link.,https://jobs.gem.com/dragonfly-careers/am9icG9zdDoyRAtmEUVt56aObYJQNj-x,active,scraped
job_scraped_e3637220c9,2026-09-04T15:14:07.841048Z,2026-09-06T21:22:10.962053Z,Operations - Dragonfly Portfolio,Dragonflycapital,Remote • Remote,remote,Full-time,Mid-Level,,,,,USD,Operations / Strategy,Operations,,Operations,Direct opportunity at Dragonflycapital. Apply directly via official candidate link.,https://jobs.gem.com/dragonfly-careers/4621665004,active,scraped
job_scraped_4b4e55ba30,2026-09-04T15:14:07.841048Z,2026-09-06T21:22:10.962053Z,People Operations Manager - Dragonfly Portfolio,Dragonflycapital,New York City • In office,remote,Full-time,Mid-Level,,,,,USD,Operations / Strategy,Operations,,Operations,Direct opportunity at Dragonflycapital. Apply directly via official candidate link.,https://jobs.gem.com/dragonfly-careers/am9icG9zdDrmIlbng_9cPWLStwjpcs8Y,active,scraped
job_scraped_80497c8308,2026-09-04T15:14:07.841048Z,2026-09-06T21:22:10.962053Z,People Ops - Dragonfly Portfolio,Dragonflycapital,New York City • Hybrid,hybrid,Full-time,Mid-Level,,,,,USD,HR / Recruiting,HR,,HR,Direct opportunity at Dragonflycapital. Apply directly via official candidate link.,https://jobs.gem.com/dragonfly-careers/4621670004,active,scraped
job_scraped_ac24e99c67,2026-09-04T15:14:07.841048Z,2026-09-06T21:22:10.962053Z,Product - Dragonfly Portfolio,Dragonflycapital,New York City • Hybrid,hybrid,Full-time,Mid-Level,,,,,USD,Engineering / Development,Product Management,,Product Management,Direct opportunity at Dragonflycapital. Apply directly via official candidate link.,https://jobs.gem.com/dragonfly-careers/4621539004,active,scraped
job_scraped_5480b3e7d2,2026-09-04T15:14:07.841048Z,2026-09-06T21:22:10.962053Z,Senior Frontend Engineer - Dragonfly Portfolio,Dragonflycapital,Remote • Remote,remote,Full-time,Senior,,,,,USD,Engineering / Development,Engineering,,Engineering,Direct opportunity at Dragonflycapital. Apply directly via official candidate link.,https://jobs.gem.com/dragonfly-careers/am9icG9zdDo7RfOsvPAxnbR5C_2fAM2Y,active,scraped
job_scraped_1a8a93c7a9,2026-09-04T15:14:07.841048Z,2026-09-06T21:22:10.962053Z,Senior Staff Engineer (Crypto/Web3) - Dragonfly Portfolio,Dragonflycapital,"Remote, San Francisco, New York City • Hybrid, Remote",hybrid,Full-time,Lead,,,,,USD,Engineering / Development,Engineering,,Engineering,Direct opportunity at Dragonflycapital. Apply directly via official candidate link.,https://jobs.gem.com/dragonfly-careers/am9icG9zdDpy9dlxXvZ4hM8P_jQi9Om0,active,scraped
job_scraped_48b3aa9555,2026-09-04T15:14:07.841048Z,2026-09-06T21:22:10.962053Z,Smart Contract Engineer (Solana) - Dragonfly Portfolio,Dragonflycapital,US (Remote) • Remote,remote,Full-time,Mid-Level,,,,,USD,Smart Contracts / Auditing,Solana,,Solana,Direct opportunity at Dragonflycapital. Apply directly via official candidate link.,https://jobs.gem.com/dragonfly-careers/am9icG9zdDrr7cT3vq1b_2T7de38K3Mq,active,scraped
job_scraped_e34efd9aac,2026-09-04T15:14:07.841048Z,2026-09-06T21:22:10.962053Z,Social Media Manager (Crypto/Web3) - Dragonfly Portfolio,Dragonflycapital,Remote • Remote,remote,Full-time,Mid-Level,,,,,USD,Marketing / PR,Marketing,,Marketing,Direct opportunity at Dragonflycapital. Apply directly via official candidate link.,https://jobs.gem.com/dragonfly-careers/am9icG9zdDocAChEiUfz5y8oV-hU0PbS,active,scraped
job_scraped_a6161f7055,2026-09-04T15:14:07.841048Z,2026-09-06T21:22:10.962053Z,Software Engineer - Dragonfly Portfolio,Dragonflycapital,San Francisco • In office,hybrid,Full-time,Mid-Level,,,,,USD,Engineering / Development,Engineering,,Engineering,Direct opportunity at Dragonflycapital. Apply directly via official candidate link.,https://jobs.gem.com/dragonfly-careers/am9icG9zdDo-v87CBFMHkdFvuWdnMRGs,active,scraped
job_scraped_601146da49,2026-09-04T15:14:07.841048Z,2026-09-06T21:22:10.962053Z,Investor / Partner — USA Deal Team (Early-Stage),Dragonflycapital,New York City • In office,remote,Full-time,Mid-Level,,,,,USD,Engineering / Development,Engineering,,Engineering,Direct opportunity at Dragonflycapital. Apply directly via official candidate link.,https://jobs.gem.com/dragonfly-careers/5138159004,active,scraped
job_scraped_7c70a7b7d0,2026-09-04T15:14:07.841048Z,2026-09-06T21:22:10.962053Z,Investor / Partner — USA Deal Team (Growth),Dragonflycapital,New York City • In office,remote,Full-time,Mid-Level,,,,,USD,Engineering / Development,Engineering,,Engineering,Direct opportunity at Dragonflycapital. Apply directly via official candidate link.,https://jobs.gem.com/dragonfly-careers/am9icG9zdDrBPEr3-ZMLYJUXRQe8KJAI,active,scraped
job_scraped_bc34b1ddb9,2026-09-04T15:14:07.841048Z,2026-09-06T21:22:10.962053Z,Senior Enterprise Infrastructure Engineer,Gemini,"Tempe, Arizona",remote,Full-time,Senior,,,,,USD,Engineering / Development,Engineering,,Engineering,Direct opportunity at Gemini. Apply directly via official candidate link.,https://boards.greenhouse.io/embed/job_app?for=gemini&token=7743177,active,scraped
job_scraped_59b14f56ab,2026-09-04T15:14:07.841048Z,2026-09-06T21:22:10.962053Z,Junior Brand Designer (Social),Gemini,New York,remote,Full-time,Junior,,,,,USD,Design / UI / UX,Design,,Design,Direct opportunity at Gemini. Apply directly via official candidate link.,https://boards.greenhouse.io/embed/job_app?for=gemini&token=7955267,active,scraped
job_scraped_7cf4f165d0,2026-09-04T15:14:07.841048Z,2026-09-06T21:22:10.962053Z,"Manager, Brand Design Engineering",Gemini,New York,remote,Full-time,Mid-Level,,,,,USD,Engineering / Development,Engineering,,Engineering,Direct opportunity at Gemini. Apply directly via official candidate link.,https://boards.greenhouse.io/embed/job_app?for=gemini&token=7951195,active,scraped
job_scraped_c6b50bc6d9,2026-09-04T15:14:07.841048Z,2026-09-06T21:22:10.962053Z,Senior Product Designer,Gemini,New York,remote,Full-time,Senior,,,,,USD,Design / UI / UX,Product Management,,Product Management,Direct opportunity at Gemini. Apply directly via official candidate link.,https://boards.greenhouse.io/embed/job_app?for=gemini&token=7811967,active,scraped
job_scraped_be45a6c760,2026-09-04T15:14:07.841048Z,2026-09-06T21:22:10.962053Z,Senior Accountant,Gemini,Remote (USA),remote,Full-time,Senior,,,,,USD,Engineering / Development,Engineering,,Engineering,Direct opportunity at Gemini. Apply directly via official candidate link.,https://boards.greenhouse.io/embed/job_app?for=gemini&token=7977282,active,scraped
job_scraped_1b84e0aec1,2026-09-04T15:14:07.841048Z,2026-09-06T21:22:10.962053Z,"Head of Compliance, Gemini Galactic Markets, LLC",Gemini,New York,remote,Full-time,Lead,,,,,USD,Legal / Compliance,Compliance,,Compliance,Direct opportunity at Gemini. Apply directly via official candidate link.,https://boards.greenhouse.io/embed/job_app?for=gemini&token=7905022,active,scraped
job_scraped_24b2416d37,2026-09-04T15:14:07.841048Z,2026-09-06T21:22:10.962053Z,"Associate, Growth Marketing (Advanced Trading Products)",Gemini,New York,remote,Full-time,Mid-Level,,,,,USD,Marketing / PR,Trading|Marketing|Product Management,,Trading|Marketing|Product Management,Direct opportunity at Gemini. Apply directly via official candidate link.,https://boards.greenhouse.io/embed/job_app?for=gemini&token=7951043,active,scraped
job_scraped_28a390de1e,2026-09-04T15:14:07.841048Z,2026-09-06T21:22:10.962053Z,Senior Fraud Strategist,Gemini,New York,remote,Full-time,Senior,,,,,USD,Engineering / Development,Engineering,,Engineering,Direct opportunity at Gemini. Apply directly via official candidate link.,https://boards.greenhouse.io/embed/job_app?for=gemini&token=7905301,active,scraped
job_scraped_c2c875385a,2026-09-04T15:14:07.841048Z,2026-09-06T21:22:10.962053Z,Senior Application Security Engineer,Gemini,New York,remote,Full-time,Senior,,,,,USD,Engineering / Development,Engineering,,Engineering,Direct opportunity at Gemini. Apply directly via official candidate link.,https://boards.greenhouse.io/embed/job_app?for=gemini&token=7833599,active,scraped
job_scraped_c7eb703c29,2026-09-04T15:14:07.841048Z,2026-09-06T21:22:10.962053Z,Senior Platform Security Engineer,Gemini,New York,remote,Full-time,Senior,,,,,USD,Engineering / Development,Engineering,,Engineering,Direct opportunity at Gemini. Apply directly via official candidate link.,https://boards.greenhouse.io/embed/job_app?for=gemini&token=7905052,active,scraped
job_scraped_2f48b538b2,2026-09-04T15:14:07.841048Z,2026-09-06T21:22:10.962053Z,Staff Platform Security Engineer,Gemini,New York,remote,Full-time,Lead,,,,,USD,Engineering / Development,Engineering,,Engineering,Direct opportunity at Gemini. Apply directly via official candidate link.,https://boards.greenhouse.io/embed/job_app?for=gemini&token=7905050,active,scraped
job_scraped_f9e3b05c4c,2026-09-04T15:14:07.841048Z,2026-09-06T21:22:10.962053Z,"Senior Software Engineer, Predictions (Mobile)",Gemini,New York,remote,Full-time,Senior,,,,,USD,Engineering / Development,Engineering,,Engineering,Direct opportunity at Gemini. Apply directly via official candidate link.,https://boards.greenhouse.io/embed/job_app?for=gemini&token=7846814,active,scraped
job_scraped_0aba9462ba,2026-09-04T15:14:07.841048Z,2026-09-06T21:22:10.962053Z,UX/UI Designer,Trojan-trading,"Remote - European time zones, Remote - US • Remote",remote,Full-time,Mid-Level,,,,,USD,Design / UI / UX,Design,,Design,Direct opportunity at Trojan-trading. Apply directly via official candidate link.,https://jobs.gem.com/trojan-trading/am9icG9zdDrlVxRNcQf-WW79oAiq-cUR,active,scraped
job_scraped_ba2661d322,2026-09-04T15:14:07.841048Z,2026-09-06T21:22:10.962053Z,Backend Engineer,Trojan-trading,Remote - US • Remote,remote,Full-time,Mid-Level,,,,,USD,Engineering / Development,Engineering,,Engineering,Direct opportunity at Trojan-trading. Apply directly via official candidate link.,https://jobs.gem.com/trojan-trading/am9icG9zdDrAK2aGvNgb-IWefsAppATv,active,scraped
job_scraped_75a297092e,2026-09-04T15:14:07.841048Z,2026-09-06T21:22:10.962053Z,"Principal Engineer, Frontend",Trojan-trading,"Remote - European time zones, Remote - US • Remote",remote,Full-time,Lead,,,,,USD,Engineering / Development,Engineering,,Engineering,Direct opportunity at Trojan-trading. Apply directly via official candidate link.,https://jobs.gem.com/trojan-trading/am9icG9zdDrc8Flx7smfR5vXM2LbROnf,active,scraped
job_scraped_ad1596829d,2026-09-04T15:14:07.841048Z,2026-09-06T21:22:10.962053Z,Senior Platform Engineer,Trojan-trading,"Remote - European time zones, Remote - US • Remote",remote,Full-time,Senior,,,,,USD,Engineering / Development,Engineering,,Engineering,Direct opportunity at Trojan-trading. Apply directly via official candidate link.,https://jobs.gem.com/trojan-trading/am9icG9zdDrnCZ5JL0SClfzDgeW9J_Bp,active,scraped
job_scraped_ea309a4537,2026-09-04T15:14:07.841048Z,2026-09-06T21:22:10.962053Z,Staff Backend Engineer,Trojan-trading,Remote - US • Remote,remote,Full-time,Lead,,,,,USD,Engineering / Development,Engineering,,Engineering,Direct opportunity at Trojan-trading. Apply directly via official candidate link.,https://jobs.gem.com/trojan-trading/am9icG9zdDqqgFsHp5hKqd8i6fd2SoZz,active,scraped
job_scraped_c090164f72,2026-09-04T15:14:07.841048Z,2026-09-06T21:22:10.962053Z,Technical Project Manager,Trojan-trading,"Remote - European time zones, Remote - US • Remote",remote,Full-time,Mid-Level,,,,,USD,Engineering / Development,Engineering,,Engineering,Direct opportunity at Trojan-trading. Apply directly via official candidate link.,https://jobs.gem.com/trojan-trading/am9icG9zdDrT7W4vSkgg-QQ4p2UNQRBe,active,scraped
job_scraped_d6cd453515,2026-09-04T15:14:07.841048Z,2026-09-06T21:22:10.962053Z,Senior Application Security Engineer,Consensys,"US - Remote, EMEA - Remote",remote,Full-time,Senior,,,,,USD,Engineering / Development,Engineering,,Engineering,Direct opportunity at Consensys. Apply directly via official candidate link.,https://consensys.io/open-roles/7743627,active,scraped
job_scraped_2feca96b13,2026-09-04T15:14:07.841048Z,2026-09-06T21:22:10.962053Z,Senior Design Engineer - MetaMask,Consensys,"United States - Remote, EMEA - Remote",remote,Full-time,Senior,,,,,USD,Engineering / Development,Engineering,,Engineering,Direct opportunity at Consensys. Apply directly via official candidate link.,https://consensys.io/open-roles/7256954,active,scraped
job_scraped_a947ceb2f4,2026-09-04T15:14:07.841048Z,2026-09-06T21:22:10.962053Z,"Senior Frontend Developer (React, TypeScript)",Freedx,On-site,onsite,Full-time,Senior,,,,,USD,Engineering / Development,TypeScript|React.js,,TypeScript|React.js,Direct opportunity at Freedx. Apply directly via official candidate link.,https://apply.workable.com/freedx/j/BF772BEB44/,active,scraped
job_scraped_67058c9703,2026-09-04T15:14:07.841048Z,2026-09-06T21:22:10.962053Z,Senior DevOps Engineer,Freedx,Remote,remote,Full-time,Senior,,,,,USD,Engineering / Development,Engineering,,Engineering,Direct opportunity at Freedx. Apply directly via official candidate link.,https://apply.workable.com/freedx/j/EEEF889254/,active,scraped
job_scraped_7b0435d1f5,2026-09-04T15:14:07.841048Z,2026-09-06T21:22:10.962053Z,Business Analyst (Middle / Senior) - Trading Team (CEX),Freedx,Remote,remote,Full-time,Senior,,,,,USD,Finance / Accounting,Trading,,Trading,Direct opportunity at Freedx. Apply directly via official candidate link.,https://apply.workable.com/freedx/j/2F76FAD2AA/,active,scraped
job_scraped_bfdf154354,2026-09-04T15:14:07.841048Z,2026-09-06T21:22:10.962053Z,Senior Trading Behavior & Flow Risk Analyst,Freedx,Remote,remote,Full-time,Senior,,,,,USD,Finance / Accounting,Trading,,Trading,Direct opportunity at Freedx. Apply directly via official candidate link.,https://apply.workable.com/freedx/j/53837BBE09/,active,scraped
job_scraped_01140e3b3b,2026-09-04T15:14:07.841048Z,2026-09-06T21:22:10.962053Z,Chief of Staff,Freedx,Remote,remote,Full-time,Lead,,,,,USD,Executive / Leadership,Executive,,Executive,Direct opportunity at Freedx. Apply directly via official candidate link.,https://apply.workable.com/freedx/j/39265FB3F3/,active,scraped
job_scraped_bc8aba9dfb,2026-09-04T15:14:07.841048Z,2026-09-06T21:22:10.962053Z,Python Trading Research Analyst,Freedx,Remote,remote,Full-time,Mid-Level,,,,,USD,Finance / Accounting,Python|Trading,,Python|Trading,Direct opportunity at Freedx. Apply directly via official candidate link.,https://apply.workable.com/freedx/j/C5153916B3/,active,scraped
job_scraped_a8f1d6b071,2026-09-04T15:14:07.841048Z,2026-09-06T21:22:10.962053Z,Chief Information Security Officer,Freedx,Remote,remote,Full-time,Mid-Level,,,,,USD,Security,Security,,Security,Direct opportunity at Freedx. Apply directly via official candidate link.,https://apply.workable.com/freedx/j/AE04AB6167/,active,scraped
job_scraped_b703e3ab21,2026-09-04T15:14:07.841048Z,2026-09-06T21:22:10.962053Z,Senior .Net Developer,Freedx,Remote,remote,Full-time,Senior,,,,,USD,Engineering / Development,Engineering,,Engineering,Direct opportunity at Freedx. Apply directly via official candidate link.,https://apply.workable.com/freedx/j/5F89C83877/,active,scraped
job_scraped_a01bc06b0e,2026-09-04T15:14:07.841048Z,2026-09-06T21:22:10.962053Z,Linux System Engineer,Crypto-finance,Hybrid,hybrid,Full-time,Mid-Level,,,,,USD,Engineering / Development,Engineering,,Engineering,Direct opportunity at Crypto-finance. Apply directly via official candidate link.,https://apply.workable.com/crypto-finance/j/CC933BBD7A/,active,scraped
job_scraped_6c5e8b720c,2026-09-04T15:14:07.841048Z,2026-09-06T21:22:10.962053Z,Executive Assistant,Crypto-finance,On-site,onsite,Full-time,Mid-Level,,,,,USD,Executive / Leadership,Executive,,Executive,Direct opportunity at Crypto-finance. Apply directly via official candidate link.,https://apply.workable.com/crypto-finance/j/68048B13B0/,active,scraped
job_scraped_fb7da7f7ba,2026-09-04T15:14:07.841048Z,2026-09-06T21:22:10.962053Z,Senior Legal Counsel,Crypto-finance,On-site,onsite,Full-time,Senior,,,,,USD,Legal / Compliance,Legal,,Legal,Direct opportunity at Crypto-finance. Apply directly via official candidate link.,https://apply.workable.com/crypto-finance/j/29C4B346FA/,active,scraped
job_scraped_28e9d0dd4f,2026-09-04T15:14:07.841048Z,2026-09-06T21:22:10.962053Z,Application Manager - Trading,Crypto-finance,On-site,onsite,Full-time,Mid-Level,,,,,USD,Finance / Accounting,Trading,,Trading,Direct opportunity at Crypto-finance. Apply directly via official candidate link.,https://apply.workable.com/crypto-finance/j/B2ADF0BD4D/,active,scraped
job_scraped_5b1c17438a,2026-09-04T15:14:07.841048Z,2026-09-06T21:22:10.962053Z,Senior Compliance Officer,Crypto-finance,On-site,onsite,Full-time,Senior,,,,,USD,Legal / Compliance,Compliance,,Compliance,Direct opportunity at Crypto-finance. Apply directly via official candidate link.,https://apply.workable.com/crypto-finance/j/DA61F3F30E/,active,scraped
job_scraped_cf63a61c6b,2026-09-04T15:14:07.841048Z,2026-09-06T21:22:10.962053Z,AI Engineer,Crypto-finance,Hybrid,hybrid,Full-time,Mid-Level,,,,,USD,Engineering / Development,Engineering,,Engineering,Direct opportunity at Crypto-finance. Apply directly via official candidate link.,https://apply.workable.com/crypto-finance/j/246F62C4FF/,active,scraped
job_scraped_a13ae8e43a,2026-09-04T15:14:07.841048Z,2026-09-06T21:22:10.962053Z,Deputy CCO - Sanctions Officer,Robinhood,"Vilnius, Lithuania",remote,Full-time,Mid-Level,,,,,USD,Legal / Compliance,Legal,,Legal,Direct opportunity at Robinhood. Apply directly via official candidate link.,https://boards.greenhouse.io/robinhood/jobs/7914059?gh_src=NaN&gh_jid=7914059,active,scraped
job_scraped_3a6ccd3bb0,2026-09-04T15:14:07.841048Z,2026-09-06T21:22:10.962053Z,"Customer Experience Representative, Active Trader",Robinhood,"Chicago, IL; Denver, CO; Westlake, TX",remote,Full-time,Mid-Level,,,,,USD,Finance / Accounting,Finance,,Finance,Direct opportunity at Robinhood. Apply directly via official candidate link.,https://boards.greenhouse.io/robinhood/jobs/8011599?gh_src=NaN&gh_jid=8011599,active,scraped
job_scraped_9cf603049c,2026-09-04T15:14:07.841048Z,2026-09-06T21:22:10.962053Z,"Customer Experience Representative, Advanced Services",Robinhood,"Chicago, IL; Denver, CO; Westlake, TX",remote,Full-time,Mid-Level,,,,,USD,Engineering / Development,Engineering,,Engineering,Direct opportunity at Robinhood. Apply directly via official candidate link.,https://boards.greenhouse.io/robinhood/jobs/7958747?gh_src=NaN&gh_jid=7958747,active,scraped
job_scraped_4c275592f9,2026-09-04T15:14:07.841048Z,2026-09-06T21:22:10.962053Z,"Customer Experience Representative, Concierge",Robinhood,"Chicago, IL; Denver, CO; Westlake, TX",remote,Full-time,Mid-Level,,,,,USD,Engineering / Development,Engineering,,Engineering,Direct opportunity at Robinhood. Apply directly via official candidate link.,https://boards.greenhouse.io/robinhood/jobs/7958748?gh_src=NaN&gh_jid=7958748,active,scraped
job_scraped_4d1b1739d8,2026-09-04T15:14:07.841048Z,2026-09-06T21:22:10.962053Z,"Customer Experience Representative, Core Services",Robinhood,"Chicago, IL; Denver, CO; Westlake, TX",remote,Full-time,Mid-Level,,,,,USD,Engineering / Development,Engineering,,Engineering,Direct opportunity at Robinhood. Apply directly via official candidate link.,https://boards.greenhouse.io/robinhood/jobs/7958750?gh_src=NaN&gh_jid=7958750,active,scraped
job_scraped_04b62e604e,2026-09-04T15:14:07.841048Z,2026-09-06T21:22:10.962053Z,"Customer Experience Specialist, Executive Office",Robinhood,"Chicago, IL; Denver, CO; Westlake, TX",remote,Full-time,Mid-Level,,,,,USD,Executive / Leadership,Executive,,Executive,Direct opportunity at Robinhood. Apply directly via official candidate link.,https://boards.greenhouse.io/robinhood/jobs/7982916?gh_src=NaN&gh_jid=7982916,active,scraped
job_scraped_4c468fe906,2026-09-04T15:14:07.841048Z,2026-09-06T21:22:10.962053Z,Customer Experience Team Lead,Robinhood,"Denver, CO; Westlake, TX",remote,Full-time,Lead,,,,,USD,Engineering / Development,Engineering,,Engineering,Direct opportunity at Robinhood. Apply directly via official candidate link.,https://boards.greenhouse.io/robinhood/jobs/7729424?gh_src=NaN&gh_jid=7729424,active,scraped
job_scraped_021d9ba0ad,2026-09-04T15:14:07.841048Z,2026-09-06T21:22:10.962053Z,Machine Learning Engineer,Robinhood,"Bellevue, WA",remote,Full-time,Mid-Level,,,,,USD,Engineering / Development,Engineering,,Engineering,Direct opportunity at Robinhood. Apply directly via official candidate link.,https://boards.greenhouse.io/robinhood/jobs/7960680?gh_src=NaN&gh_jid=7960680,active,scraped
job_scraped_51ca8984d5,2026-09-04T15:14:07.841048Z,2026-09-06T21:22:10.962053Z,"Senior Software Engineer, Data Engineering",Robinhood,"Menlo Park, CA",remote,Full-time,Senior,,,,,USD,Engineering / Development,Engineering,,Engineering,Direct opportunity at Robinhood. Apply directly via official candidate link.,https://boards.greenhouse.io/robinhood/jobs/4738660?gh_src=NaN&gh_jid=4738660,active,scraped
job_scraped_834d324411,2026-09-04T15:14:07.841048Z,2026-09-06T21:22:10.962053Z,"Staff Data Scientist, ML (Credit Risk)",Robinhood,"Menlo Park, CA; New York, NY; Washington, DC",remote,Full-time,Lead,,,,,USD,Research / Economics,Research,,Research,Direct opportunity at Robinhood. Apply directly via official candidate link.,https://boards.greenhouse.io/robinhood/jobs/7997218?gh_src=NaN&gh_jid=7997218,active,scraped
job_scraped_f53fb5d4cf,2026-09-04T15:14:07.841048Z,2026-09-06T21:22:10.962053Z,"Product Designer, Redesign",Robinhood,"Menlo Park, CA; New York, NY",remote,Full-time,Mid-Level,,,,,USD,Design / UI / UX,Product Management,,Product Management,Direct opportunity at Robinhood. Apply directly via official candidate link.,https://boards.greenhouse.io/robinhood/jobs/6494244?gh_src=NaN&gh_jid=6494244,active,scraped
job_scraped_cb8ddfa7db,2026-09-04T15:14:07.841048Z,2026-09-06T21:22:10.962053Z,Senior Product Designer,Robinhood,"Menlo Park, CA; New York, NY",remote,Full-time,Senior,,,,,USD,Design / UI / UX,Product Management,,Product Management,Direct opportunity at Robinhood. Apply directly via official candidate link.,https://boards.greenhouse.io/robinhood/jobs/7490017?gh_src=NaN&gh_jid=7490017,active,scraped
job_scraped_46afbb9e3b,2026-09-04T15:14:07.841048Z,2026-09-06T21:22:10.962053Z,"Staff Product Designer, Brokerage",Robinhood,"Menlo Park, CA; New York, NY",remote,Full-time,Lead,,,,,USD,Design / UI / UX,Product Management,,Product Management,Direct opportunity at Robinhood. Apply directly via official candidate link.,https://boards.greenhouse.io/robinhood/jobs/7804648?gh_src=NaN&gh_jid=7804648,active,scraped
job_scraped_d318d93ad6,2026-09-04T15:14:07.841048Z,2026-09-06T21:22:10.962053Z,"Deal Lead, Robinhood Ventures",Robinhood,"Menlo Park, CA",remote,Full-time,Lead,,,,,USD,Engineering / Development,Engineering,,Engineering,Direct opportunity at Robinhood. Apply directly via official candidate link.,https://boards.greenhouse.io/robinhood/jobs/7685092?gh_src=NaN&gh_jid=7685092,active,scraped
job_scraped_a69ad2e121,2026-09-04T15:14:07.841048Z,2026-09-06T21:22:10.962053Z,Finance & Strategy Senior Analyst,Robinhood,"Menlo Park, CA",remote,Full-time,Senior,,,,,USD,Finance / Accounting,Finance,,Finance,Direct opportunity at Robinhood. Apply directly via official candidate link.,https://boards.greenhouse.io/robinhood/jobs/7456663?gh_src=NaN&gh_jid=7456663,active,scraped
job_scraped_486ec63226,2026-09-04T15:14:07.841048Z,2026-09-06T21:22:10.962053Z,"Senior Software Developer, Kubernetes Compute",Robinhood,"Toronto, Canada",remote,Full-time,Senior,,,,,USD,Engineering / Development,Engineering,,Engineering,Direct opportunity at Robinhood. Apply directly via official candidate link.,https://boards.greenhouse.io/robinhood/jobs/7871254?gh_src=NaN&gh_jid=7871254,active,scraped
job_scraped_48517a8c2a,2026-09-04T15:14:07.841048Z,2026-09-06T21:22:10.962053Z,Senior Software Engineer - Robinhood Command Center,Robinhood,"Menlo Park, CA",remote,Full-time,Senior,,,,,USD,Engineering / Development,Engineering,,Engineering,Direct opportunity at Robinhood. Apply directly via official candidate link.,https://boards.greenhouse.io/robinhood/jobs/7838644?gh_src=NaN&gh_jid=7838644,active,scraped
job_scraped_c52b9c9c78,2026-09-04T15:14:07.841048Z,2026-09-06T21:22:10.962053Z,"Senior Software Engineer, Robinhood Command Center",Robinhood,"New York, NY",remote,Full-time,Senior,,,,,USD,Engineering / Development,Engineering,,Engineering,Direct opportunity at Robinhood. Apply directly via official candidate link.,https://boards.greenhouse.io/robinhood/jobs/7993511?gh_src=NaN&gh_jid=7993511,active,scraped
job_scraped_9218db8050,2026-09-04T15:14:07.841048Z,2026-09-06T21:22:10.962053Z,"Senior Staff Software Engineer, Data Platform",Robinhood,"Bellevue, WA",remote,Full-time,Lead,,,,,USD,Engineering / Development,Engineering,,Engineering,Direct opportunity at Robinhood. Apply directly via official candidate link.,https://boards.greenhouse.io/robinhood/jobs/7729014?gh_src=NaN&gh_jid=7729014,active,scraped
job_scraped_2d7b4920a9,2026-09-04T15:14:07.841048Z,2026-09-06T21:22:10.962053Z,"Assistant General Counsel, Credit Cards",Robinhood,"Menlo Park, CA; New York, NY; Washington, DC",remote,Full-time,Mid-Level,,,,,USD,Legal / Compliance,Legal,,Legal,Direct opportunity at Robinhood. Apply directly via official candidate link.,https://boards.greenhouse.io/robinhood/jobs/7943204?gh_src=NaN&gh_jid=7943204,active,scraped
job_scraped_d345f26619,2026-09-04T15:14:07.841048Z,2026-09-06T21:22:10.962053Z,Senior Underwriting Associate,Robinhood,"Chicago, IL; Denver, CO; Lake Mary, FL; New York, NY",remote,Full-time,Senior,,,,,USD,Engineering / Development,Engineering,,Engineering,Direct opportunity at Robinhood. Apply directly via official candidate link.,https://boards.greenhouse.io/robinhood/jobs/7979657?gh_src=NaN&gh_jid=7979657,active,scraped
job_scraped_62541d4593,2026-09-04T15:14:07.841048Z,2026-09-06T21:22:10.962053Z,"Senior Product Manager, Government Products",Robinhood,"New York, NY",remote,Full-time,Senior,,,,,USD,Product Management,Product Management,,Product Management,Direct opportunity at Robinhood. Apply directly via official candidate link.,https://boards.greenhouse.io/robinhood/jobs/7968044?gh_src=NaN&gh_jid=7968044,active,scraped
job_scraped_9cb320aab9,2026-09-04T15:14:07.841048Z,2026-09-06T21:22:10.962053Z,"Senior Product Manager, Money Movement",Robinhood,"Menlo Park, CA",remote,Full-time,Senior,,,,,USD,Product Management,Product Management,,Product Management,Direct opportunity at Robinhood. Apply directly via official candidate link.,https://boards.greenhouse.io/robinhood/jobs/7747728?gh_src=NaN&gh_jid=7747728,active,scraped
job_scraped_59bc47a991,2026-09-04T15:14:07.841048Z,2026-09-06T21:22:10.962053Z,"Quality Engineer, iOS/Android",Robinhood,"Toronto, Canada",remote,Full-time,Mid-Level,,,,,USD,Engineering / Development,Engineering,,Engineering,Direct opportunity at Robinhood. Apply directly via official candidate link.,https://boards.greenhouse.io/robinhood/jobs/7739588?gh_src=NaN&gh_jid=7739588,active,scraped
job_scraped_9a93c7f569,2026-09-04T15:14:07.841048Z,2026-09-06T21:22:10.962053Z,"Security Engineer, AI Vulnerability Management",Robinhood,"Menlo Park, CA",remote,Full-time,Mid-Level,,,,,USD,Engineering / Development,Engineering,,Engineering,Direct opportunity at Robinhood. Apply directly via official candidate link.,https://boards.greenhouse.io/robinhood/jobs/7939818?gh_src=NaN&gh_jid=7939818,active,scraped
job_scraped_cf56377c78,2026-09-04T15:14:07.841048Z,2026-09-06T21:22:10.962053Z,"Senior Software Engineer, Security Platform",Robinhood,"Bellevue, WA",remote,Full-time,Senior,,,,,USD,Engineering / Development,Engineering,,Engineering,Direct opportunity at Robinhood. Apply directly via official candidate link.,https://boards.greenhouse.io/robinhood/jobs/7899482?gh_src=NaN&gh_jid=7899482,active,scraped
job_scraped_9bc8ed1c00,2026-09-04T15:14:07.841048Z,2026-09-06T21:22:10.962053Z,Staff Offensive Security Engineer,Robinhood,"Toronto, Canada",remote,Full-time,Lead,,,,,USD,Engineering / Development,Engineering,,Engineering,Direct opportunity at Robinhood. Apply directly via official candidate link.,https://boards.greenhouse.io/robinhood/jobs/7460169?gh_src=NaN&gh_jid=7460169,active,scraped
job_scraped_99724be506,2026-09-04T15:14:07.841048Z,2026-09-06T21:22:10.962053Z,"Staff Software Engineer, Security",Robinhood,"Bellevue, WA",remote,Full-time,Lead,,,,,USD,Engineering / Development,Engineering,,Engineering,Direct opportunity at Robinhood. Apply directly via official candidate link.,https://boards.greenhouse.io/robinhood/jobs/7819461?gh_src=NaN&gh_jid=7819461,active,scraped
job_scraped_541feebff6,2026-09-04T15:14:07.841048Z,2026-09-06T21:22:10.962053Z,Android Engineer,Robinhood,"New York, NY",remote,Full-time,Mid-Level,,,,,USD,Engineering / Development,Engineering,,Engineering,Direct opportunity at Robinhood. Apply directly via official candidate link.,https://boards.greenhouse.io/robinhood/jobs/6669758?gh_src=NaN&gh_jid=6669758,active,scraped
job_scraped_a8785917d2,2026-09-04T15:14:07.841048Z,2026-09-06T21:22:10.962053Z,"Full Stack Software Engineer, Credit Cards & Banking",Robinhood,"Bellevue, WA; Menlo Park, CA; New York, NY",remote,Full-time,Mid-Level,,,,,USD,Engineering / Development,Engineering,,Engineering,Direct opportunity at Robinhood. Apply directly via official candidate link.,https://boards.greenhouse.io/robinhood/jobs/8008723?gh_src=NaN&gh_jid=8008723,active,scraped
job_scraped_f3907638ed,2026-09-04T15:14:07.841048Z,2026-09-06T21:22:10.962053Z,"Senior iOS Engineer, Crypto Trading",Robinhood,"Menlo Park, CA; New York, NY",remote,Full-time,Senior,,,,,USD,Engineering / Development,Trading,,Trading,Direct opportunity at Robinhood. Apply directly via official candidate link.,https://boards.greenhouse.io/robinhood/jobs/8027506?gh_src=NaN&gh_jid=8027506,active,scraped
job_scraped_9adf19a5c3,2026-09-04T15:14:07.841048Z,2026-09-06T21:22:10.962053Z,"Senior Software Engineer, Backend",Robinhood,"Menlo Park, CA; New York, NY",remote,Full-time,Senior,,,,,USD,Engineering / Development,Engineering,,Engineering,Direct opportunity at Robinhood. Apply directly via official candidate link.,https://boards.greenhouse.io/robinhood/jobs/7264931?gh_src=NaN&gh_jid=7264931,active,scraped
job_scraped_ba0da50e0e,2026-09-04T15:14:07.841048Z,2026-09-06T21:22:10.962053Z,"Senior Software Engineer, Cloud Integration",Robinhood,"Ljubljana, Slovenia",remote,Full-time,Senior,,,,,USD,Engineering / Development,Engineering,,Engineering,Direct opportunity at Robinhood. Apply directly via official candidate link.,https://boards.greenhouse.io/robinhood/jobs/7648454?gh_src=NaN&gh_jid=7648454,active,scraped
job_scraped_e6edb17ec0,2026-09-04T15:14:07.841048Z,2026-09-06T21:22:10.962053Z,"Software Engineer, Backend",Robinhood,"Menlo Park, CA",remote,Full-time,Mid-Level,,,,,USD,Engineering / Development,Engineering,,Engineering,Direct opportunity at Robinhood. Apply directly via official candidate link.,https://boards.greenhouse.io/robinhood/jobs/7263592?gh_src=NaN&gh_jid=7263592,active,scraped
job_scraped_f58e51b4ab,2026-09-04T15:14:07.841048Z,2026-09-06T21:22:10.962053Z,"Staff Software Engineer, Web3",Robinhood,"Menlo Park, CA; New York, NY",remote,Full-time,Lead,,,,,USD,Engineering / Development,Engineering,,Engineering,Direct opportunity at Robinhood. Apply directly via official candidate link.,https://boards.greenhouse.io/robinhood/jobs/7489950?gh_src=NaN&gh_jid=7489950,active,scraped
job_scraped_3fef11fecf,2026-09-04T15:14:07.841048Z,2026-09-06T21:22:10.962053Z,Staff Web Engineer,Robinhood,"Menlo Park, CA; New York, NY",remote,Full-time,Lead,,,,,USD,Engineering / Development,Engineering,,Engineering,Direct opportunity at Robinhood. Apply directly via official candidate link.,https://boards.greenhouse.io/robinhood/jobs/8003233?gh_src=NaN&gh_jid=8003233,active,scraped
job_scraped_a9e7e4b17d,2026-09-04T15:14:07.841048Z,2026-09-06T21:22:10.962053Z,"Director, Capital Markets Growth",Avara,Remote or Hybrid,hybrid,Full-time,Mid-Level,,,,,USD,Executive / Leadership,Executive,,Executive,Direct opportunity at Avara. Apply directly via official candidate link.,https://aave.com/careers/director-capital-markets-growth-88827684-95fd-44b4-81ce-9c049278355c,active,scraped
job_scraped_f079b615c5,2026-09-04T15:14:07.841048Z,2026-09-06T21:22:10.962053Z,Strategy & Business Development Associate,Avara,Remote or Hybrid,hybrid,Full-time,Mid-Level,,,,,USD,Sales / Business Development,Sales,,Sales,Direct opportunity at Avara. Apply directly via official candidate link.,https://aave.com/careers/strategy--business-development-associate-1cefa248-b9e7-4f28-b603-4e731bd2a5fb,active,scraped
job_scraped_bb00dc589e,2026-09-04T15:14:07.841048Z,2026-09-06T21:22:10.962053Z,Solutions Engineer,Avara,Remote or Hybrid,hybrid,Full-time,Mid-Level,,,,,USD,Engineering / Development,Engineering,,Engineering,Direct opportunity at Avara. Apply directly via official candidate link.,https://aave.com/careers/solutions-engineer-8d4c6dd8-6246-4c22-a0f3-968b0f46cb9f,active,scraped
job_scraped_b5c272675b,2026-09-04T15:14:07.841048Z,2026-09-06T21:22:10.962053Z,Staff Smart Contract Engineer,Avara,Remote or Hybrid,hybrid,Full-time,Lead,,,,,USD,Smart Contracts / Auditing,Smart Contracts,,Smart Contracts,Direct opportunity at Avara. Apply directly via official candidate link.,https://aave.com/careers/staff-smart-contract-engineer-a3f47e26-ab0a-403d-8e59-ca2d7e5b4fe7,active,scraped
job_scraped_e465c5444c,2026-09-04T15:14:07.841048Z,2026-09-06T21:22:10.962053Z,Head of Risk,Avara,Remote or Hybrid,hybrid,Full-time,Lead,,,,,USD,Engineering / Development,Engineering,,Engineering,Direct opportunity at Avara. Apply directly via official candidate link.,https://aave.com/careers/head-of-risk-20e91ff4-0fef-4c08-9e43-3f719d4a3b8b,active,scraped
job_scraped_1d39c13270,2026-09-04T15:14:07.841048Z,2026-09-06T21:22:10.962053Z,"Finance Director, Push",Avara,Remote or Hybrid,hybrid,Full-time,Mid-Level,,,,,USD,Finance / Accounting,Finance,,Finance,Direct opportunity at Avara. Apply directly via official candidate link.,https://aave.com/careers/finance-director-push-825915e9-d435-426f-bc4e-22654de57882,active,scraped
job_scraped_f187b899d7,2026-09-04T15:14:07.841048Z,2026-09-06T21:22:10.962053Z,Dream Job,Avara,Remote or Hybrid,hybrid,Full-time,Mid-Level,,,,,USD,Engineering / Development,Engineering,,Engineering,Direct opportunity at Avara. Apply directly via official candidate link.,https://aave.com/careers/dream-job-7017db1b-5cb8-440f-916f-f2e0fe5137a9,active,scraped
job_scraped_d8ecdb5e5d,2026-09-04T15:14:07.841048Z,2026-09-06T21:22:10.962053Z,Quantitative Developer - Paradex,Paradigm.co,Singapore,remote,Full-time,Mid-Level,,,,,USD,Engineering / Development,Quantitative Analysis,,Quantitative Analysis,Direct opportunity at Paradigm.co. Apply directly via official candidate link.,https://careers.kula.ai/paradigm/7447/,active,scraped
job_scraped_9886f083d4,2026-09-04T15:14:07.841048Z,2026-09-06T21:22:10.962053Z,Senior Fullstack Engineer,Paradigm.co,Singapore,remote,Full-time,Senior,,,,,USD,Engineering / Development,Engineering,,Engineering,Direct opportunity at Paradigm.co. Apply directly via official candidate link.,https://careers.kula.ai/paradigm/7461/,active,scraped
job_scraped_9b6ca6d56c,2026-09-04T15:14:07.841048Z,2026-09-06T21:22:10.962053Z,BD & Country Manager - Korea,Paradigm.co,Remote(Remote),remote,Full-time,Mid-Level,,,,,USD,Sales / Business Development,Sales,,Sales,Direct opportunity at Paradigm.co. Apply directly via official candidate link.,https://careers.kula.ai/paradigm/7487/,active,scraped
job_scraped_ff83b7606e,2026-09-04T15:14:07.841048Z,2026-09-06T21:22:10.962053Z,Senior Security Engineer,Paradigm.co,Singapore,remote,Full-time,Senior,,,,,USD,Engineering / Development,Engineering,,Engineering,Direct opportunity at Paradigm.co. Apply directly via official candidate link.,https://careers.kula.ai/paradigm/7497/,active,scraped
job_scraped_a097831c2a,2026-09-04T15:14:07.841048Z,2026-09-06T21:22:10.962053Z,Business Development Associate - NYC,Paradigm.co,"New York, US",remote,Full-time,Mid-Level,,,,,USD,Sales / Business Development,Sales,,Sales,Direct opportunity at Paradigm.co. Apply directly via official candidate link.,https://careers.kula.ai/paradigm/19564/,active,scraped
job_scraped_a0998e4ab6,2026-09-04T15:14:07.841048Z,2026-09-06T21:22:10.962053Z,Principal Engineer,Paradigm.co,Singapore,remote,Full-time,Lead,,,,,USD,Engineering / Development,Engineering,,Engineering,Direct opportunity at Paradigm.co. Apply directly via official candidate link.,https://careers.kula.ai/paradigm/24645/,active,scraped
job_scraped_2db8c7e69a,2026-09-04T15:14:07.841048Z,2026-09-06T21:22:10.962053Z,Principal Security Engineer,Paradigm.co,Singapore,remote,Full-time,Lead,,,,,USD,Engineering / Development,Engineering,,Engineering,Direct opportunity at Paradigm.co. Apply directly via official candidate link.,https://careers.kula.ai/paradigm/24648/,active,scraped
job_scraped_f0a6f37c7f,2026-09-04T15:14:07.841048Z,2026-09-06T21:22:10.962053Z,BD & Country Manager - China,Paradigm.co,Remote(Remote),remote,Full-time,Mid-Level,,,,,USD,Sales / Business Development,Sales,,Sales,Direct opportunity at Paradigm.co. Apply directly via official candidate link.,https://careers.kula.ai/paradigm/35240/,active,scraped
job_scraped_28d6c51c7f,2026-09-04T15:14:07.841048Z,2026-09-06T21:22:10.962053Z,"Senior Compliance Tech Analyst, Platform (Compliance Automation)",Coinbase,Remote - USA,remote,Full-time,Senior,,,,,USD,Legal / Compliance,Compliance,,Compliance,Direct opportunity at Coinbase. Apply directly via official candidate link.,https://www.coinbase.com/careers/positions/7947120,active,scraped
job_scraped_c21465f785,2026-09-04T15:14:07.841048Z,2026-09-06T21:22:10.962053Z,"Analytics Engineer, GFCO Analytics",Coinbase,Remote - USA,remote,Full-time,Mid-Level,,,,,USD,Engineering / Development,Engineering,,Engineering,Direct opportunity at Coinbase. Apply directly via official candidate link.,https://www.coinbase.com/careers/positions/8024880,active,scraped
job_scraped_7887da3cdd,2026-09-04T15:14:07.841048Z,2026-09-06T21:22:10.962053Z,"Associate Manager, SAM",Coinbase,"Charlotte, NC",remote,Full-time,Mid-Level,,,,,USD,Engineering / Development,Engineering,,Engineering,Direct opportunity at Coinbase. Apply directly via official candidate link.,https://www.coinbase.com/careers/positions/7985269,active,scraped
job_scraped_babd17d43c,2026-09-04T15:14:07.841048Z,2026-09-06T21:22:10.962053Z,Capacity Planning Lead,Coinbase,"Hybrid - Bangalore, India",hybrid,Full-time,Lead,,,,,USD,Engineering / Development,Engineering,,Engineering,Direct opportunity at Coinbase. Apply directly via official candidate link.,https://www.coinbase.com/careers/positions/8013889,active,scraped
job_scraped_85ce32ef3f,2026-09-04T15:14:07.841048Z,2026-09-06T21:22:10.962053Z,Concierge Specialist IV,Coinbase,Remote - UK,hybrid,Full-time,Mid-Level,,,,,USD,Engineering / Development,Engineering,,Engineering,Direct opportunity at Coinbase. Apply directly via official candidate link.,https://www.coinbase.com/careers/positions/8031308,active,scraped
job_scraped_89f3b7a20b,2026-09-04T15:14:07.841048Z,2026-09-06T21:22:10.962053Z,Customer Success Specialist II,Coinbase,Remote - Cyprus,remote,Full-time,Mid-Level,,,,,USD,Engineering / Development,Engineering,,Engineering,Direct opportunity at Coinbase. Apply directly via official candidate link.,https://www.coinbase.com/careers/positions/7759747,active,scraped
job_scraped_181b4951c7,2026-09-04T15:14:07.841048Z,2026-09-06T21:22:10.962053Z,Risk & Monitoring Analyst IV,Coinbase,"Dublin, Ireland",remote,Full-time,Mid-Level,,,,,USD,Research / Economics,Research,,Research,Direct opportunity at Coinbase. Apply directly via official candidate link.,https://www.coinbase.com/careers/positions/8030686,active,scraped
job_scraped_4f3d723968,2026-09-04T15:14:07.841048Z,2026-09-06T21:22:10.962053Z,"Technical Program Manager, CX Intelligence & AI",Coinbase,Remote - USA,remote,Full-time,Mid-Level,,,,,USD,Engineering / Development,Engineering,,Engineering,Direct opportunity at Coinbase. Apply directly via official candidate link.,https://www.coinbase.com/careers/positions/8013948,active,scraped
job_scraped_76b9e5f915,2026-09-04T15:14:07.841048Z,2026-09-06T21:22:10.962053Z,"Technical Program Manager, Knowledge Systems",Coinbase,Remote - USA,remote,Full-time,Mid-Level,,,,,USD,Engineering / Development,Engineering,,Engineering,Direct opportunity at Coinbase. Apply directly via official candidate link.,https://www.coinbase.com/careers/positions/8013892,active,scraped
job_scraped_aa30869d4a,2026-09-04T15:14:07.841048Z,2026-09-06T21:22:10.962053Z,Analytics Engineer,Coinbase,Remote - USA,remote,Full-time,Mid-Level,,,,,USD,Engineering / Development,Engineering,,Engineering,Direct opportunity at Coinbase. Apply directly via official candidate link.,https://www.coinbase.com/careers/positions/8020892,active,scraped
job_scraped_797eb3c52c,2026-09-04T15:14:07.841048Z,2026-09-06T21:22:10.962053Z,Senior Analytics Engineer (Platform - Financial Analytics),Coinbase,Remote - USA,remote,Full-time,Senior,,,,,USD,Engineering / Development,Engineering,,Engineering,Direct opportunity at Coinbase. Apply directly via official candidate link.,https://www.coinbase.com/careers/positions/7736521,active,scraped
job_scraped_e629a6a53b,2026-09-04T15:14:07.841048Z,2026-09-06T21:22:10.962053Z,"Senior Data Scientist, CX Analytics",Coinbase,Remote - USA,remote,Full-time,Senior,,,,,USD,Research / Economics,Research,,Research,Direct opportunity at Coinbase. Apply directly via official candidate link.,https://www.coinbase.com/careers/positions/8009392,active,scraped
job_scraped_b7140dc2d9,2026-09-04T15:14:07.841048Z,2026-09-06T21:22:10.962053Z,Staff Product Designer - Advanced Trade,Coinbase,Remote - USA,remote,Full-time,Lead,,,,,USD,Design / UI / UX,Product Management,,Product Management,Direct opportunity at Coinbase. Apply directly via official candidate link.,https://www.coinbase.com/careers/positions/7989037,active,scraped
job_scraped_0e8c744f69,2026-09-04T15:14:07.841048Z,2026-09-06T21:22:10.962053Z,Staff Product Designer (Experience & Engagement),Coinbase,Remote - USA,remote,Full-time,Lead,,,,,USD,Design / UI / UX,Product Management,,Product Management,Direct opportunity at Coinbase. Apply directly via official candidate link.,https://www.coinbase.com/careers/positions/8014564,active,scraped
job_scraped_e0de552a90,2026-09-04T15:14:07.841048Z,2026-09-06T21:22:10.962053Z,"Senior Site Reliability Engineer, Core AI Infrastructure",Coinbase,Remote - USA,remote,Full-time,Senior,,,,,USD,Engineering / Development,Engineering,,Engineering,Direct opportunity at Coinbase. Apply directly via official candidate link.,https://www.coinbase.com/careers/positions/7847431,active,scraped
job_scraped_3475619950,2026-09-04T15:14:07.841048Z,2026-09-06T21:22:10.962053Z,"Senior Software Engineer, CDP - Money Movement",Coinbase,Remote - Canada,remote,Full-time,Senior,,,,,USD,Engineering / Development,Engineering,,Engineering,Direct opportunity at Coinbase. Apply directly via official candidate link.,https://www.coinbase.com/careers/positions/8013129,active,scraped
job_scraped_10046024a9,2026-09-04T15:14:07.841048Z,2026-09-06T21:22:10.962053Z,"Senior Staff Software Engineer, Data Platform",Coinbase,Remote - USA,remote,Full-time,Lead,,,,,USD,Engineering / Development,Engineering,,Engineering,Direct opportunity at Coinbase. Apply directly via official candidate link.,https://www.coinbase.com/careers/positions/7711287,active,scraped
job_scraped_bc0f384bec,2026-09-04T15:14:07.841048Z,2026-09-06T21:22:10.962053Z,"Senior Staff Software Engineer, Payments",Coinbase,Remote - USA,remote,Full-time,Lead,,,,,USD,Engineering / Development,Engineering,,Engineering,Direct opportunity at Coinbase. Apply directly via official candidate link.,https://www.coinbase.com/careers/positions/7769273,active,scraped
job_scraped_f1544aeb3f,2026-09-04T15:14:07.841048Z,2026-09-06T21:22:10.962053Z,"Software Engineer, Enterprise Apps",Coinbase,Remote - Brazil,remote,Full-time,Mid-Level,,,,,USD,Engineering / Development,Engineering,,Engineering,Direct opportunity at Coinbase. Apply directly via official candidate link.,https://www.coinbase.com/careers/positions/8024814,active,scraped
job_scraped_a0133afede,2026-09-04T15:14:07.841048Z,2026-09-06T21:22:10.962053Z,"Staff Software Engineer, Backend - Platform (FinHub - Transfer)",Coinbase,Remote - USA,remote,Full-time,Lead,,,,,USD,Engineering / Development,Engineering,,Engineering,Direct opportunity at Coinbase. Apply directly via official candidate link.,https://www.coinbase.com/careers/positions/7761563,active,scraped
job_scraped_31a771ad22,2026-09-04T15:14:07.841048Z,2026-09-06T21:22:10.962053Z,"Staff Software Engineer, Solana Staking Protocol",Coinbase,Remote - USA,remote,Full-time,Lead,,,,,USD,Engineering / Development,Solana,,Solana,Direct opportunity at Coinbase. Apply directly via official candidate link.,https://www.coinbase.com/careers/positions/7684298,active,scraped
job_scraped_78c4913466,2026-09-04T15:14:07.841048Z,2026-09-06T21:22:10.962053Z,Senior Software Engineer - Blockchain Network,Coinbase,Remote - USA,remote,Full-time,Senior,,,,,USD,Engineering / Development,Engineering,,Engineering,Direct opportunity at Coinbase. Apply directly via official candidate link.,https://www.coinbase.com/careers/positions/7967649,active,scraped
job_scraped_2d4e496189,2026-09-04T15:14:07.841048Z,2026-09-06T21:22:10.962053Z,Senior Software Engineer - Data Platform,Coinbase,Remote - USA,remote,Full-time,Senior,,,,,USD,Engineering / Development,Engineering,,Engineering,Direct opportunity at Coinbase. Apply directly via official candidate link.,https://www.coinbase.com/careers/positions/7851231,active,scraped
job_scraped_a5787a5f19,2026-09-04T15:14:07.841048Z,2026-09-06T21:22:10.962053Z,Senior Software Engineer - Trading,Coinbase,Remote - Singapore,remote,Full-time,Senior,,,,,USD,Engineering / Development,Trading,,Trading,Direct opportunity at Coinbase. Apply directly via official candidate link.,https://www.coinbase.com/careers/positions/7866674,active,scraped
job_scraped_19830b3bc6,2026-09-04T15:14:07.841048Z,2026-09-06T21:22:10.962053Z,"Senior Software Engineer, Backend - Identity",Coinbase,Remote - USA,remote,Full-time,Senior,,,,,USD,Engineering / Development,Engineering,,Engineering,Direct opportunity at Coinbase. Apply directly via official candidate link.,https://www.coinbase.com/careers/positions/7746190,active,scraped
job_scraped_eae3e259c1,2026-09-04T15:14:07.841048Z,2026-09-06T21:22:10.962053Z,"Senior Software Engineer, Backend (Consumer - Prediction Markets)",Coinbase,Remote - USA,remote,Full-time,Senior,,,,,USD,Engineering / Development,Engineering,,Engineering,Direct opportunity at Coinbase. Apply directly via official candidate link.,https://www.coinbase.com/careers/positions/7997836,active,scraped
job_scraped_9da208a05b,2026-09-04T15:14:07.841048Z,2026-09-06T21:22:10.962053Z,"Senior Software Engineer, Backend (Consumer - Risk)",Coinbase,Remote - Canada,remote,Full-time,Senior,,,,,USD,Engineering / Development,Engineering,,Engineering,Direct opportunity at Coinbase. Apply directly via official candidate link.,https://www.coinbase.com/careers/positions/7930686,active,scraped
job_scraped_b1da678e27,2026-09-04T15:14:07.841048Z,2026-09-06T21:22:10.962053Z,Senior Staff Software Engineer - Blockchain Platform,Coinbase,Remote - USA,remote,Full-time,Lead,,,,,USD,Engineering / Development,Engineering,,Engineering,Direct opportunity at Coinbase. Apply directly via official candidate link.,https://www.coinbase.com/careers/positions/7366208,active,scraped
job_scraped_617a2664ca,2026-09-04T15:14:07.841048Z,2026-09-06T21:22:10.962053Z,"Senior Staff Software Engineer, Core Automation",Coinbase,Remote - USA,remote,Full-time,Lead,,,,,USD,Engineering / Development,Engineering,,Engineering,Direct opportunity at Coinbase. Apply directly via official candidate link.,https://www.coinbase.com/careers/positions/7580292,active,scraped
job_scraped_c9c96d6bf4,2026-09-04T15:14:07.841048Z,2026-09-06T21:22:10.962053Z,Staff Software Engineer - AI Platform Team,Coinbase,Remote - USA,remote,Full-time,Lead,,,,,USD,Engineering / Development,Engineering,,Engineering,Direct opportunity at Coinbase. Apply directly via official candidate link.,https://www.coinbase.com/careers/positions/8025505,active,scraped
job_scraped_ab5d4e6013,2026-09-04T15:14:07.841048Z,2026-09-06T21:22:10.962053Z,Staff Software Engineer (Platform - FinEng),Coinbase,Remote - USA,remote,Full-time,Lead,,,,,USD,Engineering / Development,Engineering,,Engineering,Direct opportunity at Coinbase. Apply directly via official candidate link.,https://www.coinbase.com/careers/positions/7773776,active,scraped
job_scraped_96b17a83ee,2026-09-04T15:14:07.841048Z,2026-09-06T21:22:10.962053Z,"Staff Software Engineer (Tech Lead, Backend - Platform (Overseer)",Coinbase,Remote - USA,remote,Full-time,Lead,,,,,USD,Engineering / Development,Engineering,,Engineering,Direct opportunity at Coinbase. Apply directly via official candidate link.,https://www.coinbase.com/careers/positions/7991011,active,scraped
job_scraped_d3b4a7ce3a,2026-09-04T15:14:07.841048Z,2026-09-06T21:22:10.962053Z,"Staff Software Engineer, Backend - Payments Platform",Coinbase,Remote - USA,remote,Full-time,Lead,,,,,USD,Engineering / Development,Engineering,,Engineering,Direct opportunity at Coinbase. Apply directly via official candidate link.,https://www.coinbase.com/careers/positions/7993066,active,scraped
job_scraped_987ca81ece,2026-09-04T15:14:07.841048Z,2026-09-06T21:22:10.962053Z,"Staff Software Engineer, Backend - Platform (Payment Rails)",Coinbase,Remote - USA,remote,Full-time,Lead,,,,,USD,Engineering / Development,Engineering,,Engineering,Direct opportunity at Coinbase. Apply directly via official candidate link.,https://www.coinbase.com/careers/positions/7789395,active,scraped
job_scraped_5bfcfce5ad,2026-09-04T15:14:07.841048Z,2026-09-06T21:22:10.962053Z,"Staff Software Engineer, Backend (Consumer - Prediction Markets)",Coinbase,Remote - USA,remote,Full-time,Lead,,,,,USD,Engineering / Development,Engineering,,Engineering,Direct opportunity at Coinbase. Apply directly via official candidate link.,https://www.coinbase.com/careers/positions/7997840,active,scraped
job_scraped_8a2cf5dd87,2026-09-04T15:14:07.841048Z,2026-09-06T21:22:10.962053Z,"Staff Software Engineer, Backend (Consumer - Risk)",Coinbase,Remote - Canada,remote,Full-time,Lead,,,,,USD,Engineering / Development,Engineering,,Engineering,Direct opportunity at Coinbase. Apply directly via official candidate link.,https://www.coinbase.com/careers/positions/7990660,active,scraped
job_scraped_70ee0de4bb,2026-09-04T15:14:07.841048Z,2026-09-06T21:22:10.962053Z,"Senior Software Engineer, Frontend (Consumer - Payments)",Coinbase,Remote - USA,remote,Full-time,Senior,,,,,USD,Engineering / Development,Engineering,,Engineering,Direct opportunity at Coinbase. Apply directly via official candidate link.,https://www.coinbase.com/careers/positions/8029035,active,scraped
job_scraped_b463865aac,2026-09-04T15:14:07.841048Z,2026-09-06T21:22:10.962053Z,"Staff Software Engineer, Frontend (Consumer - Advanced Trading)",Coinbase,Remote - USA,remote,Full-time,Lead,,,,,USD,Engineering / Development,Trading,,Trading,Direct opportunity at Coinbase. Apply directly via official candidate link.,https://www.coinbase.com/careers/positions/7629141,active,scraped
job_scraped_72f8d5f4f1,2026-09-04T15:14:07.841048Z,2026-09-06T21:22:10.962053Z,"Senior Software Engineer, Infrastructure - Compute Platform",Coinbase,Remote - USA,remote,Full-time,Senior,,,,,USD,Engineering / Development,Engineering,,Engineering,Direct opportunity at Coinbase. Apply directly via official candidate link.,https://www.coinbase.com/careers/positions/7701651,active,scraped
job_scraped_0743fe1e67,2026-09-04T15:14:07.841048Z,2026-09-06T21:22:10.962053Z,"Senior Software Engineer, Developer Infrastructure",Coinbase,Remote - USA,remote,Full-time,Senior,,,,,USD,Engineering / Development,Engineering,,Engineering,Direct opportunity at Coinbase. Apply directly via official candidate link.,https://www.coinbase.com/careers/positions/7964402,active,scraped
job_scraped_63de74e615,2026-09-04T15:14:07.841048Z,2026-09-06T21:22:10.962053Z,"Senior Software Engineer, Infrastructure - Core Infra Systems",Coinbase,Remote - USA,remote,Full-time,Senior,,,,,USD,Engineering / Development,Engineering,,Engineering,Direct opportunity at Coinbase. Apply directly via official candidate link.,https://www.coinbase.com/careers/positions/8026678,active,scraped
job_scraped_126eb95265,2026-09-04T15:14:07.841048Z,2026-09-06T21:22:10.962053Z,Software Engineer,Coinbase,"Charlotte, NC",remote,Full-time,Mid-Level,,,,,USD,Engineering / Development,Engineering,,Engineering,Direct opportunity at Coinbase. Apply directly via official candidate link.,https://www.coinbase.com/careers/positions/8003605,active,scraped
job_scraped_5a42d6def1,2026-09-04T15:14:07.841048Z,2026-09-06T21:22:10.962053Z,"Staff Software Engineer, Core Reliability",Coinbase,Remote - USA,remote,Full-time,Lead,,,,,USD,Engineering / Development,Engineering,,Engineering,Direct opportunity at Coinbase. Apply directly via official candidate link.,https://www.coinbase.com/careers/positions/8029711,active,scraped
job_scraped_37e2a578da,2026-09-04T15:14:07.841048Z,2026-09-06T21:22:10.962053Z,"Staff Software Engineer, Developer Infrastructure",Coinbase,Remote - USA,remote,Full-time,Lead,,,,,USD,Engineering / Development,Engineering,,Engineering,Direct opportunity at Coinbase. Apply directly via official candidate link.,https://www.coinbase.com/careers/positions/7964410,active,scraped
job_scraped_70dcecd13c,2026-09-04T15:14:07.841048Z,2026-09-06T21:22:10.962053Z,Engineering Manager - Customer Experience AI,Coinbase,Remote - India,remote,Full-time,Mid-Level,,,,,USD,Engineering / Development,Engineering,,Engineering,Direct opportunity at Coinbase. Apply directly via official candidate link.,https://www.coinbase.com/careers/positions/7741187,active,scraped
job_scraped_b1834ffc12,2026-09-04T15:14:07.841048Z,2026-09-06T21:22:10.962053Z,Senior Software Engineer,Coinbase,Remote - USA,remote,Full-time,Senior,,,,,USD,Engineering / Development,Engineering,,Engineering,Direct opportunity at Coinbase. Apply directly via official candidate link.,https://www.coinbase.com/careers/positions/7961318,active,scraped
job_scraped_77fcb1b365,2026-09-04T15:14:07.841048Z,2026-09-06T21:22:10.962053Z,Staff Software Engineer,Coinbase,Remote - Israel,remote,Full-time,Lead,,,,,USD,Engineering / Development,Engineering,,Engineering,Direct opportunity at Coinbase. Apply directly via official candidate link.,https://www.coinbase.com/careers/positions/8021650,active,scraped
job_scraped_8711f8cf7f,2026-09-04T15:14:07.841048Z,2026-09-06T21:22:10.962053Z,Senior Machine Learning Engineer,Coinbase,Remote - India,remote,Full-time,Senior,,,,,USD,Engineering / Development,Engineering,,Engineering,Direct opportunity at Coinbase. Apply directly via official candidate link.,https://www.coinbase.com/careers/positions/7739592,active,scraped
job_scraped_4cdfffcd5c,2026-09-04T15:14:07.841048Z,2026-09-06T21:22:10.962053Z,Senior Software Engineer (EAA),Coinbase,Remote - USA,remote,Full-time,Senior,,,,,USD,Engineering / Development,Engineering,,Engineering,Direct opportunity at Coinbase. Apply directly via official candidate link.,https://www.coinbase.com/careers/positions/7483221,active,scraped
job_scraped_fc564efa27,2026-09-04T15:14:07.841048Z,2026-09-06T21:22:10.962053Z,Software Engineer - Salesforce Platform (EAA),Coinbase,Remote - USA,remote,Full-time,Mid-Level,,,,,USD,Engineering / Development,Sales,,Sales,Direct opportunity at Coinbase. Apply directly via official candidate link.,https://www.coinbase.com/careers/positions/7652048,active,scraped
job_scraped_214d432fb2,2026-09-04T15:14:07.841048Z,2026-09-06T21:22:10.962053Z,"Software Engineer, EAA Integrations",Coinbase,Remote - India,remote,Full-time,Mid-Level,,,,,USD,Engineering / Development,Engineering,,Engineering,Direct opportunity at Coinbase. Apply directly via official candidate link.,https://www.coinbase.com/careers/positions/7558051,active,scraped
job_scraped_c5f382a548,2026-09-04T15:14:07.841048Z,2026-09-06T21:22:10.962053Z,"Staff Software Engineer, EAA CX",Coinbase,Remote - USA,remote,Full-time,Lead,,,,,USD,Engineering / Development,Engineering,,Engineering,Direct opportunity at Coinbase. Apply directly via official candidate link.,https://www.coinbase.com/careers/positions/6784618,active,scraped
job_scraped_046011e94e,2026-09-04T15:14:07.841048Z,2026-09-06T21:22:10.962053Z,"Accountant, Capital Markets",Coinbase,"New York City, NY",remote,Full-time,Mid-Level,,,,,USD,Engineering / Development,Engineering,,Engineering,Direct opportunity at Coinbase. Apply directly via official candidate link.,https://www.coinbase.com/careers/positions/7809557,active,scraped
job_scraped_6819583388,2026-09-04T15:14:07.841048Z,2026-09-06T21:22:10.962053Z,"Accounting Manager, GL Operations & Intercompany",Coinbase,Remote - USA,remote,Full-time,Mid-Level,,,,,USD,Finance / Accounting,Finance,,Finance,Direct opportunity at Coinbase. Apply directly via official candidate link.,https://www.coinbase.com/careers/positions/7779094,active,scraped
job_scraped_70e87ac501,2026-09-04T15:14:07.841048Z,2026-09-06T21:22:10.962053Z,"Accounting Manager, Prime Financing",Coinbase,Remote - USA,remote,Full-time,Mid-Level,,,,,USD,Finance / Accounting,Finance,,Finance,Direct opportunity at Coinbase. Apply directly via official candidate link.,https://www.coinbase.com/careers/positions/7532645,active,scraped
job_scraped_c98b9a6abf,2026-09-04T15:14:07.841048Z,2026-09-06T21:22:10.962053Z,"Analyst, Business Controller",Coinbase,Remote - EMEA,remote,Full-time,Mid-Level,,,,,USD,Research / Economics,Research,,Research,Direct opportunity at Coinbase. Apply directly via official candidate link.,https://www.coinbase.com/careers/positions/7875558,active,scraped
job_scraped_a5f7fa2d13,2026-09-04T15:14:07.841048Z,2026-09-06T21:22:10.962053Z,"Associate Manager, Billing Operations & Strategy",Coinbase,Remote - USA,remote,Full-time,Mid-Level,,,,,USD,Operations / Strategy,Operations,,Operations,Direct opportunity at Coinbase. Apply directly via official candidate link.,https://www.coinbase.com/careers/positions/8017672,active,scraped
job_scraped_b9853fe479,2026-09-04T15:14:07.841048Z,2026-09-06T21:22:10.962053Z,Head of SOX and Internal Controls,Coinbase,Remote - Canada,remote,Full-time,Lead,,,,,USD,Engineering / Development,Engineering,,Engineering,Direct opportunity at Coinbase. Apply directly via official candidate link.,https://www.coinbase.com/careers/positions/7822882,active,scraped
job_scraped_3ec230b5a6,2026-09-04T15:14:07.841048Z,2026-09-06T21:22:10.962053Z,HR Business Partner,Coinbase,Remote - USA,remote,Full-time,Mid-Level,,,,,USD,HR / Recruiting,HR,,HR,Direct opportunity at Coinbase. Apply directly via official candidate link.,https://www.coinbase.com/careers/positions/7997879,active,scraped
job_scraped_701f40abeb,2026-09-04T15:14:07.841048Z,2026-09-06T21:22:10.962053Z,Internal Audit IT Associate Manager,Coinbase,Remote - USA,remote,Full-time,Student,,,,,USD,Smart Contracts / Auditing,Smart Contracts,,Smart Contracts,Direct opportunity at Coinbase. Apply directly via official candidate link.,https://www.coinbase.com/careers/positions/7365422,active,scraped
job_scraped_04bc7c0955,2026-09-04T15:14:07.841048Z,2026-09-06T21:22:10.962053Z,Internal Audit IT Manager,Coinbase,Remote - USA,remote,Full-time,Student,,,,,USD,Smart Contracts / Auditing,Smart Contracts,,Smart Contracts,Direct opportunity at Coinbase. Apply directly via official candidate link.,https://www.coinbase.com/careers/positions/7755116,active,scraped
job_scraped_ba02f78bae,2026-09-04T15:14:07.841048Z,2026-09-06T21:22:10.962053Z,Internal Audit SOX Associate Manager,Coinbase,Remote - India,remote,Full-time,Student,,,,,USD,Smart Contracts / Auditing,Smart Contracts,,Smart Contracts,Direct opportunity at Coinbase. Apply directly via official candidate link.,https://www.coinbase.com/careers/positions/7875711,active,scraped
job_scraped_2a86e4ca82,2026-09-04T15:14:07.841048Z,2026-09-06T21:22:10.962053Z,"M&A, Ventures and Accounting Policy Manager",Coinbase,Remote - USA,remote,Full-time,Mid-Level,,,,,USD,Finance / Accounting,Finance,,Finance,Direct opportunity at Coinbase. Apply directly via official candidate link.,https://www.coinbase.com/careers/positions/7994127,active,scraped
job_scraped_9c0806ab9f,2026-09-04T15:14:07.841048Z,2026-09-06T21:22:10.962053Z,"Operations Manager, Bermuda",Coinbase,Remote - USA,remote,Full-time,Mid-Level,,,,,USD,Operations / Strategy,Operations,,Operations,Direct opportunity at Coinbase. Apply directly via official candidate link.,https://www.coinbase.com/careers/positions/8022718,active,scraped
job_scraped_9673dce7ea,2026-09-04T15:14:07.841048Z,2026-09-06T21:22:10.962053Z,"Senior Accountant, Capital Markets",Coinbase,"New York City, NY",remote,Full-time,Senior,,,,,USD,Engineering / Development,Engineering,,Engineering,Direct opportunity at Coinbase. Apply directly via official candidate link.,https://www.coinbase.com/careers/positions/7445174,active,scraped
job_scraped_6482b2d82b,2026-09-04T15:14:07.841048Z,2026-09-06T21:22:10.962053Z,"Senior Accounting and Regulatory Reporting Manager, Canada",Coinbase,Remote - Canada,remote,Full-time,Senior,,,,,USD,Legal / Compliance,Legal,,Legal,Direct opportunity at Coinbase. Apply directly via official candidate link.,https://www.coinbase.com/careers/positions/7993445,active,scraped
job_scraped_30eee598f6,2026-09-04T15:14:07.841048Z,2026-09-06T21:22:10.962053Z,"Senior Finance & Strategy Analyst, Consumer",Coinbase,Remote - USA,remote,Full-time,Senior,,,,,USD,Finance / Accounting,Finance,,Finance,Direct opportunity at Coinbase. Apply directly via official candidate link.,https://www.coinbase.com/careers/positions/7993006,active,scraped
job_scraped_b4090bcdb8,2026-09-04T15:14:07.841048Z,2026-09-06T21:22:10.962053Z,"Senior Manager, Assistant Controller, Global GL Operations",Coinbase,Remote - USA,remote,Full-time,Senior,,,,,USD,Operations / Strategy,Operations,,Operations,Direct opportunity at Coinbase. Apply directly via official candidate link.,https://www.coinbase.com/careers/positions/7993472,active,scraped
job_scraped_a6e6bab4fb,2026-09-04T15:14:07.841048Z,2026-09-06T21:22:10.962053Z,"Senior Manager, Clearing Operations",Coinbase,Remote - USA,remote,Full-time,Senior,,,,,USD,Operations / Strategy,Operations,,Operations,Direct opportunity at Coinbase. Apply directly via official candidate link.,https://www.coinbase.com/careers/positions/7981394,active,scraped
job_scraped_df102eb6e2,2026-09-04T15:14:07.841048Z,2026-09-06T21:22:10.962053Z,"Senior Manager, Finance & Strategy",Coinbase,Remote - USA,remote,Full-time,Senior,,,,,USD,Finance / Accounting,Finance,,Finance,Direct opportunity at Coinbase. Apply directly via official candidate link.,https://www.coinbase.com/careers/positions/7948222,active,scraped
job_scraped_13124be2cd,2026-09-04T15:14:07.841048Z,2026-09-06T21:22:10.962053Z,"Senior Manager, Internal Audit IT",Coinbase,Remote - USA,remote,Full-time,Senior,,,,,USD,Smart Contracts / Auditing,Smart Contracts,,Smart Contracts,Direct opportunity at Coinbase. Apply directly via official candidate link.,https://www.coinbase.com/careers/positions/7997926,active,scraped
job_scraped_fc68fd7970,2026-09-04T15:14:07.841048Z,2026-09-06T21:22:10.962053Z,Staff Accountant - India Exchange,Coinbase,Remote - India,remote,Full-time,Lead,,,,,USD,Engineering / Development,Engineering,,Engineering,Direct opportunity at Coinbase. Apply directly via official candidate link.,https://www.coinbase.com/careers/positions/7992822,active,scraped
job_scraped_9dec4538f0,2026-09-04T15:14:07.841048Z,2026-09-06T21:22:10.962053Z,"Staff Accountant, Cyprus",Coinbase,Remote - Cyprus,remote,Full-time,Lead,,,,,USD,Engineering / Development,Engineering,,Engineering,Direct opportunity at Coinbase. Apply directly via official candidate link.,https://www.coinbase.com/careers/positions/7559052,active,scraped
job_scraped_5b04688060,2026-09-04T15:14:07.841048Z,2026-09-06T21:22:10.962053Z,Senior Payroll Specialist,Coinbase,Remote - USA,remote,Full-time,Senior,,,,,USD,Engineering / Development,Engineering,,Engineering,Direct opportunity at Coinbase. Apply directly via official candidate link.,https://www.coinbase.com/careers/positions/8028180,active,scraped
job_scraped_10a2b53685,2026-09-04T15:14:07.841048Z,2026-09-06T21:22:10.962053Z,Sr. Compensation Business Partner,Coinbase,Remote - USA,remote,Full-time,Senior,,,,,USD,Engineering / Development,Engineering,,Engineering,Direct opportunity at Coinbase. Apply directly via official candidate link.,https://www.coinbase.com/careers/positions/8024968,active,scraped
job_scraped_ce4b6ec8da,2026-09-04T15:14:07.841048Z,2026-09-06T21:22:10.962053Z,Derivative Sales Analyst (Prosumer Sales),Coinbase,Remote - USA,remote,Full-time,Mid-Level,,,,,USD,Sales / Business Development,Sales,,Sales,Direct opportunity at Coinbase. Apply directly via official candidate link.,https://www.coinbase.com/careers/positions/8021857,active,scraped
job_scraped_12d75e0af3,2026-09-04T15:14:07.841048Z,2026-09-06T21:22:10.962053Z,Derivatives Sales Analyst,Coinbase,Remote - Singapore,remote,Full-time,Mid-Level,,,,,USD,Sales / Business Development,Sales,,Sales,Direct opportunity at Coinbase. Apply directly via official candidate link.,https://www.coinbase.com/careers/positions/7962675,active,scraped
job_scraped_cf3d647742,2026-09-04T15:14:07.841048Z,2026-09-06T21:22:10.962053Z,Prime Sales Trader,Coinbase,Remote - USA,remote,Full-time,Mid-Level,,,,,USD,Sales / Business Development,Sales,,Sales,Direct opportunity at Coinbase. Apply directly via official candidate link.,https://www.coinbase.com/careers/positions/8013951,active,scraped
job_scraped_dd8134e691,2026-09-04T15:14:07.841048Z,2026-09-06T21:22:10.962053Z,Senior Account Manager,Coinbase,Remote - Singapore,remote,Full-time,Senior,,,,,USD,Engineering / Development,Engineering,,Engineering,Direct opportunity at Coinbase. Apply directly via official candidate link.,https://www.coinbase.com/careers/positions/7724783,active,scraped
job_scraped_4445d73322,2026-09-04T15:14:07.841048Z,2026-09-06T21:22:10.962053Z,"Senior Manager, Institutional Sales",Coinbase,Remote - UAE,remote,Full-time,Senior,,,,,USD,Sales / Business Development,Sales,,Sales,Direct opportunity at Coinbase. Apply directly via official candidate link.,https://www.coinbase.com/careers/positions/8023815,active,scraped
job_scraped_a96b4ad6ed,2026-09-04T15:14:07.841048Z,2026-09-06T21:22:10.962053Z,"Country Director, India",Coinbase,Remote - India,remote,Full-time,Mid-Level,,,,,USD,Executive / Leadership,Executive,,Executive,Direct opportunity at Coinbase. Apply directly via official candidate link.,https://www.coinbase.com/careers/positions/7606826,active,scraped
job_scraped_ac4c13a485,2026-09-04T15:14:07.841048Z,2026-09-06T21:22:10.962053Z,Operations Senior Associate,Coinbase,Remote - Luxembourg,remote,Full-time,Senior,,,,,USD,Operations / Strategy,Operations,,Operations,Direct opportunity at Coinbase. Apply directly via official candidate link.,https://www.coinbase.com/careers/positions/8013718,active,scraped
job_scraped_64ab6bc4f8,2026-09-04T15:14:07.841048Z,2026-09-06T21:22:10.962053Z,Internal Audit Analyst,Coinbase,Remote - USA,remote,Full-time,Student,,,,,USD,Smart Contracts / Auditing,Smart Contracts,,Smart Contracts,Direct opportunity at Coinbase. Apply directly via official candidate link.,https://www.coinbase.com/careers/positions/8031603,active,scraped
job_scraped_c1765db0ce,2026-09-04T15:14:07.841048Z,2026-09-06T21:22:10.962053Z,"Specialist, Market Operations",Coinbase,Remote - EMEA,remote,Full-time,Mid-Level,,,,,USD,Operations / Strategy,Operations,,Operations,Direct opportunity at Coinbase. Apply directly via official candidate link.,https://www.coinbase.com/careers/positions/8022540,active,scraped
job_scraped_6665289fa9,2026-09-04T15:14:07.841048Z,2026-09-06T21:22:10.962053Z,"Senior Site Reliability Engineer, Workforce Identity",Coinbase,Remote - USA,remote,Full-time,Senior,,,,,USD,Engineering / Development,Engineering,,Engineering,Direct opportunity at Coinbase. Apply directly via official candidate link.,https://www.coinbase.com/careers/positions/7516971,active,scraped
job_scraped_0a5535620d,2026-09-04T15:14:07.841048Z,2026-09-06T21:22:10.962053Z,"Staff Site Reliability Engineer, Core AI Infrastructure",Coinbase,Remote - USA,remote,Full-time,Lead,,,,,USD,Engineering / Development,Engineering,,Engineering,Direct opportunity at Coinbase. Apply directly via official candidate link.,https://www.coinbase.com/careers/positions/7991691,active,scraped
job_scraped_5cf1607f90,2026-09-04T15:14:07.841048Z,2026-09-06T21:22:10.962053Z,AMLCO & Senior Compliance Associate,Coinbase,Remote - Cyprus,remote,Full-time,Senior,,,,,USD,Legal / Compliance,Compliance,,Compliance,Direct opportunity at Coinbase. Apply directly via official candidate link.,https://www.coinbase.com/careers/positions/7942306,active,scraped
job_scraped_dcb93e84c3,2026-09-04T15:14:07.841048Z,2026-09-06T21:22:10.962053Z,Compliance Associate,Coinbase,Hybrid - Luxembourg,hybrid,Full-time,Mid-Level,,,,,USD,Legal / Compliance,Compliance,,Compliance,Direct opportunity at Coinbase. Apply directly via official candidate link.,https://www.coinbase.com/careers/positions/7705401,active,scraped
job_scraped_a8a410342d,2026-09-04T15:14:07.841048Z,2026-09-06T21:22:10.962053Z,"Counsel, Commercial",Coinbase,Remote - USA,remote,Full-time,Mid-Level,,,,,USD,Legal / Compliance,Legal,,Legal,Direct opportunity at Coinbase. Apply directly via official candidate link.,https://www.coinbase.com/careers/positions/8030594,active,scraped
job_scraped_5c6de57440,2026-09-04T15:14:07.841048Z,2026-09-06T21:22:10.962053Z,"Counsel, Commercial (Institutional)",Coinbase,Remote - UK,remote,Full-time,Mid-Level,,,,,USD,Legal / Compliance,Legal,,Legal,Direct opportunity at Coinbase. Apply directly via official candidate link.,https://www.coinbase.com/careers/positions/7602261,active,scraped
job_scraped_e1b5729fd3,2026-09-04T15:14:07.841048Z,2026-09-06T21:22:10.962053Z,"Deputy Chief Regulatory Officer, Coinbase Derivatives",Coinbase,Remote - USA,remote,Full-time,Mid-Level,,,,,USD,Legal / Compliance,Legal,,Legal,Direct opportunity at Coinbase. Apply directly via official candidate link.,https://www.coinbase.com/careers/positions/8001778,active,scraped
job_scraped_02910f4b5e,2026-09-04T15:14:07.841048Z,2026-09-06T21:22:10.962053Z,Manager of Compliance Testing and Assurance,Coinbase,Hybrid - Luxembourg,hybrid,Full-time,Mid-Level,,,,,USD,Legal / Compliance,Compliance,,Compliance,Direct opportunity at Coinbase. Apply directly via official candidate link.,https://www.coinbase.com/careers/positions/7286062,active,scraped
job_scraped_f2b6a1db91,2026-09-04T15:14:07.841048Z,2026-09-06T21:22:10.962053Z,"Paralegal, Litigation",Coinbase,Remote - USA,remote,Full-time,Mid-Level,,,,,USD,Legal / Compliance,Legal,,Legal,Direct opportunity at Coinbase. Apply directly via official candidate link.,https://www.coinbase.com/careers/positions/7952032,active,scraped
job_scraped_865f222784,2026-09-04T15:14:07.841048Z,2026-09-06T21:22:10.962053Z,Senior Compliance Associate,Coinbase,Hybrid - Luxembourg,hybrid,Full-time,Senior,,,,,USD,Legal / Compliance,Compliance,,Compliance,Direct opportunity at Coinbase. Apply directly via official candidate link.,https://www.coinbase.com/careers/positions/7611263,active,scraped
job_scraped_92c14091a6,2026-09-04T15:14:07.841048Z,2026-09-06T21:22:10.962053Z,"Senior Counsel, Shareholder Litigation",Coinbase,Remote - USA,remote,Full-time,Senior,,,,,USD,Legal / Compliance,Legal,,Legal,Direct opportunity at Coinbase. Apply directly via official candidate link.,https://www.coinbase.com/careers/positions/7994338,active,scraped
job_scraped_2e55168545,2026-09-04T15:14:07.841048Z,2026-09-06T21:22:10.962053Z,Senior Litigation Paralegal,Coinbase,Remote - USA,remote,Full-time,Senior,,,,,USD,Legal / Compliance,Legal,,Legal,Direct opportunity at Coinbase. Apply directly via official candidate link.,https://www.coinbase.com/careers/positions/8030591,active,scraped
job_scraped_90c689ce41,2026-09-04T15:14:07.841048Z,2026-09-06T21:22:10.962053Z,"Senior Manager, Compliance Product Data",Coinbase,Remote - USA,remote,Full-time,Senior,,,,,USD,Legal / Compliance,Compliance|Product Management,,Compliance|Product Management,Direct opportunity at Coinbase. Apply directly via official candidate link.,https://www.coinbase.com/careers/positions/7597078,active,scraped
job_scraped_45f2207a09,2026-09-04T15:14:07.841048Z,2026-09-06T21:22:10.962053Z,"Senior Program Manager, Contracts & Analytics",Coinbase,Remote - USA,remote,Full-time,Senior,,,,,USD,Engineering / Development,Engineering,,Engineering,Direct opportunity at Coinbase. Apply directly via official candidate link.,https://www.coinbase.com/careers/positions/8008047,active,scraped
job_scraped_a1b475a03d,2026-09-04T15:14:07.841048Z,2026-09-06T21:22:10.962053Z,"Senior Machine Learning Engineer, CX Intelligence",Coinbase,Remote - Brazil,remote,Full-time,Senior,,,,,USD,Engineering / Development,Engineering,,Engineering,Direct opportunity at Coinbase. Apply directly via official candidate link.,https://www.coinbase.com/careers/positions/8008569,active,scraped
job_scraped_f327031491,2026-09-04T15:14:07.841048Z,2026-09-06T21:22:10.962053Z,Staff Machine Learning Engineer(Platform - Identity),Coinbase,Remote - USA,remote,Full-time,Lead,,,,,USD,Engineering / Development,Engineering,,Engineering,Direct opportunity at Coinbase. Apply directly via official candidate link.,https://www.coinbase.com/careers/positions/7891045,active,scraped
job_scraped_3e75a143ce,2026-09-04T15:14:07.841048Z,2026-09-06T21:22:10.962053Z,"Communications Manager, Policy & Public Affairs",Coinbase,Remote - USA,remote,Full-time,Mid-Level,,,,,USD,Marketing / PR,Marketing,,Marketing,Direct opportunity at Coinbase. Apply directly via official candidate link.,https://www.coinbase.com/careers/positions/7746572,active,scraped
job_scraped_adada98798,2026-09-04T15:14:07.841048Z,2026-09-06T21:22:10.962053Z,"Performance Marketing Manager , Global",Coinbase,Remote - USA,remote,Full-time,Mid-Level,,,,,USD,Marketing / PR,Marketing,,Marketing,Direct opportunity at Coinbase. Apply directly via official candidate link.,https://www.coinbase.com/careers/positions/8008372,active,scraped
job_scraped_2ba4e06e9b,2026-09-04T15:14:07.841048Z,2026-09-06T21:22:10.962053Z,"Product Marketing Manager, Prediction Markets",Coinbase,Remote - USA,remote,Full-time,Mid-Level,,,,,USD,Marketing / PR,Marketing|Product Management,,Marketing|Product Management,Direct opportunity at Coinbase. Apply directly via official candidate link.,https://www.coinbase.com/careers/positions/7982771,active,scraped
job_scraped_486f3a9043,2026-09-04T15:14:07.841048Z,2026-09-06T21:22:10.962053Z,"Product Marketing Manager, Prime & Markets",Coinbase,Remote - USA,remote,Full-time,Mid-Level,,,,,USD,Marketing / PR,Marketing|Product Management,,Marketing|Product Management,Direct opportunity at Coinbase. Apply directly via official candidate link.,https://www.coinbase.com/careers/positions/7572514,active,scraped
job_scraped_c3f1ca6e96,2026-09-04T15:14:07.841048Z,2026-09-06T21:22:10.962053Z,"Group Product Manager, Compliance Automation",Coinbase,Remote - USA,remote,Full-time,Mid-Level,,,,,USD,Product Management,Compliance|Product Management,,Compliance|Product Management,Direct opportunity at Coinbase. Apply directly via official candidate link.,https://www.coinbase.com/careers/positions/7701642,active,scraped
job_scraped_02950fb935,2026-09-04T15:14:07.841048Z,2026-09-06T21:22:10.962053Z,"Group Product Manager, Core Infrastructure & Reliability",Coinbase,Remote - USA,remote,Full-time,Mid-Level,,,,,USD,Product Management,Product Management,,Product Management,Direct opportunity at Coinbase. Apply directly via official candidate link.,https://www.coinbase.com/careers/positions/7997785,active,scraped
job_scraped_d080d67022,2026-09-04T15:14:07.841048Z,2026-09-06T21:22:10.962053Z,"Group Product Manager, Developer Infrastructure",Coinbase,Remote - USA,remote,Full-time,Mid-Level,,,,,USD,Engineering / Development,Product Management,,Product Management,Direct opportunity at Coinbase. Apply directly via official candidate link.,https://www.coinbase.com/careers/positions/8017607,active,scraped
job_scraped_f61e9090c1,2026-09-04T15:14:07.841048Z,2026-09-06T21:22:10.962053Z,"Group Product Manager, Financial Engineering",Coinbase,Remote - USA,remote,Full-time,Mid-Level,,,,,USD,Engineering / Development,Product Management,,Product Management,Direct opportunity at Coinbase. Apply directly via official candidate link.,https://www.coinbase.com/careers/positions/7789404,active,scraped
job_scraped_945027a713,2026-09-04T15:14:07.841048Z,2026-09-06T21:22:10.962053Z,"Group Product Manager, Payments Core",Coinbase,Remote - USA,remote,Full-time,Mid-Level,,,,,USD,Product Management,Product Management,,Product Management,Direct opportunity at Coinbase. Apply directly via official candidate link.,https://www.coinbase.com/careers/positions/7991474,active,scraped
job_scraped_931c99389c,2026-09-04T15:14:07.841048Z,2026-09-06T21:22:10.962053Z,"Senior Product Manager, CX & AI Tooling",Coinbase,"Charlotte, NC",remote,Full-time,Senior,,,,,USD,Product Management,Product Management,,Product Management,Direct opportunity at Coinbase. Apply directly via official candidate link.,https://www.coinbase.com/careers/positions/8008033,active,scraped
job_scraped_ca60866537,2026-09-04T15:14:07.841048Z,2026-09-06T21:22:10.962053Z,"Staff Product Manager, CX Automation",Coinbase,Remote - USA,remote,Full-time,Lead,,,,,USD,Product Management,Product Management,,Product Management,Direct opportunity at Coinbase. Apply directly via official candidate link.,https://www.coinbase.com/careers/positions/8001275,active,scraped
job_scraped_f76b2a2aa4,2026-09-04T15:14:07.841048Z,2026-09-06T21:22:10.962053Z,Payments Risk Analyst II,Coinbase,Remote - USA,remote,Full-time,Mid-Level,,,,,USD,Research / Economics,Research,,Research,Direct opportunity at Coinbase. Apply directly via official candidate link.,https://www.coinbase.com/careers/positions/7984814,active,scraped
job_scraped_e279128271,2026-09-04T15:14:07.841048Z,2026-09-06T21:22:10.962053Z,Staff ML Risk Analyst,Coinbase,Remote - USA,remote,Full-time,Lead,,,,,USD,Research / Economics,Research,,Research,Direct opportunity at Coinbase. Apply directly via official candidate link.,https://www.coinbase.com/careers/positions/8002967,active,scraped
job_scraped_85570b939a,2026-09-04T15:14:07.841048Z,2026-09-06T21:22:10.962053Z,Insider Threat Analyst,Coinbase,Remote - USA,remote,Full-time,Mid-Level,,,,,USD,Research / Economics,Research,,Research,Direct opportunity at Coinbase. Apply directly via official candidate link.,https://www.coinbase.com/careers/positions/7967336,active,scraped
job_scraped_e27477e668,2026-09-04T15:14:07.841048Z,2026-09-06T21:22:10.962053Z,Privacy Analyst,Coinbase,Remote - USA,remote,Full-time,Mid-Level,,,,,USD,Research / Economics,Research,,Research,Direct opportunity at Coinbase. Apply directly via official candidate link.,https://www.coinbase.com/careers/positions/8008594,active,scraped
job_scraped_786b31be13,2026-09-04T15:14:07.841048Z,2026-09-06T21:22:10.962053Z,Regional Threat Assessment Manager,Coinbase,Remote - Australia,remote,Full-time,Mid-Level,,,,,USD,HR / Recruiting,HR,,HR,Direct opportunity at Coinbase. Apply directly via official candidate link.,https://www.coinbase.com/careers/positions/8021644,active,scraped
job_scraped_4ba7019af5,2026-09-04T15:14:07.841048Z,2026-09-06T21:22:10.962053Z,Senior Insider Threat Analyst,Coinbase,Remote - USA,remote,Full-time,Senior,,,,,USD,Research / Economics,Research,,Research,Direct opportunity at Coinbase. Apply directly via official candidate link.,https://www.coinbase.com/careers/positions/7967333,active,scraped
job_scraped_45f6fee604,2026-09-04T15:14:07.841048Z,2026-09-06T21:22:10.962053Z,"Strategic Intelligence Manager, Protective Intelligence",Coinbase,Remote - USA,remote,Full-time,Mid-Level,,,,,USD,Engineering / Development,Engineering,,Engineering,Direct opportunity at Coinbase. Apply directly via official candidate link.,https://www.coinbase.com/careers/positions/8010600,active,scraped
job_scraped_6776947a24,2026-09-04T15:14:07.841048Z,2026-09-06T21:22:10.962053Z,"Senior Software Engineer, Core Banking",Sygnum,"Zurich, Switzerland",remote,Full-time,Senior,,,,,USD,Engineering / Development,Engineering,,Engineering,Direct opportunity at Sygnum. Apply directly via official candidate link.,https://sygnumpeopleportal.my.salesforce-sites.com/recruit/fRecruit__ApplyJob?vacancyNo=VN116,active,scraped
job_scraped_9f3212ba2d,2026-09-04T15:14:07.841048Z,2026-09-06T21:22:10.962053Z,"Senior Software Engineer, Custody Value Stream (80-100%)",Sygnum,"Zurich, Switzerland",remote,Full-time,Senior,,,,,USD,Engineering / Development,Engineering,,Engineering,Direct opportunity at Sygnum. Apply directly via official candidate link.,https://sygnumpeopleportal.my.salesforce-sites.com/recruit/fRecruit__ApplyJob?vacancyNo=VN142,active,scraped
job_scraped_d998889bda,2026-09-04T15:14:07.841048Z,2026-09-06T21:22:10.962053Z,Relationship Manager (Liechtenstein),Sygnum,"Vaduz, Liechtenstein",remote,Full-time,Mid-Level,,,,,USD,Engineering / Development,Engineering,,Engineering,Direct opportunity at Sygnum. Apply directly via official candidate link.,https://sygnumpeopleportal.my.salesforce-sites.com/recruit/fRecruit__ApplyJob?vacancyNo=VN143,active,scraped
job_scraped_4ebe8b6cf0,2026-09-04T15:14:07.841048Z,2026-09-06T21:22:10.962053Z,Head of Ecosystem Growth,Arbitrumfoundation,"EUROPE / APAC,REMOTE",remote,Full-time,Lead,,,,,USD,Engineering / Development,Engineering,,Engineering,Direct opportunity at Arbitrumfoundation. Apply directly via official candidate link.,https://jobs.lever.co/arbitrumfoundation/5c02b8eb-58c4-47e5-ab5f-34ac1820d4a9,active,scraped
job_scraped_3c675b9213,2026-09-04T15:14:07.841048Z,2026-09-06T21:22:10.962053Z,Head of Foundation,Arbitrumfoundation,"EUROPE / APAC,REMOTE",remote,Full-time,Lead,,,,,USD,Engineering / Development,Engineering,,Engineering,Direct opportunity at Arbitrumfoundation. Apply directly via official candidate link.,https://jobs.lever.co/arbitrumfoundation/327855d4-3e0d-4495-8edf-8ee39336dda5,active,scraped
job_scraped_7372dc78ec,2026-09-04T15:14:07.841048Z,2026-09-06T21:22:10.962053Z,Don't see the right role for you? Apply here!,Arbitrumfoundation,"CAYMAN ISLANDS,REMOTE",remote,Full-time,Mid-Level,,,,,USD,Engineering / Development,Engineering,,Engineering,Direct opportunity at Arbitrumfoundation. Apply directly via official candidate link.,https://jobs.lever.co/arbitrumfoundation/2df96bea-02f9-4882-89a0-c9101256aced,active,scraped
job_scraped_dec967226a,2026-09-04T15:14:07.841048Z,2026-09-06T21:22:10.962053Z,Join MoonPay's Talent Pool,Moonpay,"UK - REMOTE / SPAIN - REMOTE / SPAIN - HYBRID / POLAND - REMOTE / PORTUGAL - REMOTE / SOUTH AFRICA - REMOTE / ROMANIA - REMOTE / UK - HYBRID,REMOTE",hybrid,Full-time,Mid-Level,,,,,USD,HR / Recruiting,HR,,HR,Direct opportunity at Moonpay. Apply directly via official candidate link.,https://jobs.lever.co/moonpay/74d3186f-687a-4777-b77a-e006ff8217e1,active,scraped
job_scraped_05f5cef15e,2026-09-04T15:14:07.841048Z,2026-09-06T21:22:10.962053Z,Binance Accelerator Programme - Institutional Sales (SEA),Binance,"PHILIPPINES, MANILA / SOUTH EAST ASIA,REMOTE",remote,Full-time,Mid-Level,,,,,USD,Sales / Business Development,Sales,,Sales,Direct opportunity at Binance. Apply directly via official candidate link.,https://jobs.lever.co/binance/6e1b2cbf-037b-4095-b152-0e7c160593ca,active,scraped
job_scraped_33e3c5783c,2026-09-04T15:14:07.841048Z,2026-09-06T21:22:10.962053Z,"Business Development Manager, VIP /Institutional Growth",Binance,"HONG KONG,REMOTE",remote,Full-time,Mid-Level,,,,,USD,Sales / Business Development,Sales,,Sales,Direct opportunity at Binance. Apply directly via official candidate link.,https://jobs.lever.co/binance/128627ab-ff90-4502-a7a7-7ff11c509c6a,active,scraped
job_scraped_150b31cb77,2026-09-04T15:14:07.841048Z,2026-09-06T21:22:10.962053Z,Business Partnership Manager (Fiat),Binance,"ASIA / TAIWAN, TAIPEI / HONG KONG / KUALA LUMPUR / SOUTH EAST ASIA,REMOTE",remote,Full-time,Mid-Level,,,,,USD,Sales / Business Development,Sales,,Sales,Direct opportunity at Binance. Apply directly via official candidate link.,https://jobs.lever.co/binance/3ece64a4-4345-43f2-8f4a-fda2a336a559,active,scraped
job_scraped_5f087f8dfa,2026-09-04T15:14:07.841048Z,2026-09-06T21:22:10.962053Z,"Creator Partnerships Manager, Binance Square",Binance,"GLOBAL,REMOTE",remote,Full-time,Mid-Level,,,,,USD,Sales / Business Development,Sales,,Sales,Direct opportunity at Binance. Apply directly via official candidate link.,https://jobs.lever.co/binance/2376dcd9-a881-48b0-a4ef-5da7dfbffc2d,active,scraped
job_scraped_619e62d6e3,2026-09-04T15:14:07.841048Z,2026-09-06T21:22:10.962053Z,Institutional Sales Manager (LATAM),Binance,"BRAZIL, SAO PAULO / ARGENTINA, BUENOS AIRES / MEXICO, MEXICO CITY / CHILE, SANTIAGO DE CHILE / LATIN AMERICA,REMOTE",remote,Full-time,Mid-Level,,,,,USD,Sales / Business Development,Sales,,Sales,Direct opportunity at Binance. Apply directly via official candidate link.,https://jobs.lever.co/binance/7dad5ebe-5657-467d-9c0f-9b3cafa3f5cd,active,scraped
job_scraped_92d046ba29,2026-09-04T15:14:07.841048Z,2026-09-06T21:22:10.962053Z,"Institutional Sales Manager, SEA",Binance,"SOUTH EAST ASIA / PHILIPPINES, MANILA,REMOTE",remote,Full-time,Mid-Level,,,,,USD,Sales / Business Development,Sales,,Sales,Direct opportunity at Binance. Apply directly via official candidate link.,https://jobs.lever.co/binance/916163ee-44d4-475a-9f0f-97627b1b6c9a,active,scraped
job_scraped_95f149eddd,2026-09-04T15:14:07.841048Z,2026-09-06T21:22:10.962053Z,"Manager, Card Business Development & Operations",Binance,"ASIA / TAIWAN, TAIPEI / HONG KONG / KUALA LUMPUR / AUSTRALIA, BRISBANE / AUSTRALIA, MELBOURNE / AUSTRALIA, SYDNEY / UAE, DUBAI,REMOTE",remote,Full-time,Mid-Level,,,,,USD,Sales / Business Development,Sales,,Sales,Direct opportunity at Binance. Apply directly via official candidate link.,https://jobs.lever.co/binance/f120de2e-3eab-4649-a3b5-a1e3cf0c06e2,active,scraped
job_scraped_6bf8be3128,2026-09-04T15:14:07.841048Z,2026-09-06T21:22:10.962053Z,"Senior Manager, Global Card Business Development & Operations",Binance,"ASIA / HONG KONG / TAIWAN, TAIPEI / KUALA LUMPUR / AUSTRALIA, BRISBANE / AUSTRALIA, MELBOURNE / AUSTRALIA, SYDNEY / UAE, DUBAI,REMOTE",remote,Full-time,Senior,,,,,USD,Sales / Business Development,Sales,,Sales,Direct opportunity at Binance. Apply directly via official candidate link.,https://jobs.lever.co/binance/5b9c23ed-88de-495c-a7f6-136c3afd9676,active,scraped
job_scraped_886e5e116e,2026-09-04T15:14:07.841048Z,2026-09-06T21:22:10.962053Z,Government Relations - Japan,Binance,"JAPAN, TOKYO,HYBRID",hybrid,Full-time,Mid-Level,,,,,USD,Engineering / Development,Engineering,,Engineering,Direct opportunity at Binance. Apply directly via official candidate link.,https://jobs.lever.co/binance/d40d7faf-59dc-4374-8504-370a3d33b674,active,scraped
job_scraped_38eaf442c9,2026-09-04T15:14:07.841048Z,2026-09-06T21:22:10.962053Z,Senior PR Manager - SEA,Binance,"SOUTH EAST ASIA,REMOTE",remote,Full-time,Senior,,,,,USD,Marketing / PR,Marketing,,Marketing,Direct opportunity at Binance. Apply directly via official candidate link.,https://jobs.lever.co/binance/897eba39-2dd6-4614-956e-dc5da75afaf6,active,scraped
job_scraped_8c672364d3,2026-09-04T15:14:07.841048Z,2026-09-06T21:22:10.962053Z,Customer Service Business Process Specialist (Mandarin Speaker),Binance,"ASIA / SOUTH EAST ASIA,REMOTE",remote,Full-time,Mid-Level,,,,,USD,Engineering / Development,Engineering,,Engineering,Direct opportunity at Binance. Apply directly via official candidate link.,https://jobs.lever.co/binance/ba1c88e9-1684-4c6d-aae4-d91292c475b6,active,scraped
job_scraped_307f6d34e1,2026-09-04T15:14:07.841048Z,2026-09-06T21:22:10.962053Z,Customer Service Representative (Spanish and Portuguese speaker),Binance,"COLOMBIA, BOGOTA / ARGENTINA, BUENOS AIRES,REMOTE",remote,Full-time,Mid-Level,,,,,USD,Engineering / Development,Engineering,,Engineering,Direct opportunity at Binance. Apply directly via official candidate link.,https://jobs.lever.co/binance/8b668c72-88f1-45be-b8bb-70cc8620e6b5,active,scraped
job_scraped_0293365195,2026-09-04T15:14:07.841048Z,2026-09-06T21:22:10.962053Z,Data Analytics Manager,Binance,"ASIA / HONG KONG / TAIWAN, TAIPEI,REMOTE",remote,Full-time,Mid-Level,,,,,USD,Engineering / Development,Engineering,,Engineering,Direct opportunity at Binance. Apply directly via official candidate link.,https://jobs.lever.co/binance/88a5d981-4dbd-4571-80f1-b72321e67eb6,active,scraped
job_scraped_4e194be273,2026-09-04T15:14:07.841048Z,2026-09-06T21:22:10.962053Z,Binance Accelerator Program - Research On Chain Data Analyst,Binance,"ASIA / HONG KONG / TAIWAN, TAIPEI,HYBRID",hybrid,Full-time,Mid-Level,,,,,USD,Research / Economics,Research,,Research,Direct opportunity at Binance. Apply directly via official candidate link.,https://jobs.lever.co/binance/fb9d588a-e49e-4496-a464-9c6c5cc4ca46,active,scraped
job_scraped_b7b7a0bbf4,2026-09-04T15:14:07.841048Z,2026-09-06T21:22:10.962053Z,Backend Developer (Java),Binance,"HONG KONG / TAIWAN, TAIPEI / ASIA,REMOTE",remote,Full-time,Mid-Level,,,,,USD,Engineering / Development,Engineering,,Engineering,Direct opportunity at Binance. Apply directly via official candidate link.,https://jobs.lever.co/binance/97b01aae-f5dc-489a-9683-e9858adca807,active,scraped
job_scraped_b4fa0e72b9,2026-09-04T15:14:07.841048Z,2026-09-06T21:22:10.962053Z,"Backend Developer, Binance Square (Golang, Python, Java)",Binance,"ASIA / TAIWAN, TAIPEI / SOUTH EAST ASIA / VIETNAM, HO CHI MINH / THAILAND, BANGKOK / HONG KONG / AUSTRALIA, BRISBANE / AUSTRALIA, MELBOURNE / AUSTRALIA, SYDNEY,REMOTE",remote,Full-time,Mid-Level,,,,,USD,Engineering / Development,Go|Python,,Go|Python,Direct opportunity at Binance. Apply directly via official candidate link.,https://jobs.lever.co/binance/517f9531-86cc-4260-924f-6240e4bf8b36,active,scraped
job_scraped_4b2f5dc1c0,2026-09-04T15:14:07.841048Z,2026-09-06T21:22:10.962053Z,Backend Java Engineer - Kazakhstan/Russian speaker (6 months Contract),Binance,"EUROPE / REMOTE / POLAND, WARSAW / NORWAY, OSLO / GLOBAL / POLAND, KRAKOW / ROMANIA, BUCHAREST / ROMANIA, IAȘI / SOUTHERN EUROPE / SPAIN, BARCELONA / SPAIN, MADRID / UK, LONDON,REMOTE",remote,Full-time,Mid-Level,,,,,USD,Engineering / Development,Engineering,,Engineering,Direct opportunity at Binance. Apply directly via official candidate link.,https://jobs.lever.co/binance/60a2d99e-4882-470c-8ffb-356d17f04c47,active,scraped
job_scraped_5eabb519b8,2026-09-04T15:14:07.841048Z,2026-09-06T21:22:10.962053Z,"Binance Accelerator Program - AI Engineer, Dev Tools",Binance,"ASIA / TAIWAN, TAIPEI / HONG KONG,REMOTE",remote,Full-time,Mid-Level,,,,,USD,Engineering / Development,Engineering,,Engineering,Direct opportunity at Binance. Apply directly via official candidate link.,https://jobs.lever.co/binance/ba663e18-e640-4368-af28-7cfe051aab61,active,scraped
job_scraped_84ecc4629e,2026-09-04T15:14:07.841048Z,2026-09-06T21:22:10.962053Z,Binance Accelerator Program - AI Intelligence Efficiency Engineer,Binance,"ASIA,REMOTE",remote,Full-time,Mid-Level,,,,,USD,Engineering / Development,Engineering,,Engineering,Direct opportunity at Binance. Apply directly via official candidate link.,https://jobs.lever.co/binance/b3f90add-c407-45c9-b306-05b06d9a8054,active,scraped
job_scraped_2eafe0652b,2026-09-04T15:14:07.841048Z,2026-09-06T21:22:10.962053Z,Binance Accelerator Program - AI Productivity Engineer,Binance,"ASIA / HONG KONG / TAIWAN, TAIPEI,REMOTE",remote,Full-time,Mid-Level,,,,,USD,Engineering / Development,Product Management,,Product Management,Direct opportunity at Binance. Apply directly via official candidate link.,https://jobs.lever.co/binance/fcaef5ae-d16f-4fe0-b9db-f1824b3a33df,active,scraped
job_scraped_c6bca6bb99,2026-09-04T15:14:07.841048Z,2026-09-06T21:22:10.962053Z,Binance Accelerator Program - Applied AI Agent Developer,Binance,"ASIA / HONG KONG / TAIWAN, TAIPEI,REMOTE",remote,Full-time,Mid-Level,,,,,USD,Engineering / Development,Engineering,,Engineering,Direct opportunity at Binance. Apply directly via official candidate link.,https://jobs.lever.co/binance/0b78f793-4313-4a2a-a4cb-8cbeb2bc7d7b,active,scraped
job_scraped_74db46a2d1,2026-09-04T15:14:07.841048Z,2026-09-06T21:22:10.962053Z,Binance Accelerator Programm - Software Engineer Web3,Binance,"TAIWAN, TAIPEI / ASIA / HONG KONG,REMOTE",remote,Full-time,Mid-Level,,,,,USD,Engineering / Development,Engineering,,Engineering,Direct opportunity at Binance. Apply directly via official candidate link.,https://jobs.lever.co/binance/87bdaff2-8c97-420f-8cbb-20ec0f6c38cb,active,scraped
job_scraped_497d62001b,2026-09-04T15:14:07.841048Z,2026-09-06T21:22:10.962053Z,Full Stack Engineer,Binance,"ASIA / TAIWAN, TAIPEI / HONG KONG,REMOTE",remote,Full-time,Mid-Level,,,,,USD,Engineering / Development,Engineering,,Engineering,Direct opportunity at Binance. Apply directly via official candidate link.,https://jobs.lever.co/binance/767b467a-cb7f-4e48-98a5-de376a0923b0,active,scraped
job_scraped_74bcba98b6,2026-09-04T15:14:07.841048Z,2026-09-06T21:22:10.962053Z,"Pioneer Talent Program - AI Engineer, Dev Tools",Binance,"ASIA / HONG KONG / TAIWAN, TAIPEI,REMOTE",remote,Full-time,Mid-Level,,,,,USD,Engineering / Development,Engineering,,Engineering,Direct opportunity at Binance. Apply directly via official candidate link.,https://jobs.lever.co/binance/99631399-d024-47b5-ade5-8bd1e947f782,active,scraped
job_scraped_b63cd684a4,2026-09-04T15:14:07.841048Z,2026-09-06T21:22:10.962053Z,Pioneer Talent Program - AI Productivity Engineer,Binance,"ASIA / TAIWAN, TAIPEI / HONG KONG,REMOTE",remote,Full-time,Mid-Level,,,,,USD,Engineering / Development,Product Management,,Product Management,Direct opportunity at Binance. Apply directly via official candidate link.,https://jobs.lever.co/binance/f6e78b0c-f9a5-459b-ac09-d8951f9a47ba,active,scraped
job_scraped_c43859d6b2,2026-09-04T15:14:07.841048Z,2026-09-06T21:22:10.962053Z,"Senior Golang Engineer (Recommendation), Strategy Engine",Binance,"HONG KONG / TAIWAN, TAIPEI / ASIA / AUSTRALIA, BRISBANE / AUSTRALIA, MELBOURNE / AUSTRALIA, SYDNEY / SOUTH EAST ASIA / VIETNAM, HO CHI MINH,REMOTE",remote,Full-time,Senior,,,,,USD,Engineering / Development,Go,,Go,Direct opportunity at Binance. Apply directly via official candidate link.,https://jobs.lever.co/binance/eb2c1d7c-ad2c-4c76-b929-efb1a79cd5d8,active,scraped
job_scraped_0f54c925f6,2026-09-04T15:14:07.841048Z,2026-09-06T21:22:10.962053Z,Senior Java Developer - Exchange Service,Binance,"ASIA / TAIWAN, TAIPEI,HYBRID",hybrid,Full-time,Senior,,,,,USD,Engineering / Development,Engineering,,Engineering,Direct opportunity at Binance. Apply directly via official candidate link.,https://jobs.lever.co/binance/9e51f1b1-031d-4f6d-97db-5081f1a1b940,active,scraped
job_scraped_0095ca0512,2026-09-04T15:14:07.841048Z,2026-09-06T21:22:10.962053Z,"Java Backend Engineer (AI/LLM Chatbot, Customer Service)",Binance,"ASIA / TAIWAN, TAIPEI / THAILAND, BANGKOK / SOUTH EAST ASIA / VIETNAM, HO CHI MINH / AUSTRALIA, BRISBANE / AUSTRALIA, MELBOURNE / AUSTRALIA, SYDNEY,REMOTE",remote,Full-time,Mid-Level,,,,,USD,Engineering / Development,Engineering,,Engineering,Direct opportunity at Binance. Apply directly via official candidate link.,https://jobs.lever.co/binance/853feeaa-7584-4ee0-8173-dad1b548141a,active,scraped
job_scraped_823dffbd47,2026-09-04T15:14:07.841048Z,2026-09-06T21:22:10.962053Z,Senior Data Analyst (AI Compliance),Binance,"ASIA / TAIWAN, TAIPEI / AUSTRALIA, BRISBANE / AUSTRALIA, MELBOURNE / AUSTRALIA, SYDNEY / VIETNAM, HO CHI MINH / HONG KONG,REMOTE",remote,Full-time,Senior,,,,,USD,Legal / Compliance,Compliance,,Compliance,Direct opportunity at Binance. Apply directly via official candidate link.,https://jobs.lever.co/binance/74b46a59-997b-4e73-8002-a0ced88ebafb,active,scraped
job_scraped_c5926e1901,2026-09-04T15:14:07.841048Z,2026-09-06T21:22:10.962053Z,Binance Accelerator Program - Applied AI Agent Engineer,Binance,"TAIWAN, TAIPEI / HONG KONG / ASIA / AUSTRALIA, BRISBANE / AUSTRALIA, MELBOURNE / AUSTRALIA, SYDNEY / NEW ZEALAND, AUCKLAND / NEW ZEALAND, WELLINGTON,REMOTE",remote,Full-time,Mid-Level,,,,,USD,Engineering / Development,Engineering,,Engineering,Direct opportunity at Binance. Apply directly via official candidate link.,https://jobs.lever.co/binance/303def79-701c-4b29-aceb-e07877a22d1d,active,scraped
job_scraped_2e29a65cf1,2026-09-04T15:14:07.841048Z,2026-09-06T21:22:10.962053Z,Binance Accelerator Program - AI Research Scientist (LLM Reasoning & Post-Training),Binance,"ASIA / TAIWAN, TAIPEI / HONG KONG,REMOTE",remote,Full-time,Mid-Level,,,,,USD,Research / Economics,Research,,Research,Direct opportunity at Binance. Apply directly via official candidate link.,https://jobs.lever.co/binance/e7f93f9f-9e39-4a3f-87e3-4dea1efb79b1,active,scraped
job_scraped_0e412255d4,2026-09-04T15:14:07.841048Z,2026-09-06T21:22:10.962053Z,Binance Accelerator Program - Applied AI Application Engineer,Binance,"ASIA,REMOTE",remote,Full-time,Mid-Level,,,,,USD,Engineering / Development,Engineering,,Engineering,Direct opportunity at Binance. Apply directly via official candidate link.,https://jobs.lever.co/binance/ef77ec2f-1ffa-49bc-a18d-9f019ca1edae,active,scraped
job_scraped_6fa7fb6121,2026-09-04T15:14:07.841048Z,2026-09-06T21:22:10.962053Z,Binance Accelerator Program - Applied Data Scientist,Binance,"ASIA / TAIWAN, TAIPEI / VIETNAM, HO CHI MINH / JAPAN, TOKYO / THAILAND, BANGKOK / AUSTRALIA, SYDNEY,REMOTE",remote,Full-time,Mid-Level,,,,,USD,Research / Economics,Research,,Research,Direct opportunity at Binance. Apply directly via official candidate link.,https://jobs.lever.co/binance/ae1a07c1-c971-403c-906b-79d8c16e4f2d,active,scraped
job_scraped_f641d4abb3,2026-09-04T15:14:07.841048Z,2026-09-06T21:22:10.962053Z,Binance Accelerator Program - Data Scientist (Recommendation/Square Community),Binance,"ASIA / HONG KONG / TAIWAN, TAIPEI,REMOTE",remote,Full-time,Mid-Level,,,,,USD,Research / Economics,Research,,Research,Direct opportunity at Binance. Apply directly via official candidate link.,https://jobs.lever.co/binance/684ead60-5f7f-4ed9-bfc5-9f69c67af9a6,active,scraped
job_scraped_6e7d614194,2026-09-04T15:14:07.841048Z,2026-09-06T21:22:10.962053Z,Binance Accelerator Program - Research Data Scientist,Binance,"ASIA / TAIWAN, TAIPEI / HONG KONG,REMOTE",remote,Full-time,Mid-Level,,,,,USD,Research / Economics,Research,,Research,Direct opportunity at Binance. Apply directly via official candidate link.,https://jobs.lever.co/binance/ca44ee4e-392b-4745-9ad9-8e287f5a6d37,active,scraped
job_scraped_9a183395b9,2026-09-04T15:14:07.841048Z,2026-09-06T21:22:10.962053Z,Binance Accelerator Programme - LLM Data Scientist,Binance,"ASIA / TAIWAN, TAIPEI,REMOTE",remote,Full-time,Mid-Level,,,,,USD,Research / Economics,Research,,Research,Direct opportunity at Binance. Apply directly via official candidate link.,https://jobs.lever.co/binance/e21ea35c-3cb2-479e-9d74-c8149441d9fb,active,scraped
job_scraped_1435a476d5,2026-09-04T15:14:07.841048Z,2026-09-06T21:22:10.962053Z,Data Scientist (Search & Recommendation),Binance,"ASIA / HONG KONG / TAIWAN, TAIPEI / AUSTRALIA, SYDNEY,REMOTE",hybrid,Full-time,Mid-Level,,,,,USD,Research / Economics,Research,,Research,Direct opportunity at Binance. Apply directly via official candidate link.,https://jobs.lever.co/binance/6b21b701-03c9-42ab-8519-a294c7256b0c,active,scraped
job_scraped_3b1cacb06f,2026-09-04T15:14:07.841048Z,2026-09-06T21:22:10.962053Z,"Data Scientist, Market Growth (Lifecycle)",Binance,"ASIA / HONG KONG / TAIWAN, TAIPEI / AUSTRALIA, BRISBANE / AUSTRALIA, MELBOURNE / AUSTRALIA, SYDNEY / JAPAN, TOKYO / SOUTH KOREA, SEOUL,REMOTE",remote,Full-time,Mid-Level,,,,,USD,Research / Economics,Research,,Research,Direct opportunity at Binance. Apply directly via official candidate link.,https://jobs.lever.co/binance/16d56d5d-98c0-4942-9a22-54ca4b2b33e9,active,scraped
job_scraped_09f57fc9d9,2026-09-04T15:14:07.841048Z,2026-09-06T21:22:10.962053Z,Data Scientist（LLM）,Binance,"TAIWAN, TAIPEI / HONG KONG / ASIA,HYBRID",hybrid,Full-time,Mid-Level,,,,,USD,Research / Economics,Research,,Research,Direct opportunity at Binance. Apply directly via official candidate link.,https://jobs.lever.co/binance/b44b5f08-7cfd-48bd-b2a1-03b6ffb987c7,active,scraped
job_scraped_e01fc8a1b3,2026-09-04T15:14:07.841048Z,2026-09-06T21:22:10.962053Z,LLM Applied Data Scientist (RAG/ NLP),Binance,"TAIWAN, TAIPEI / HONG KONG / AUSTRALIA, BRISBANE,REMOTE",remote,Full-time,Mid-Level,,,,,USD,Research / Economics,Research,,Research,Direct opportunity at Binance. Apply directly via official candidate link.,https://jobs.lever.co/binance/834478e8-854c-40d0-8093-7bc0a5e080d5,active,scraped
job_scraped_4926f0ea4b,2026-09-04T15:14:07.841048Z,2026-09-06T21:22:10.962053Z,LLM Data Scientist/Algorithm Engineer,Binance,"ASIA / NEW ZEALAND, AUCKLAND / NEW ZEALAND, WELLINGTON / AUSTRALIA, BRISBANE / AUSTRALIA, MELBOURNE / AUSTRALIA, SYDNEY / TAIWAN, TAIPEI / HONG KONG / JAPAN, TOKYO / SWITZERLAND, ZURICH,REMOTE",remote,Full-time,Mid-Level,,,,,USD,Engineering / Development,Engineering,,Engineering,Direct opportunity at Binance. Apply directly via official candidate link.,https://jobs.lever.co/binance/80a64970-528f-4d90-aada-84284bd6f1f3,active,scraped
job_scraped_ed2a8d965f,2026-09-04T15:14:07.841048Z,2026-09-06T21:22:10.962053Z,Pioneer Talent Program - Applied Data Scientist,Binance,"ASIA / HONG KONG,HYBRID",hybrid,Full-time,Mid-Level,,,,,USD,Research / Economics,Research,,Research,Direct opportunity at Binance. Apply directly via official candidate link.,https://jobs.lever.co/binance/9d5af64f-be8d-4cbf-a096-5a5a4294afbe,active,scraped
job_scraped_c149bed0bf,2026-09-04T15:14:07.841048Z,2026-09-06T21:22:10.962053Z,Pioneer Talent Program - Research Data Scientist,Binance,"ASIA / TAIWAN, TAIPEI / HONG KONG,REMOTE",remote,Full-time,Mid-Level,,,,,USD,Research / Economics,Research,,Research,Direct opportunity at Binance. Apply directly via official candidate link.,https://jobs.lever.co/binance/efa6ff12-8332-4e08-b587-e88f7ea68177,active,scraped
job_scraped_21211c1473,2026-09-04T15:14:07.841048Z,2026-09-06T21:22:10.962053Z,Research Scientist - LLM Foundation Models,Binance,"TAIWAN, TAIPEI / AUSTRALIA, BRISBANE / AUSTRALIA, MELBOURNE / AUSTRALIA, SYDNEY / THAILAND, BANGKOK / SOUTH EAST ASIA / VIETNAM, HO CHI MINH / HONG KONG / ASIA / NEW ZEALAND, AUCKLAND / NEW ZEALAND, WELLINGTON,HYBRID",hybrid,Full-time,Mid-Level,,,,,USD,Research / Economics,Research,,Research,Direct opportunity at Binance. Apply directly via official candidate link.,https://jobs.lever.co/binance/61081858-6041-489c-8e6a-cf9e7a604060,active,scraped
job_scraped_7dd5349919,2026-09-04T15:14:07.841048Z,2026-09-06T21:22:10.962053Z,Senior Large Language Model Algorithm Engineer/Expert,Binance,"ASIA,HYBRID",hybrid,Full-time,Senior,,,,,USD,Engineering / Development,Engineering,,Engineering,Direct opportunity at Binance. Apply directly via official candidate link.,https://jobs.lever.co/binance/c0980db4-ea30-4f3a-be47-a17fe8424ceb,active,scraped
job_scraped_4abfa8ccf4,2026-09-04T15:14:07.841048Z,2026-09-06T21:22:10.962053Z,Binance Accelerator Program - TechOps Engineer (APAC Timezone),Binance,"ASIA / TAIWAN, TAIPEI,REMOTE",remote,Full-time,Mid-Level,,,,,USD,Engineering / Development,Engineering,,Engineering,Direct opportunity at Binance. Apply directly via official candidate link.,https://jobs.lever.co/binance/8cd93838-3c12-4386-8dc2-8dfe69873e27,active,scraped
job_scraped_90555b65c7,2026-09-04T15:14:07.841048Z,2026-09-06T21:22:10.962053Z,Binance Accelerator Program - TechOps Engineer (EMEA Timezone),Binance,"ASIA / TAIWAN, TAIPEI / UAE, DUBAI,REMOTE",remote,Full-time,Mid-Level,,,,,USD,Engineering / Development,Engineering,,Engineering,Direct opportunity at Binance. Apply directly via official candidate link.,https://jobs.lever.co/binance/b1b01056-0de9-4b4a-9962-bee31fb8e7d3,active,scraped
job_scraped_8db8ca4be7,2026-09-04T15:14:07.841048Z,2026-09-06T21:22:10.962053Z,Binance Accelerator Program - Frontend Engineer (for current students),Binance,"ASIA,HYBRID",hybrid,Full-time,Mid-Level,,,,,USD,Engineering / Development,Engineering,,Engineering,Direct opportunity at Binance. Apply directly via official candidate link.,https://jobs.lever.co/binance/f539d94a-a8ce-45a4-9cf4-2a84b8e978cd,active,scraped
job_scraped_018f8065e1,2026-09-04T15:14:07.841048Z,2026-09-06T21:22:10.962053Z,Front-end Developer (Futures),Binance,"ASIA / TAIWAN, TAIPEI,REMOTE",remote,Full-time,Mid-Level,,,,,USD,Engineering / Development,Engineering,,Engineering,Direct opportunity at Binance. Apply directly via official candidate link.,https://jobs.lever.co/binance/ff83a594-78bf-4870-8861-41c3de299d7d,active,scraped
job_scraped_87c430a7f2,2026-09-04T15:14:07.841048Z,2026-09-06T21:22:10.962053Z,Senior Frontend Developer - Wallet,Binance,"SOUTH EAST ASIA / TAIWAN, TAIPEI,REMOTE",remote,Full-time,Senior,,,,,USD,Engineering / Development,Engineering,,Engineering,Direct opportunity at Binance. Apply directly via official candidate link.,https://jobs.lever.co/binance/abdbf40b-e4a5-45c2-bea5-aca55af09760,active,scraped
job_scraped_1fbe87f2dc,2026-09-04T15:14:07.841048Z,2026-09-06T21:22:10.962053Z,Senior Frontend Engineer - Stablecoin,Binance,"ASIA / TAIWAN, TAIPEI / UAE, DUBAI,REMOTE",remote,Full-time,Senior,,,,,USD,Engineering / Development,Engineering,,Engineering,Direct opportunity at Binance. Apply directly via official candidate link.,https://jobs.lever.co/binance/d1a13207-95f2-484a-976f-a25593eaa3e9,active,scraped
job_scraped_b6ca3c5f0a,2026-09-04T15:14:07.841048Z,2026-09-06T21:22:10.962053Z,iOS Architect,Binance,"ASIA / VIETNAM, HO CHI MINH / TAIWAN, TAIPEI / HONG KONG,REMOTE",remote,Full-time,Mid-Level,,,,,USD,Engineering / Development,Engineering,,Engineering,Direct opportunity at Binance. Apply directly via official candidate link.,https://jobs.lever.co/binance/5499b3e1-ce03-4f4f-ba4d-13ea55ba8ffe,active,scraped
job_scraped_47c8a9a8d8,2026-09-04T15:14:07.841048Z,2026-09-06T21:22:10.962053Z,Senior Android Architect (Performance Optimization/AI),Binance,"ASIA / TAIWAN, TAIPEI / HONG KONG / NEW ZEALAND, AUCKLAND / NEW ZEALAND, WELLINGTON / AUSTRALIA, BRISBANE / AUSTRALIA, MELBOURNE / AUSTRALIA, SYDNEY,ON-SITE",onsite,Full-time,Senior,,,,,USD,Engineering / Development,Engineering,,Engineering,Direct opportunity at Binance. Apply directly via official candidate link.,https://jobs.lever.co/binance/a26e0e55-ee40-412d-b2e6-521dbbe8aa52,active,scraped
job_scraped_711082464c,2026-09-04T15:14:07.841048Z,2026-09-06T21:22:10.962053Z,"Senior Android Engineer, Futures",Binance,"ASIA / TAIWAN, TAIPEI / SOUTH EAST ASIA,REMOTE",remote,Full-time,Senior,,,,,USD,Engineering / Development,Engineering,,Engineering,Direct opportunity at Binance. Apply directly via official candidate link.,https://jobs.lever.co/binance/614d983f-57a4-4db3-bb30-48d7a0825221,active,scraped
job_scraped_8d25a0e49f,2026-09-04T15:14:07.841048Z,2026-09-06T21:22:10.962053Z,"Senior Flutter Engineer (iOS, Android)",Binance,"ASIA / HONG KONG / TAIWAN, TAIPEI,REMOTE",remote,Full-time,Senior,,,,,USD,Engineering / Development,Engineering,,Engineering,Direct opportunity at Binance. Apply directly via official candidate link.,https://jobs.lever.co/binance/4cba8c12-a297-4036-84db-aef836169a36,active,scraped
job_scraped_9f2f313c0d,2026-09-04T15:14:07.841048Z,2026-09-06T21:22:10.962053Z,"Senior iOS Engineer, Futures",Binance,"ASIA / TAIWAN, TAIPEI,REMOTE",remote,Full-time,Senior,,,,,USD,Engineering / Development,Engineering,,Engineering,Direct opportunity at Binance. Apply directly via official candidate link.,https://jobs.lever.co/binance/fcde5d37-6ed1-4205-9bb2-34c6476eb872,active,scraped
job_scraped_355f53ffe4,2026-09-04T15:14:07.841048Z,2026-09-06T21:22:10.962053Z,Binance Accelerator Program - Performance Engineer,Binance,"ASIA / TAIWAN, TAIPEI,REMOTE",remote,Full-time,Mid-Level,,,,,USD,Engineering / Development,Engineering,,Engineering,Direct opportunity at Binance. Apply directly via official candidate link.,https://jobs.lever.co/binance/12fb8c98-299b-4704-b1ce-d1a2c5325f64,active,scraped
job_scraped_aff0858b92,2026-09-04T15:14:07.841048Z,2026-09-06T21:22:10.962053Z,Binance Accelerator Program - QA,Binance,"ASIA / HONG KONG / TAIWAN, TAIPEI,REMOTE",remote,Full-time,Mid-Level,,,,,USD,Engineering / Development,Engineering,,Engineering,Direct opportunity at Binance. Apply directly via official candidate link.,https://jobs.lever.co/binance/2603f3c0-75cb-4d49-b8de-cb4ade0e8b39,active,scraped
job_scraped_505096ccb6,2026-09-04T15:14:07.841048Z,2026-09-06T21:22:10.962053Z,Binance Accelerator Program - QA (Cloud),Binance,"ASIA / HONG KONG / TAIWAN, TAIPEI,REMOTE",remote,Full-time,Mid-Level,,,,,USD,Engineering / Development,Engineering,,Engineering,Direct opportunity at Binance. Apply directly via official candidate link.,https://jobs.lever.co/binance/6867adf0-87e2-49a1-bb1e-304336c44fe1,active,scraped
job_scraped_be418885f8,2026-09-04T15:14:07.841048Z,2026-09-06T21:22:10.962053Z,Binance Accelerator Program - QA (Web3),Binance,"ASIA / TAIWAN, TAIPEI,HYBRID",hybrid,Full-time,Mid-Level,,,,,USD,Engineering / Development,Engineering,,Engineering,Direct opportunity at Binance. Apply directly via official candidate link.,https://jobs.lever.co/binance/1046727e-f855-44ef-a18d-37c2bfb9d6d6,active,scraped
job_scraped_fb97ed2da2,2026-09-04T15:14:07.841048Z,2026-09-06T21:22:10.962053Z,Binance Accelerator Program - QA Tooling Developer (Quality & Efficiency),Binance,"ASIA / TAIWAN, TAIPEI,ON-SITE",onsite,Full-time,Mid-Level,,,,,USD,Engineering / Development,Engineering,,Engineering,Direct opportunity at Binance. Apply directly via official candidate link.,https://jobs.lever.co/binance/95d5f25b-583c-4f36-b4a3-4d5ac249b269,active,scraped
job_scraped_657734d144,2026-09-04T15:14:07.841048Z,2026-09-06T21:22:10.962053Z,QA Engineer - Automation (Coding),Binance,"ASIA / TAIWAN, TAIPEI / HONG KONG / AUSTRALIA, BRISBANE / AUSTRALIA, MELBOURNE / AUSTRALIA, SYDNEY / NEW ZEALAND, AUCKLAND / NEW ZEALAND, WELLINGTON,REMOTE",remote,Full-time,Mid-Level,,,,,USD,Engineering / Development,Engineering,,Engineering,Direct opportunity at Binance. Apply directly via official candidate link.,https://jobs.lever.co/binance/eee16b8f-9b9d-473d-8d0f-cde36cdf83cd,active,scraped
job_scraped_eef413fc3e,2026-09-04T15:14:07.841048Z,2026-09-06T21:22:10.962053Z,Senior Performance Engineer,Binance,"ASIA / HONG KONG / TAIWAN, TAIPEI,REMOTE",remote,Full-time,Senior,,,,,USD,Engineering / Development,Engineering,,Engineering,Direct opportunity at Binance. Apply directly via official candidate link.,https://jobs.lever.co/binance/7cab4858-ede6-4e29-a62f-a0abf5ca3b50,active,scraped
job_scraped_21f21d6afc,2026-09-04T15:14:07.841048Z,2026-09-06T21:22:10.962053Z,"Procurement Manager, Professional Services and Marketing",Binance,"ASIA / TAIWAN, TAIPEI / HONG KONG / SOUTH EAST ASIA,REMOTE",remote,Full-time,Mid-Level,,,,,USD,Marketing / PR,Marketing,,Marketing,Direct opportunity at Binance. Apply directly via official candidate link.,https://jobs.lever.co/binance/7379cea5-871b-4258-a914-572819c2dd54,active,scraped
job_scraped_02f3d7369e,2026-09-04T15:14:07.841048Z,2026-09-06T21:22:10.962053Z,Financial Accountant/ Manager (CIS),Binance,"KAZAKHSTAN, ASTANA,REMOTE",remote,Full-time,Mid-Level,,,,,USD,Engineering / Development,Engineering,,Engineering,Direct opportunity at Binance. Apply directly via official candidate link.,https://jobs.lever.co/binance/ab162992-e8c8-457e-8dce-540ab05d1606,active,scraped
job_scraped_221511464b,2026-09-04T15:14:07.841048Z,2026-09-06T21:22:10.962053Z,Senior Talent Acquisition Specialist (Technical and Product),Binance,"ASIA / HONG KONG,REMOTE",remote,Full-time,Senior,,,,,USD,HR / Recruiting,Product Management,,Product Management,Direct opportunity at Binance. Apply directly via official candidate link.,https://jobs.lever.co/binance/a1124a16-3dfe-4547-b0e9-90aa402ebfde,active,scraped
job_scraped_782831c761,2026-09-04T15:14:07.841048Z,2026-09-06T21:22:10.962053Z,"Talent Acquisition Specialist (Tech Focus, 6 months contract, Remote)",Binance,"ASIA / HONG KONG / TAIWAN, TAIPEI,REMOTE",remote,Full-time,Mid-Level,,,,,USD,HR / Recruiting,HR,,HR,Direct opportunity at Binance. Apply directly via official candidate link.,https://jobs.lever.co/binance/afb2f865-cdfb-4a86-b08a-aee3e31c8cf7,active,scraped
job_scraped_72d8553592,2026-09-04T15:14:07.841048Z,2026-09-06T21:22:10.962053Z,Compliance EDD & High Risk Client Team Lead,Binance,"LATIN AMERICA,REMOTE",remote,Full-time,Lead,,,,,USD,Legal / Compliance,Compliance,,Compliance,Direct opportunity at Binance. Apply directly via official candidate link.,https://jobs.lever.co/binance/7bf3be0e-75ca-4661-a5ff-054dcc140f38,active,scraped
job_scraped_86d13cb184,2026-09-04T15:14:07.841048Z,2026-09-06T21:22:10.962053Z,Compliance EDD/High Risk Client Analyst,Binance,"LATIN AMERICA,REMOTE",remote,Full-time,Mid-Level,,,,,USD,Legal / Compliance,Compliance,,Compliance,Direct opportunity at Binance. Apply directly via official candidate link.,https://jobs.lever.co/binance/38e15bea-015c-47c6-9fb8-d48b95382b27,active,scraped
job_scraped_07c39fc0d3,2026-09-04T15:14:07.841048Z,2026-09-06T21:22:10.962053Z,Global Financial Crime/Sanctions Legal Counsel,Binance,"UK, LONDON / UAE, DUBAI / ASIA / EUROPE / HONG KONG,REMOTE",remote,Full-time,Mid-Level,,,,,USD,Legal / Compliance,Legal,,Legal,Direct opportunity at Binance. Apply directly via official candidate link.,https://jobs.lever.co/binance/4bf08930-4450-4d83-ae70-5d7b38c48c88,active,scraped
job_scraped_b3f6dd07a0,2026-09-04T15:14:07.841048Z,2026-09-06T21:22:10.962053Z,Regulatory Counsel - US Monitorships,Binance,"GLOBAL,REMOTE",remote,Full-time,Mid-Level,,,,,USD,Legal / Compliance,Legal,,Legal,Direct opportunity at Binance. Apply directly via official candidate link.,https://jobs.lever.co/binance/c6b628f0-ac41-4c63-a829-edd7e8fc834d,active,scraped
job_scraped_9ba5ac9914,2026-09-04T15:14:07.841048Z,2026-09-06T21:22:10.962053Z,Regulatory Counsel - South Africa,Binance,"SOUTH AFRICA, CAPE TOWN,REMOTE",remote,Full-time,Mid-Level,,,,,USD,Legal / Compliance,Legal,,Legal,Direct opportunity at Binance. Apply directly via official candidate link.,https://jobs.lever.co/binance/b416961d-ea0a-4eee-b53e-94097d9d11ba,active,scraped
job_scraped_4713eedc1b,2026-09-04T15:14:07.841048Z,2026-09-06T21:22:10.962053Z,Senior Corporate Legal Counsel,Binance,"UK, LONDON / UAE, DUBAI / UAE, ABU DHABI,REMOTE",remote,Full-time,Senior,,,,,USD,Legal / Compliance,Legal,,Legal,Direct opportunity at Binance. Apply directly via official candidate link.,https://jobs.lever.co/binance/257a6829-fa82-46fa-a09b-f3026ed7d2b2,active,scraped
job_scraped_74cf15fa6e,2026-09-04T15:14:07.841048Z,2026-09-06T21:22:10.962053Z,Affiliate BD - Greater China,Binance,"ASIA,REMOTE",remote,Full-time,Mid-Level,,,,,USD,Sales / Business Development,Sales,,Sales,Direct opportunity at Binance. Apply directly via official candidate link.,https://jobs.lever.co/binance/0cb402ad-7715-4127-ad25-14ab4b142983,active,scraped
job_scraped_b0f6cfb429,2026-09-04T15:14:07.841048Z,2026-09-06T21:22:10.962053Z,Growth Campaign Manager,Binance,"PERU, LIMA / COLOMBIA, BOGOTA,REMOTE",remote,Full-time,Mid-Level,,,,,USD,Engineering / Development,Engineering,,Engineering,Direct opportunity at Binance. Apply directly via official candidate link.,https://jobs.lever.co/binance/3d0c1d44-3881-4a4a-87e2-53e3edb8f48f,active,scraped
job_scraped_f79f3f0432,2026-09-04T15:14:07.841048Z,2026-09-06T21:22:10.962053Z,Marketing Manager - CIS,Binance,"CIS REGION / MOLDOVA, CHIȘINĂU,REMOTE",remote,Full-time,Mid-Level,,,,,USD,Marketing / PR,Marketing,,Marketing,Direct opportunity at Binance. Apply directly via official candidate link.,https://jobs.lever.co/binance/496d1fb3-85aa-4f8a-8f18-7a67d667e7e7,active,scraped
job_scraped_7bdb28c6ca,2026-09-04T15:14:07.841048Z,2026-09-06T21:22:10.962053Z,Marketing Manager – Events & Community (Australia),Binance,"AUSTRALIA, SYDNEY / AUSTRALIA, MELBOURNE / AUSTRALIA, BRISBANE,HYBRID",hybrid,Full-time,Mid-Level,,,,,USD,Marketing / PR,Marketing,,Marketing,Direct opportunity at Binance. Apply directly via official candidate link.,https://jobs.lever.co/binance/1ad0e432-cedf-4828-b83a-b31df74049a3,active,scraped
job_scraped_057a75be2d,2026-09-04T15:14:07.841048Z,2026-09-06T21:22:10.962053Z,Regional Branding & Partnerships Manager - LATAM,Binance,"BRAZIL, SAO PAULO / ARGENTINA, BUENOS AIRES / MEXICO, MEXICO CITY,HYBRID",hybrid,Full-time,Mid-Level,,,,,USD,Sales / Business Development,Sales,,Sales,Direct opportunity at Binance. Apply directly via official candidate link.,https://jobs.lever.co/binance/53357ba5-a562-4e82-b533-0f863bd71a52,active,scraped
job_scraped_b33c1c4fca,2026-09-04T15:14:07.841048Z,2026-09-06T21:22:10.962053Z,Senior Marketing Manager- Japan,Binance,"JAPAN, TOKYO,REMOTE",remote,Full-time,Senior,,,,,USD,Marketing / PR,Marketing,,Marketing,Direct opportunity at Binance. Apply directly via official candidate link.,https://jobs.lever.co/binance/d462b313-674b-4985-8789-bc5f4f45b6b9,active,scraped
job_scraped_a770046048,2026-09-04T15:14:07.841048Z,2026-09-06T21:22:10.962053Z,Affiliate Relationship Manager (APAC),Binance,"ASIA / HONG KONG / TAIWAN, TAIPEI / KUALA LUMPUR,REMOTE",remote,Full-time,Mid-Level,,,,,USD,Engineering / Development,Engineering,,Engineering,Direct opportunity at Binance. Apply directly via official candidate link.,https://jobs.lever.co/binance/87033fe9-9dfd-4df4-97b5-d767d86c1634,active,scraped
job_scraped_a53e9f1f4c,2026-09-04T15:14:07.841048Z,2026-09-06T21:22:10.962053Z,Binance Accelerator Program - Affiliate BD (Greater China),Binance,"ASIA,REMOTE",remote,Full-time,Mid-Level,,,,,USD,Sales / Business Development,Sales,,Sales,Direct opportunity at Binance. Apply directly via official candidate link.,https://jobs.lever.co/binance/492e6349-e1c2-4a0c-b5ea-42b81f418192,active,scraped
job_scraped_d523efbe23,2026-09-04T15:14:07.841048Z,2026-09-06T21:22:10.962053Z,Business Analyst,Binance,"HONG KONG / ASIA / UAE, DUBAI,REMOTE",remote,Full-time,Mid-Level,,,,,USD,Research / Economics,Research,,Research,Direct opportunity at Binance. Apply directly via official candidate link.,https://jobs.lever.co/binance/65f08a71-1954-4ee0-a897-d656fb93b066,active,scraped
job_scraped_874ae7c52b,2026-09-04T15:14:07.841048Z,2026-09-06T21:22:10.962053Z,Global Product Marketing Lead,Binance,"UAE, DUBAI / TAIWAN, TAIPEI,REMOTE",remote,Full-time,Lead,,,,,USD,Marketing / PR,Marketing|Product Management,,Marketing|Product Management,Direct opportunity at Binance. Apply directly via official candidate link.,https://jobs.lever.co/binance/e904a594-870c-42bb-9a1a-1ddfc0e53057,active,scraped
job_scraped_48cb8a3bcf,2026-09-04T15:14:07.841048Z,2026-09-06T21:22:10.962053Z,Macro Research Analyst,Binance,"HONG KONG,REMOTE",remote,Full-time,Mid-Level,,,,,USD,Research / Economics,Research,,Research,Direct opportunity at Binance. Apply directly via official candidate link.,https://jobs.lever.co/binance/6a9dfb01-8143-411c-b789-e7881e8aa520,active,scraped
job_scraped_81939b6983,2026-09-04T15:14:07.841048Z,2026-09-06T21:22:10.962053Z,PR KOL Specialist - APAC,Binance,"ASIA / SOUTH EAST ASIA / INDIA, NEW DELHI / SOUTH KOREA, SEOUL / JAPAN, TOKYO,HYBRID",hybrid,Full-time,Mid-Level,,,,,USD,Marketing / PR,Marketing,,Marketing,Direct opportunity at Binance. Apply directly via official candidate link.,https://jobs.lever.co/binance/b22f7d6f-383d-4fc4-8639-bd5e7dfa5bef,active,scraped
job_scraped_1182ccd5e4,2026-09-04T15:14:07.841048Z,2026-09-06T21:22:10.962053Z,PR Relations Specialist - APAC,Binance,"ASIA / SOUTH EAST ASIA / TAIWAN, TAIPEI,HYBRID",hybrid,Full-time,Mid-Level,,,,,USD,Marketing / PR,Marketing,,Marketing,Direct opportunity at Binance. Apply directly via official candidate link.,https://jobs.lever.co/binance/2bf894dc-40c6-481b-9f07-d48840f7e661,active,scraped
job_scraped_f6e1de9c47,2026-09-04T15:14:07.841048Z,2026-09-06T21:22:10.962053Z,Regional Marketing Specialist（South East Asia）,Binance,"PHILIPPINES, MANILA,REMOTE",remote,Full-time,Mid-Level,,,,,USD,Marketing / PR,Marketing,,Marketing,Direct opportunity at Binance. Apply directly via official candidate link.,https://jobs.lever.co/binance/4ae74014-d0de-487e-a7df-b932f3483aff,active,scraped
job_scraped_dd98180d02,2026-09-04T15:14:07.841048Z,2026-09-06T21:22:10.962053Z,Senior Growth Marketing Manager — Ukraine,Binance,"UKRAINE, KYIV / EASTERN EUROPE,REMOTE",remote,Full-time,Senior,,,,,USD,Marketing / PR,Marketing,,Marketing,Direct opportunity at Binance. Apply directly via official candidate link.,https://jobs.lever.co/binance/12d83327-5870-441f-9b0b-6a40d213350a,active,scraped
job_scraped_158ed218d2,2026-09-04T15:14:07.841048Z,2026-09-06T21:22:10.962053Z,Senior Marketing Manager - South Africa,Binance,"SOUTH AFRICA, CAPE TOWN,HYBRID",hybrid,Full-time,Senior,,,,,USD,Marketing / PR,Marketing,,Marketing,Direct opportunity at Binance. Apply directly via official candidate link.,https://jobs.lever.co/binance/9bd96c22-81ba-4a74-979e-592b65faad4e,active,scraped
job_scraped_8901a6f50b,2026-09-04T15:14:07.841048Z,2026-09-06T21:22:10.962053Z,Binance Accelerator Program - Operations (Web3),Binance,"ASIA / TAIWAN, TAIPEI,REMOTE",remote,Full-time,Mid-Level,,,,,USD,Operations / Strategy,Operations,,Operations,Direct opportunity at Binance. Apply directly via official candidate link.,https://jobs.lever.co/binance/ff9b1c8a-b0de-4bb4-a81e-d2cd51f57e31,active,scraped
job_scraped_0f570d4b55,2026-09-04T15:14:07.841048Z,2026-09-06T21:22:10.962053Z,Earn Product Operation(Tradfi),Binance,"HONG KONG / UAE, ABU DHABI,REMOTE",remote,Full-time,Mid-Level,,,,,USD,Engineering / Development,Product Management,,Product Management,Direct opportunity at Binance. Apply directly via official candidate link.,https://jobs.lever.co/binance/c1350863-4d3a-4c85-ba13-7b555a73f942,active,scraped
job_scraped_4eeeb3ef04,2026-09-04T15:14:07.841048Z,2026-09-06T21:22:10.962053Z,Operations Analyst - Brazil,Binance,"BRAZIL, SAO PAULO / LATIN AMERICA,HYBRID",hybrid,Full-time,Mid-Level,,,,,USD,Research / Economics,Research,,Research,Direct opportunity at Binance. Apply directly via official candidate link.,https://jobs.lever.co/binance/1b148889-f898-4579-84f7-dbccfa5fee4a,active,scraped
job_scraped_087da62b96,2026-09-04T15:14:07.841048Z,2026-09-06T21:22:10.962053Z,Operations Manager - South Africa,Binance,"SOUTH AFRICA, CAPE TOWN,HYBRID",hybrid,Full-time,Mid-Level,,,,,USD,Operations / Strategy,Operations,,Operations,Direct opportunity at Binance. Apply directly via official candidate link.,https://jobs.lever.co/binance/909abbaa-aa23-4607-960f-3fcaf8634ff0,active,scraped
job_scraped_63e3f30d12,2026-09-04T15:14:07.841048Z,2026-09-06T21:22:10.962053Z,Operations Specialist (Campaign) - Web3 Wallet,Binance,"TAIWAN, TAIPEI,HYBRID",hybrid,Full-time,Mid-Level,,,,,USD,Operations / Strategy,Operations,,Operations,Direct opportunity at Binance. Apply directly via official candidate link.,https://jobs.lever.co/binance/13e39f02-c039-4496-9b7e-e0a6a91e78d2,active,scraped
job_scraped_668e64f986,2026-09-04T15:14:07.841048Z,2026-09-06T21:22:10.962053Z,Product Specialist- Wallet Operations,Binance,"ASIA / TAIWAN, TAIPEI / HONG KONG,REMOTE",remote,Full-time,Mid-Level,,,,,USD,Operations / Strategy,Product Management,,Product Management,Direct opportunity at Binance. Apply directly via official candidate link.,https://jobs.lever.co/binance/7344ca8b-fee1-41fb-89b1-7f0dba4053ac,active,scraped
job_scraped_a658c989d1,2026-09-04T15:14:07.841048Z,2026-09-06T21:22:10.962053Z,"Senior Product Operation Manager, Binance Square",Binance,"ASIA,HYBRID",hybrid,Full-time,Senior,,,,,USD,Engineering / Development,Product Management,,Product Management,Direct opportunity at Binance. Apply directly via official candidate link.,https://jobs.lever.co/binance/13365c0b-76dc-4774-b82d-c33d40262063,active,scraped
job_scraped_b64c26d7a5,2026-09-04T15:14:07.841048Z,2026-09-06T21:22:10.962053Z,"Quantitative Risk Manager, Derivatives (EU timezone)",Binance,"EUROPE,REMOTE",remote,Full-time,Mid-Level,,,,,USD,Finance / Accounting,Quantitative Analysis,,Quantitative Analysis,Direct opportunity at Binance. Apply directly via official candidate link.,https://jobs.lever.co/binance/8380dff9-eebd-458f-a23f-698e27971872,active,scraped
job_scraped_b54a452591,2026-09-04T15:14:07.841048Z,2026-09-06T21:22:10.962053Z,Risk Operations Agent (AMER. US Timezone) - 8-months Contract,Binance,"MEXICO, MEXICO CITY / ARGENTINA, BUENOS AIRES / CHILE, SANTIAGO DE CHILE / COSTA RICA, SAN JOSÉ / CARRIBBEAN (ACS) / CAYMAN ISLANDS, GEORGE TOWN / PANAMA, PANAMA CITY,REMOTE",remote,Full-time,Mid-Level,,,,,USD,Operations / Strategy,Operations,,Operations,Direct opportunity at Binance. Apply directly via official candidate link.,https://jobs.lever.co/binance/bea51e5b-073e-4a37-b446-73af217112ad,active,scraped
job_scraped_be235924c0,2026-09-04T15:14:07.841048Z,2026-09-06T21:22:10.962053Z,Senior Creator Ecosystem Manager – Binance Square,Binance,"ASIA,REMOTE",remote,Full-time,Senior,,,,,USD,Engineering / Development,Engineering,,Engineering,Direct opportunity at Binance. Apply directly via official candidate link.,https://jobs.lever.co/binance/5591d4cf-38fc-424a-adca-689af3ba80a5,active,scraped
job_scraped_d7f12d7a0a,2026-09-04T15:14:07.841048Z,2026-09-06T21:22:10.962053Z,Binance Accelerator Program - UI/UX Design,Binance,"ASIA / TAIWAN, TAIPEI / HONG KONG,REMOTE",remote,Full-time,Mid-Level,,,,,USD,Design / UI / UX,Design,,Design,Direct opportunity at Binance. Apply directly via official candidate link.,https://jobs.lever.co/binance/84c25f25-a5e3-48e3-b32c-283cdeed0303,active,scraped
job_scraped_1c05bdc8e8,2026-09-04T15:14:07.841048Z,2026-09-06T21:22:10.962053Z,Binance Accelerator Program - Visual Designer,Binance,"ASIA / HONG KONG / TAIWAN, TAIPEI,REMOTE",remote,Full-time,Mid-Level,,,,,USD,Design / UI / UX,Design,,Design,Direct opportunity at Binance. Apply directly via official candidate link.,https://jobs.lever.co/binance/cc3dde64-30c3-4d91-bf0f-009fd051ce1b,active,scraped
job_scraped_c159963e4c,2026-09-04T15:14:07.841048Z,2026-09-06T21:22:10.962053Z,Graphic Designer Contractor - Gulf Binance,Binance,"THAILAND, BANGKOK,HYBRID",hybrid,Full-time,Mid-Level,,,,,USD,Design / UI / UX,Design,,Design,Direct opportunity at Binance. Apply directly via official candidate link.,https://jobs.lever.co/binance/aac680dc-f6cc-40aa-93fe-44c3eb2ac1cb,active,scraped
job_scraped_c3687147c3,2026-09-04T15:14:07.841048Z,2026-09-06T21:22:10.962053Z,AI Chatbot Product Manager,Binance,"ASIA / HONG KONG / TAIWAN, TAIPEI,HYBRID",hybrid,Full-time,Mid-Level,,,,,USD,Product Management,Product Management,,Product Management,Direct opportunity at Binance. Apply directly via official candidate link.,https://jobs.lever.co/binance/4e1e4873-f239-4996-a42b-9b79596cfa6d,active,scraped
job_scraped_ded03bad48,2026-09-04T15:14:07.841048Z,2026-09-06T21:22:10.962053Z,Binance Accelerator Program - Product Manager (Analytics/Strategy Insights),Binance,"ASIA / TAIWAN, TAIPEI / HONG KONG,REMOTE",remote,Full-time,Mid-Level,,,,,USD,Product Management,Product Management,,Product Management,Direct opportunity at Binance. Apply directly via official candidate link.,https://jobs.lever.co/binance/75139cb7-f1bd-455b-8130-bab4638865df,active,scraped
job_scraped_cadf851b98,2026-09-04T15:14:07.841048Z,2026-09-06T21:22:10.962053Z,Head of Wallet Operations,Binance,"ASIA / UAE, ABU DHABI,REMOTE",remote,Full-time,Lead,,,,,USD,Operations / Strategy,Operations,,Operations,Direct opportunity at Binance. Apply directly via official candidate link.,https://jobs.lever.co/binance/16965114-4ece-4838-80bc-ebc259253e6f,active,scraped
job_scraped_18276f5f41,2026-09-04T15:14:07.841048Z,2026-09-06T21:22:10.962053Z,"Pioneer Talent Program - Product Manager, Trading Infrastructure",Binance,"ASIA / HONG KONG / TAIWAN, TAIPEI,REMOTE",remote,Full-time,Mid-Level,,,,,USD,Product Management,Trading|Product Management,,Trading|Product Management,Direct opportunity at Binance. Apply directly via official candidate link.,https://jobs.lever.co/binance/0b68eaf4-cc50-4988-b0f7-51679c4a9e92,active,scraped
job_scraped_678ba6d383,2026-09-04T15:14:07.841048Z,2026-09-06T21:22:10.962053Z,Product Manager - AI,Binance,"HONG KONG / ASIA / TAIWAN, TAIPEI,REMOTE",remote,Full-time,Mid-Level,,,,,USD,Product Management,Product Management,,Product Management,Direct opportunity at Binance. Apply directly via official candidate link.,https://jobs.lever.co/binance/bc1302e3-f280-4550-ad1d-d51b7610e240,active,scraped
job_scraped_e985a52130,2026-09-04T15:14:07.841048Z,2026-09-06T21:22:10.962053Z,Product Manager - OTC Business,Binance,"TAIWAN, TAIPEI / HONG KONG / ASIA / SOUTH EAST ASIA,REMOTE",remote,Full-time,Mid-Level,,,,,USD,Product Management,Product Management,,Product Management,Direct opportunity at Binance. Apply directly via official candidate link.,https://jobs.lever.co/binance/c2fe112d-4081-4b6a-8af7-2456e174e23c,active,scraped
job_scraped_681065d0d8,2026-09-04T15:14:07.841048Z,2026-09-06T21:22:10.962053Z,"Product Manager, Trading Systems",Binance,"ASIA / HONG KONG / TAIWAN, TAIPEI,REMOTE",remote,Full-time,Mid-Level,,,,,USD,Product Management,Trading|Product Management,,Trading|Product Management,Direct opportunity at Binance. Apply directly via official candidate link.,https://jobs.lever.co/binance/3b267835-63cb-4eed-bb68-60f330624a30,active,scraped
job_scraped_409ea48e58,2026-09-04T15:14:07.841048Z,2026-09-06T21:22:10.962053Z,Senior Product Manager - Web3/ DeFi,Binance,"ASIA / TAIWAN, TAIPEI / HONG KONG,REMOTE",remote,Full-time,Senior,,,,,USD,Product Management,Product Management,,Product Management,Direct opportunity at Binance. Apply directly via official candidate link.,https://jobs.lever.co/binance/feeb939d-5dac-46fa-bfbc-e13bc2ba7fea,active,scraped
job_scraped_caa99fc2d1,2026-09-04T15:14:07.841048Z,2026-09-06T21:22:10.962053Z,Senior Product Manager (Marketplace),Binance,"ASIA / HONG KONG / TAIWAN, TAIPEI,REMOTE",remote,Full-time,Senior,,,,,USD,Product Management,Product Management,,Product Management,Direct opportunity at Binance. Apply directly via official candidate link.,https://jobs.lever.co/binance/c7915d47-0f24-40eb-bf55-80b0751b5b37,active,scraped
job_scraped_5635dfdc13,2026-09-04T15:14:07.841048Z,2026-09-06T21:22:10.962053Z,"Senior Product Manager, Compliance",Binance,"TAIWAN, TAIPEI / HONG KONG / ASIA,HYBRID",hybrid,Full-time,Senior,,,,,USD,Product Management,Compliance|Product Management,,Compliance|Product Management,Direct opportunity at Binance. Apply directly via official candidate link.,https://jobs.lever.co/binance/3d655138-e405-4ed7-8266-dc01e1bfdc6d,active,scraped
job_scraped_52bed600f8,2026-09-04T15:14:07.841048Z,2026-09-06T21:22:10.962053Z,"Senior Product Manager, KYB",Binance,"ASIA / HONG KONG,HYBRID",hybrid,Full-time,Senior,,,,,USD,Product Management,Product Management,,Product Management,Direct opportunity at Binance. Apply directly via official candidate link.,https://jobs.lever.co/binance/b212ded6-6e81-492e-bd34-120c26b42f29,active,scraped
job_scraped_8461cc116b,2026-09-04T15:14:07.841048Z,2026-09-06T21:22:10.962053Z,"Senior Product Manager, Trading Infrastructure",Binance,"ASIA / TAIWAN, TAIPEI / HONG KONG,REMOTE",remote,Full-time,Senior,,,,,USD,Product Management,Trading|Product Management,,Trading|Product Management,Direct opportunity at Binance. Apply directly via official candidate link.,https://jobs.lever.co/binance/8916b15f-12ca-46e3-ae88-e62a85f14e1e,active,scraped
job_scraped_ba320d23e8,2026-09-04T15:14:07.841048Z,2026-09-06T21:22:10.962053Z,Junior Quantitative Researcher (Fresh STEM PhD graduates are welcome),Binance,"HONG KONG / TAIWAN, TAIPEI / ASIA,REMOTE",remote,Full-time,Junior,,,,,USD,Finance / Accounting,Quantitative Analysis,,Quantitative Analysis,Direct opportunity at Binance. Apply directly via official candidate link.,https://jobs.lever.co/binance/92d1635d-0a98-4023-b854-b6c7ed07aa35,active,scraped
job_scraped_226787343a,2026-09-04T15:14:07.841048Z,2026-09-06T21:22:10.962053Z,Quantitative Researcher,Binance,"ASIA / TAIWAN, TAIPEI / SOUTH EAST ASIA / UAE, DUBAI / EASTERN EUROPE / HONG KONG,REMOTE",remote,Full-time,Mid-Level,,,,,USD,Finance / Accounting,Quantitative Analysis,,Quantitative Analysis,Direct opportunity at Binance. Apply directly via official candidate link.,https://jobs.lever.co/binance/a13367b2-8bd9-41e1-878f-478cd1539354,active,scraped
job_scraped_67cbf6d460,2026-09-04T15:14:07.841048Z,2026-09-06T21:22:10.962053Z,Chief Information Security Officer (Korea),Binance,"SOUTH KOREA, SEOUL,ON-SITE",onsite,Full-time,Mid-Level,,,,,USD,Security,Security,,Security,Direct opportunity at Binance. Apply directly via official candidate link.,https://jobs.lever.co/binance/0400c0b4-c07e-42c5-a000-205995dcd8ef,active,scraped
job_scraped_345f319537,2026-09-04T15:14:07.841048Z,2026-09-06T21:22:10.962053Z,Internal Audit Manager - Japan,Binance,"JAPAN, TOKYO,REMOTE",remote,Full-time,Student,,,,,USD,Smart Contracts / Auditing,Smart Contracts,,Smart Contracts,Direct opportunity at Binance. Apply directly via official candidate link.,https://jobs.lever.co/binance/3c4490bc-d354-438f-9e61-a7b41c8fd24e,active,scraped
job_scraped_f1c8613914,2026-09-04T15:14:07.841048Z,2026-09-06T21:22:10.962053Z,Smart Contract Security Engineer (Security Audit),Binance,"ASIA / UAE, DUBAI / TAIWAN, TAIPEI,REMOTE",remote,Full-time,Mid-Level,,,,,USD,Smart Contracts / Auditing,Smart Contracts,,Smart Contracts,Direct opportunity at Binance. Apply directly via official candidate link.,https://jobs.lever.co/binance/0477fd3b-581b-4b1a-a613-264e376d0401,active,scraped
job_scraped_5c64712b60,2026-09-04T15:14:07.841048Z,2026-09-06T21:22:10.962053Z,SOC Engineer (Incident Response),Binance,"ASIA / TAIWAN, TAIPEI / HONG KONG,REMOTE",remote,Full-time,Mid-Level,,,,,USD,Engineering / Development,Engineering,,Engineering,Direct opportunity at Binance. Apply directly via official candidate link.,https://jobs.lever.co/binance/d364b698-90b3-4a32-ae97-653dd2735e51,active,scraped
job_scraped_28d3facae9,2026-09-04T15:14:07.841048Z,2026-09-06T21:22:10.962053Z,Business Development Manager – GPU and Neo-Cloud Sales,Impossiblecloud,"ON-SITE/ HYBRID / REMOTE,HYBRID",remote,Full-time,Mid-Level,,,,,USD,Sales / Business Development,Sales,,Sales,Direct opportunity at Impossiblecloud. Apply directly via official candidate link.,https://jobs.lever.co/impossiblecloud/cc328d86-c2c1-4650-a21a-c2927006b3f9,active,scraped
job_scraped_565c1fd8f6,2026-09-04T15:14:07.841048Z,2026-09-06T21:22:10.962053Z,Go-to-Market Champion (GPU & AI),Impossiblecloud,"REMOTE EU / US,REMOTE",remote,Full-time,Mid-Level,,,,,USD,Engineering / Development,Engineering,,Engineering,Direct opportunity at Impossiblecloud. Apply directly via official candidate link.,https://jobs.lever.co/impossiblecloud/6eae16f3-b514-4ca8-b686-6682d8dd513d,active,scraped
job_scraped_9825241a3f,2026-09-04T15:14:07.841048Z,2026-09-06T21:22:10.962053Z,Commercial High Potential Program (UK&I),Impossiblecloud,"HAMBURG,ON-SITE",onsite,Full-time,Mid-Level,,,,,USD,Engineering / Development,Engineering,,Engineering,Direct opportunity at Impossiblecloud. Apply directly via official candidate link.,https://jobs.lever.co/impossiblecloud/e2e85431-cdac-4765-a82e-24c310b84f3d,active,scraped
job_scraped_55a77dc5d6,2026-09-04T15:14:07.841048Z,2026-09-06T21:22:10.962053Z,Inside Sales Manager - Cloud Services,Impossiblecloud,"HAMBURG,ON-SITE",onsite,Full-time,Mid-Level,,,,,USD,Sales / Business Development,Sales,,Sales,Direct opportunity at Impossiblecloud. Apply directly via official candidate link.,https://jobs.lever.co/impossiblecloud/046c0e1d-afba-4dec-9c85-515b4a1ca15b,active,scraped
job_scraped_5e2a9de23f,2026-09-04T15:14:07.841048Z,2026-09-06T21:22:10.962053Z,Sales Manager - ISV & Enterprise (DACH),Impossiblecloud,"HAMBURG / HYBRID,HYBRID",hybrid,Full-time,Mid-Level,,,,,USD,Sales / Business Development,Sales,,Sales,Direct opportunity at Impossiblecloud. Apply directly via official candidate link.,https://jobs.lever.co/impossiblecloud/2e746560-67f1-42a5-8e3c-a1ab0a102412,active,scraped
job_scraped_22b399f2bc,2026-09-04T15:14:07.841048Z,2026-09-06T21:22:10.962053Z,Join Our Talent Network !,Fuellabs,"PORTUGAL / CANADA / SINGAPORE / SWITZERLAND / GERMANY,REMOTE",remote,Full-time,Mid-Level,,,,,USD,HR / Recruiting,HR,,HR,Direct opportunity at Fuellabs. Apply directly via official candidate link.,https://jobs.lever.co/fuellabs/17b28ec2-97ee-4912-876d-0c42c85e90c2,active,scraped
job_scraped_8cab656183,2026-09-04T15:14:07.841048Z,2026-09-06T21:22:10.962053Z,Blockchain Engineer,Harmony,"PALO ALTO, CA,ON-SITE",onsite,Full-time,Mid-Level,,,,,USD,Engineering / Development,Engineering,,Engineering,Direct opportunity at Harmony. Apply directly via official candidate link.,https://jobs.lever.co/harmony/e6d9d9d8-ec2a-4691-9efe-9810ca25a99e,active,scraped
job_scraped_5252ef6b4b,2026-09-04T15:14:07.841048Z,2026-09-06T21:22:10.962053Z,Community Manager,Harmony,"PALO ALTO, CA,ON-SITE",onsite,Full-time,Mid-Level,,,,,USD,Community / Developer Relations,Community,,Community,Direct opportunity at Harmony. Apply directly via official candidate link.,https://jobs.lever.co/harmony/efc9a914-10ea-4d95-8bec-dd034a119c5d,active,scraped
job_scraped_73b2a9460b,2026-09-04T15:14:07.841048Z,2026-09-06T21:22:10.962053Z,Marketing Lead,Harmony,"PALO ALTO, CA,REMOTE",remote,Full-time,Lead,,,,,USD,Marketing / PR,Marketing,,Marketing,Direct opportunity at Harmony. Apply directly via official candidate link.,https://jobs.lever.co/harmony/e18deeab-40ef-4a00-b627-d20fae6cb410,active,scraped
job_scraped_d891201024,2026-09-04T15:14:07.841048Z,2026-09-06T21:22:10.962053Z,Network Engineer,Harmony,"PALO ALTO, CA,REMOTE",remote,Full-time,Mid-Level,,,,,USD,Engineering / Development,Engineering,,Engineering,Direct opportunity at Harmony. Apply directly via official candidate link.,https://jobs.lever.co/harmony/1c8b58ef-30f6-46a6-83df-139d8c421d6f,active,scraped
job_scraped_1e1c3f431a,2026-09-04T15:14:07.841048Z,2026-09-06T21:22:10.962053Z,Operations Lead,Harmony,"PALO ALTO, CA,REMOTE",remote,Full-time,Lead,,,,,USD,Operations / Strategy,Operations,,Operations,Direct opportunity at Harmony. Apply directly via official candidate link.,https://jobs.lever.co/harmony/5398fe2d-7cbe-41f4-8aa4-df92e313520f,active,scraped
job_scraped_810f05a92e,2026-09-04T15:14:07.841048Z,2026-09-06T21:22:10.962053Z,Product Manager,Harmony,"PALO ALTO, CA,ON-SITE",onsite,Full-time,Mid-Level,,,,,USD,Product Management,Product Management,,Product Management,Direct opportunity at Harmony. Apply directly via official candidate link.,https://jobs.lever.co/harmony/aa055b1d-5eb2-4662-964a-849524710b6e,active,scraped
job_scraped_093bac8093,2026-09-04T15:14:07.841048Z,2026-09-06T21:22:10.962053Z,Project Manager,Harmony,"PALO ALTO, CA,ON-SITE",onsite,Full-time,Mid-Level,,,,,USD,Engineering / Development,Engineering,,Engineering,Direct opportunity at Harmony. Apply directly via official candidate link.,https://jobs.lever.co/harmony/51b9e45b-8ff3-4841-a355-9321090d4370,active,scraped
job_scraped_b4b8cf6392,2026-09-04T15:14:07.841048Z,2026-09-06T21:22:10.962053Z,Software Engineer,Harmony,"PALO ALTO, CA,ON-SITE",onsite,Full-time,Mid-Level,,,,,USD,Engineering / Development,Engineering,,Engineering,Direct opportunity at Harmony. Apply directly via official candidate link.,https://jobs.lever.co/harmony/c59a54cf-048f-4495-a14a-7a317968412e,active,scraped
job_scraped_c7649224cd,2026-09-04T15:14:07.841048Z,2026-09-06T21:22:10.962053Z,Systems Engineer,Harmony,"PALO ALTO, CA,REMOTE",remote,Full-time,Mid-Level,,,,,USD,Engineering / Development,Engineering,,Engineering,Direct opportunity at Harmony. Apply directly via official candidate link.,https://jobs.lever.co/harmony/b86a0e71-057a-4d88-9686-646d7b0f0257,active,scraped
job_scraped_92f4dc3cc9,2026-09-04T15:14:07.841048Z,2026-09-06T21:22:10.962053Z,Product Engineering - Team Lead,Wintermute,"LONDON,HYBRID",hybrid,Full-time,Lead,,,,,USD,Engineering / Development,Product Management,,Product Management,Direct opportunity at Wintermute. Apply directly via official candidate link.,https://jobs.lever.co/wintermute-trading/66a6c9f0-b504-4942-af22-b555969564e5,active,scraped
job_scraped_4de8fb47af,2026-09-04T15:14:07.841048Z,2026-09-06T21:22:10.962053Z,Product Manager,Wintermute,"LONDON/NEW YORK,HYBRID",hybrid,Full-time,Mid-Level,,,,,USD,Product Management,Product Management,,Product Management,Direct opportunity at Wintermute. Apply directly via official candidate link.,https://jobs.lever.co/wintermute-trading/cc1ae0c6-7e19-4aa3-95aa-0d109b10edda,active,scraped
job_scraped_3fabd73595,2026-09-04T15:14:07.841048Z,2026-09-06T21:22:10.962053Z,C++ Quant Developer,Wintermute,"LONDON,HYBRID",hybrid,Full-time,Mid-Level,,,,,USD,Engineering / Development,Quantitative Analysis,,Quantitative Analysis,Direct opportunity at Wintermute. Apply directly via official candidate link.,https://jobs.lever.co/wintermute-trading/4cab7a75-4304-4590-90c5-6755dbd97d36,active,scraped
job_scraped_8c3db0d09d,2026-09-04T15:14:07.841048Z,2026-09-06T21:22:10.962053Z,C++ Quant Developer - Options,Wintermute,"LONDON,HYBRID",hybrid,Full-time,Mid-Level,,,,,USD,Engineering / Development,Quantitative Analysis,,Quantitative Analysis,Direct opportunity at Wintermute. Apply directly via official candidate link.,https://jobs.lever.co/wintermute-trading/89c2714e-7748-42ab-a03c-36fc821f7362,active,scraped
job_scraped_619fcea7c3,2026-09-04T15:14:07.841048Z,2026-09-06T21:22:10.962053Z,C++ Trading Platform Developer,Wintermute,"LONDON,HYBRID",hybrid,Full-time,Mid-Level,,,,,USD,Engineering / Development,Trading,,Trading,Direct opportunity at Wintermute. Apply directly via official candidate link.,https://jobs.lever.co/wintermute-trading/8c31337e-9989-4cf2-9cab-e876cbc96f10,active,scraped
job_scraped_7304842a83,2026-09-04T15:14:07.841048Z,2026-09-06T21:22:10.962053Z,Core Developer (Python),Wintermute,"LONDON,HYBRID",hybrid,Full-time,Mid-Level,,,,,USD,Engineering / Development,Python,,Python,Direct opportunity at Wintermute. Apply directly via official candidate link.,https://jobs.lever.co/wintermute-trading/d059ea72-e3d2-42ce-bbb3-d47531e0c933,active,scraped
job_scraped_05c7ff2a7b,2026-09-04T15:14:07.841048Z,2026-09-06T21:22:10.962053Z,Infrastructure Support Engineer,Wintermute,"LONDON,ON-SITE",onsite,Full-time,Mid-Level,,,,,USD,Engineering / Development,Engineering,,Engineering,Direct opportunity at Wintermute. Apply directly via official candidate link.,https://jobs.lever.co/wintermute-trading/d59507d5-3a38-4d3a-b25e-9b39c89279fa,active,scraped
job_scraped_6850002068,2026-09-04T15:14:07.841048Z,2026-09-06T21:22:10.962053Z,Machine Learning Researcher,Wintermute,"LONDON,ON-SITE",onsite,Full-time,Mid-Level,,,,,USD,Research / Economics,Research,,Research,Direct opportunity at Wintermute. Apply directly via official candidate link.,https://jobs.lever.co/wintermute-trading/a37ce8fb-afc7-4ede-ae93-ca1395228cda,active,scraped
job_scraped_29670e6d79,2026-09-04T15:14:07.841048Z,2026-09-06T21:22:10.962053Z,Options Trader,Wintermute,"LONDON,ON-SITE",onsite,Full-time,Mid-Level,,,,,USD,Finance / Accounting,Finance,,Finance,Direct opportunity at Wintermute. Apply directly via official candidate link.,https://jobs.lever.co/wintermute-trading/f0db771f-936b-4999-91d1-7a13fa0b8c25,active,scraped
job_scraped_d5a036a30b,2026-09-04T15:14:07.841048Z,2026-09-06T21:22:10.962053Z,Quant Researcher (MFT Focus),Wintermute,"LONDON,ON-SITE",onsite,Full-time,Mid-Level,,,,,USD,Finance / Accounting,Quantitative Analysis,,Quantitative Analysis,Direct opportunity at Wintermute. Apply directly via official candidate link.,https://jobs.lever.co/wintermute-trading/0874ca9b-7c02-4364-bb78-b7b04272351e,active,scraped
job_scraped_5680778645,2026-09-04T15:14:07.841048Z,2026-09-06T21:22:10.962053Z,Trading Analyst,Wintermute,"LONDON,HYBRID",hybrid,Full-time,Mid-Level,,,,,USD,Finance / Accounting,Trading,,Trading,Direct opportunity at Wintermute. Apply directly via official candidate link.,https://jobs.lever.co/wintermute-trading/11823665-128e-452e-afbb-ce855f22ed86,active,scraped
job_scraped_03dc7548f6,2026-09-04T15:14:07.841048Z,2026-09-06T21:22:10.962053Z,Affiliate Manager | Propr.xyz,Swissborg,"REMOTE - EUROPE TIMEZONE,REMOTE",remote,Full-time,Mid-Level,,,,,USD,Engineering / Development,Engineering,,Engineering,Direct opportunity at Swissborg. Apply directly via official candidate link.,https://jobs.lever.co/swissborg/51459e7f-01ff-46d4-86ec-f8188db8c7bb,active,scraped
job_scraped_1d34d6ef90,2026-09-04T15:14:07.841048Z,2026-09-06T21:22:10.962053Z,Quant - Risk | Propr.xyz,Swissborg,"REMOTE - EUROPE TIMEZONE,REMOTE",remote,Full-time,Mid-Level,,,,,USD,Finance / Accounting,Quantitative Analysis,,Quantitative Analysis,Direct opportunity at Swissborg. Apply directly via official candidate link.,https://jobs.lever.co/swissborg/e0c291b1-4498-4bf2-91b4-ea114c381c53,active,scraped
job_scraped_59322a1a6d,2026-09-04T15:14:07.841048Z,2026-09-06T21:22:10.962053Z,Software Engineer | Propr.xyz,Swissborg,"REMOTE - EUROPE TIMEZONE,REMOTE",remote,Full-time,Mid-Level,,,,,USD,Engineering / Development,Engineering,,Engineering,Direct opportunity at Swissborg. Apply directly via official candidate link.,https://jobs.lever.co/swissborg/f9370c6c-e50a-44a3-a1a0-5659e1ea3714,active,scraped
job_scraped_cee0d9f730,2026-09-04T15:14:07.841048Z,2026-09-06T21:22:10.962053Z,Social Media Manager/ Content Creator,Crypto,"DALLAS, TEXAS,REMOTE",remote,Full-time,Mid-Level,,,,,USD,Marketing / PR,Marketing,,Marketing,Direct opportunity at Crypto. Apply directly via official candidate link.,https://jobs.lever.co/crypto/ff3dc7ba-662e-4e49-82c2-e6143bb93712,active,scraped
job_scraped_1acb425e89,2026-09-04T15:14:07.841048Z,2026-09-06T21:22:10.962053Z,Asisstant Finance Manager,Crypto,"Hong Kong,HYBRID",hybrid,Full-time,Mid-Level,,,,,USD,Finance / Accounting,Finance,,Finance,Direct opportunity at Crypto. Apply directly via official candidate link.,https://jobs.lever.co/crypto/b8182b66-c109-4a81-a091-ca00ccd7201c,active,scraped
job_scraped_c2936ae21a,2026-09-04T15:14:07.841048Z,2026-09-06T21:22:10.962053Z,Senior Treasury Analyst – Derivatives (FCM & Nadex),Crypto,"CHICAGO, ILLINOIS,HYBRID",hybrid,Full-time,Senior,,,,,USD,Finance / Accounting,Finance,,Finance,Direct opportunity at Crypto. Apply directly via official candidate link.,https://jobs.lever.co/crypto/2856cdf1-7bef-4cbc-9451-aa5ceb2940b3,active,scraped
job_scraped_409e55a16b,2026-09-04T15:14:07.841048Z,2026-09-06T21:22:10.962053Z,U.S. Treasurer,Crypto,"CHICAGO, ILLINOIS,HYBRID",hybrid,Full-time,Mid-Level,,,,,USD,Engineering / Development,Engineering,,Engineering,Direct opportunity at Crypto. Apply directly via official candidate link.,https://jobs.lever.co/crypto/d783f86e-4526-4dfd-80ee-7f40411e8d40,active,scraped
job_scraped_608de2e9b7,2026-09-04T15:14:07.841048Z,2026-09-06T21:22:10.962053Z,Senior Backend Engineer (Sports & Prediction Markets) – Golang,Crypto,"US / NEW YORK / MIAMI, FLORIDA,HYBRID",hybrid,Full-time,Senior,,,,,USD,Engineering / Development,Go,,Go,Direct opportunity at Crypto. Apply directly via official candidate link.,https://jobs.lever.co/crypto/38187660-9908-465f-9b89-562dcf10db2c,active,scraped
job_scraped_0411e901b3,2026-09-04T15:14:07.841048Z,2026-09-06T21:22:10.962053Z,"Application Support Engineer, India, OEX",Crypto,"BANGALORE, INDIA,REMOTE",remote,Full-time,Mid-Level,,,,,USD,Engineering / Development,Engineering,,Engineering,Direct opportunity at Crypto. Apply directly via official candidate link.,https://jobs.lever.co/crypto/1edb4f86-713f-44a9-8e9c-489c662d810c,active,scraped
job_scraped_d26e5e4f7d,2026-09-04T15:14:07.841048Z,2026-09-06T21:22:10.962053Z,"Quant Researcher, OEX",Crypto,"US,REMOTE",remote,Full-time,Mid-Level,,,,,USD,Finance / Accounting,Quantitative Analysis,,Quantitative Analysis,Direct opportunity at Crypto. Apply directly via official candidate link.,https://jobs.lever.co/crypto/e79894fe-5917-4140-b780-6f4c3c9fa292,active,scraped
job_scraped_78c82fed0c,2026-09-04T15:14:07.841048Z,2026-09-06T21:22:10.962053Z,"Risk Manager, FCM",Crypto,"US,REMOTE",remote,Full-time,Mid-Level,,,,,USD,Engineering / Development,Engineering,,Engineering,Direct opportunity at Crypto. Apply directly via official candidate link.,https://jobs.lever.co/crypto/39c827b6-19c8-4dfb-b872-d5f429e937b3,active,scraped
job_scraped_4b2d9e1374,2026-09-04T15:14:07.841048Z,2026-09-06T21:22:10.962053Z,Application Support Engineer (US),Crypto,"CHICAGO, ILLINOIS,REMOTE",remote,Full-time,Mid-Level,,,,,USD,Engineering / Development,Engineering,,Engineering,Direct opportunity at Crypto. Apply directly via official candidate link.,https://jobs.lever.co/crypto/68828c2d-c57e-46d2-aef9-3802ef0fa85e,active,scraped
job_scraped_dcd530a51a,2026-09-04T15:14:07.841048Z,2026-09-06T21:22:10.962053Z,"Senior Product Manager, Trading(Crypto.com App)",Crypto,"TAIPEI, TAIWAN,HYBRID",hybrid,Full-time,Senior,,,,,USD,Product Management,Trading|Product Management,,Trading|Product Management,Direct opportunity at Crypto. Apply directly via official candidate link.,https://jobs.lever.co/crypto/3613b545-d820-4ed9-9373-df71d9eeb00e,active,scraped
job_scraped_adf5e349bc,2026-09-04T15:14:07.841048Z,2026-09-06T21:22:10.962053Z,Security IT Support Engineer (Fresh Graduates Welcome),Crypto,"Hong Kong,ON-SITE",onsite,Full-time,Mid-Level,,,,,USD,Engineering / Development,Engineering,,Engineering,Direct opportunity at Crypto. Apply directly via official candidate link.,https://jobs.lever.co/crypto/365dbb9a-e156-4174-b124-1596ba35e0de,active,scraped
job_scraped_36cbeca5f9,2026-09-04T15:14:07.841048Z,2026-09-06T21:22:10.962053Z,Derivatives Trader,Crypto,"SINGAPORE, SINGAPORE,HYBRID",hybrid,Full-time,Mid-Level,,,,,USD,Finance / Accounting,Finance,,Finance,Direct opportunity at Crypto. Apply directly via official candidate link.,https://jobs.lever.co/crypto/bdecae00-4513-4453-9a52-15dea6fb6fb2,active,scraped
job_scraped_7ee36eaaa0,2026-09-04T15:14:07.841048Z,2026-09-06T21:22:10.962053Z,"Quantitative Researcher - Prediction Markets, Quant Trading",Crypto,"DALLAS, TEXAS,REMOTE",remote,Full-time,Mid-Level,,,,,USD,Finance / Accounting,Trading|Quantitative Analysis,,Trading|Quantitative Analysis,Direct opportunity at Crypto. Apply directly via official candidate link.,https://jobs.lever.co/crypto/5e8ddb0f-c326-41d3-be2e-382be2b5a3e0,active,scraped
job_scraped_c35fff8929,2026-09-04T15:14:07.841048Z,2026-09-06T21:22:10.962053Z,"Member of Compliance, Analytics",Anchorage,"US,REMOTE",remote,Full-time,Mid-Level,,,,,USD,Legal / Compliance,Compliance,,Compliance,Direct opportunity at Anchorage. Apply directly via official candidate link.,https://jobs.lever.co/anchorage/7a3e7cce-a01b-419a-a3f1-753466ae8bf3,active,scraped
job_scraped_133009a6bc,2026-09-04T15:14:07.841048Z,2026-09-06T21:22:10.962053Z,"Member of Technical Staff, Agentic Banking (Product Engineer)",Anchorage,"US,REMOTE",remote,Full-time,Lead,,,,,USD,Engineering / Development,Product Management,,Product Management,Direct opportunity at Anchorage. Apply directly via official candidate link.,https://jobs.lever.co/anchorage/d6cce695-8d91-4063-b731-43401b0eab5f,active,scraped
job_scraped_c7fe9a8d79,2026-09-04T15:14:07.841048Z,2026-09-06T21:22:10.962053Z,"Member of Enterprise Technology, IT Systems",Anchorage,"US,REMOTE",remote,Full-time,Mid-Level,,,,,USD,Engineering / Development,Engineering,,Engineering,Direct opportunity at Anchorage. Apply directly via official candidate link.,https://jobs.lever.co/anchorage/529de48f-c270-4ca6-a6a0-6ae142ffb790,active,scraped
job_scraped_b0c24f3e1e,2026-09-04T15:14:07.841048Z,2026-09-06T21:22:10.962053Z,"Engineering Lead, Security Operations",Anchorage,"US,REMOTE",remote,Full-time,Lead,,,,,USD,Engineering / Development,Engineering,,Engineering,Direct opportunity at Anchorage. Apply directly via official candidate link.,https://jobs.lever.co/anchorage/b5dfd585-f708-41c9-b9bf-94adde925067,active,scraped
job_scraped_1747d5a0f0,2026-09-04T15:14:07.841048Z,2026-09-06T21:22:10.962053Z,"Member of Technical Staff, Security Engineering",Anchorage,"US,REMOTE",remote,Full-time,Lead,,,,,USD,Engineering / Development,Engineering,,Engineering,Direct opportunity at Anchorage. Apply directly via official candidate link.,https://jobs.lever.co/anchorage/e5d0f1ac-3126-481e-857f-db6ae8eb67e9,active,scraped
job_scraped_c45edb571b,2026-09-04T15:14:07.841048Z,2026-09-06T21:22:10.962053Z,"Member of Technical Staff, Security Operations",Anchorage,"US,REMOTE",remote,Full-time,Lead,,,,,USD,Security,Security,,Security,Direct opportunity at Anchorage. Apply directly via official candidate link.,https://jobs.lever.co/anchorage/74fb5f60-d964-416e-90a0-7f89f3b07676,active,scraped
job_scraped_e5af9d88e2,2026-09-04T15:14:07.841048Z,2026-09-06T21:22:10.962053Z,Derivatives Trader,Anchorage,"PORTUGAL / SINGAPORE / CAYMAN ISLANDS / BRAZIL / ARGENTINA,REMOTE",remote,Full-time,Mid-Level,,,,,USD,Finance / Accounting,Finance,,Finance,Direct opportunity at Anchorage. Apply directly via official candidate link.,https://jobs.lever.co/anchorage/9f6d4223-389c-44e3-99b1-50f46c4855da,active,scraped
job_scraped_2cfec0900b,2026-09-04T15:14:07.841048Z,2026-09-06T21:22:10.962053Z,Senior Derivatives Trader,Anchorage,"CAYMAN ISLANDS / SINGAPORE / ARGENTINA / PORTUGAL / BRAZIL,REMOTE",remote,Full-time,Senior,,,,,USD,Finance / Accounting,Finance,,Finance,Direct opportunity at Anchorage. Apply directly via official candidate link.,https://jobs.lever.co/anchorage/c2b42959-0a4b-4e85-9901-8a875d586902,active,scraped
job_scraped_cbf844d07b,2026-09-04T15:14:07.841048Z,2026-09-06T21:22:10.962053Z,Credit Trader - Prime Finance,Anchorage,"CAYMAN ISLANDS / SINGAPORE / BRAZIL / PORTUGAL,REMOTE",remote,Full-time,Mid-Level,,,,,USD,Finance / Accounting,Finance,,Finance,Direct opportunity at Anchorage. Apply directly via official candidate link.,https://jobs.lever.co/anchorage/84fab38a-ef1a-48ee-b487-e16b4ff9ee74,active,scraped
job_scraped_afc036e672,2026-09-04T15:14:07.841048Z,2026-09-06T21:22:10.962053Z,OTC Trader,Anchorage,"CAYMAN ISLANDS / SINGAPORE,REMOTE",remote,Full-time,Mid-Level,,,,,USD,Finance / Accounting,Finance,,Finance,Direct opportunity at Anchorage. Apply directly via official candidate link.,https://jobs.lever.co/anchorage/4a3c6769-7b61-4237-a601-2abe0b5c8234,active,scraped
job_scraped_1baef05be3,2026-09-04T15:14:07.841048Z,2026-09-06T21:22:10.962053Z,"Member of Client Operations, ACH",Anchorage,"US,REMOTE",remote,Full-time,Mid-Level,,,,,USD,Operations / Strategy,Operations,,Operations,Direct opportunity at Anchorage. Apply directly via official candidate link.,https://jobs.lever.co/anchorage/c51b06ad-5874-40e6-904d-b1997ab0e67b,active,scraped
job_scraped_4e4cafb7ce,2026-09-04T15:14:07.841048Z,2026-09-06T21:22:10.962053Z,Trading Operations Team Lead,Anchorage,"US,REMOTE",remote,Full-time,Lead,,,,,USD,Finance / Accounting,Trading,,Trading,Direct opportunity at Anchorage. Apply directly via official candidate link.,https://jobs.lever.co/anchorage/b3c332bc-ffc5-4a2f-ab3e-de136d326408,active,scraped
job_scraped_04e6bd076b,2026-09-04T15:14:07.841048Z,2026-09-06T21:22:10.962053Z,Institutional Sales Representative - Global Markets,Anchorage,"US,REMOTE",remote,Full-time,Mid-Level,,,,,USD,Sales / Business Development,Sales,,Sales,Direct opportunity at Anchorage. Apply directly via official candidate link.,https://jobs.lever.co/anchorage/f9faea14-ec19-4421-84d2-f9265592c7ae,active,scraped
job_scraped_99173f3507,2026-09-04T15:14:07.841048Z,2026-09-06T21:22:10.962053Z,"Member of Product Marketing, Stablecoins",Anchorage,"US,REMOTE",remote,Full-time,Mid-Level,,,,,USD,Marketing / PR,Marketing|Product Management,,Marketing|Product Management,Direct opportunity at Anchorage. Apply directly via official candidate link.,https://jobs.lever.co/anchorage/026fb354-1d5f-49dc-9ea8-1602e6ace52e,active,scraped
job_scraped_5b2405a06a,2026-09-04T15:14:07.841048Z,2026-09-06T21:22:10.962053Z,Director of Government Solutions Managed Services,Anchorage,"US,REMOTE",remote,Full-time,Mid-Level,,,,,USD,Executive / Leadership,Executive,,Executive,Direct opportunity at Anchorage. Apply directly via official candidate link.,https://jobs.lever.co/anchorage/91f7231c-f99c-4f0d-b9fa-bafe137b5aad,active,scraped
job_scraped_22afb57817,2026-09-04T15:14:07.841048Z,2026-09-06T21:22:10.962053Z,"Member of Product, Trading",Anchorage,"US,REMOTE",remote,Full-time,Mid-Level,,,,,USD,Finance / Accounting,Trading|Product Management,,Trading|Product Management,Direct opportunity at Anchorage. Apply directly via official candidate link.,https://jobs.lever.co/anchorage/556cd741-9fb6-439e-8bc4-8de36b0eae27,active,scraped
job_scraped_09b7e940a2,2026-09-04T15:14:07.841048Z,2026-09-06T21:22:10.962053Z,"APAC Regional Lead, Stablecoin Solutions",Anchorage,"SINGAPORE,REMOTE",remote,Full-time,Lead,,,,,USD,Engineering / Development,Engineering,,Engineering,Direct opportunity at Anchorage. Apply directly via official candidate link.,https://jobs.lever.co/anchorage/09b2b0d1-fb52-431c-b617-2fb74b595b1d,active,scraped
job_scraped_bbba8a0b7d,2026-09-04T15:14:07.841048Z,2026-09-06T21:22:10.962053Z,"Member of Product, Stablecoins Solutions",Anchorage,"MIAMI, FLORIDA / NEW YORK,REMOTE",remote,Full-time,Mid-Level,,,,,USD,Engineering / Development,Product Management,,Product Management,Direct opportunity at Anchorage. Apply directly via official candidate link.,https://jobs.lever.co/anchorage/2241b52b-da64-4626-9abc-c8ff5fb58009,active,scraped
job_scraped_0bdc41fa31,2026-09-04T15:14:07.841048Z,2026-09-06T21:22:10.962053Z,"Regional Institutional Manager, NYC",Anchorage,"NEW YORK / US,ON-SITE",onsite,Full-time,Mid-Level,,,,,USD,Engineering / Development,Engineering,,Engineering,Direct opportunity at Anchorage. Apply directly via official candidate link.,https://jobs.lever.co/anchorage/34610fea-ec69-452e-b09c-15cc5ddbe4a7,active,scraped
job_scraped_8e42fbd3a5,2026-09-04T15:14:07.841048Z,2026-09-06T21:22:10.962053Z,"Partnerships & Business Development, Stablecoin Solutions",Anchorage,"MIAMI, FLORIDA / NEW YORK,HYBRID",hybrid,Full-time,Mid-Level,,,,,USD,Sales / Business Development,Sales,,Sales,Direct opportunity at Anchorage. Apply directly via official candidate link.,https://jobs.lever.co/anchorage/5275f2de-8e68-401d-83a8-8e8b444b6d14,active,scraped
job_scraped_3f133f630b,2026-09-04T15:14:07.841048Z,2026-09-06T21:22:10.962053Z,Don't see your role?,Centrifuge,"FULLY REMOTE (US/EU),REMOTE",remote,Full-time,Mid-Level,,,,,USD,Engineering / Development,Engineering,,Engineering,Direct opportunity at Centrifuge. Apply directly via official candidate link.,https://jobs.lever.co/centrifuge/c0f7a908-8d9e-4f3c-9b15-a4f81e033484,active,scraped
job_scraped_26c9c8a838,2026-09-04T15:14:07.841048Z,2026-09-06T21:22:10.962053Z,Security Engineer,Offchainlabs,"REMOTE,REMOTE",remote,Full-time,Mid-Level,,,,,USD,Engineering / Development,Engineering,,Engineering,Direct opportunity at Offchainlabs. Apply directly via official candidate link.,https://jobs.lever.co/offchainlabs/d7724d91-fc91-4697-baf3-008de0ee5e37,active,scraped
job_scraped_c1973188ed,2026-09-04T15:14:07.841048Z,2026-09-06T21:22:10.962053Z,Senior Backend Engineer,Offchainlabs,"REMOTE,REMOTE",remote,Full-time,Senior,,,,,USD,Engineering / Development,Engineering,,Engineering,Direct opportunity at Offchainlabs. Apply directly via official candidate link.,https://jobs.lever.co/offchainlabs/82c41afd-b4be-40d2-8bc2-3f299ced3c4a,active,scraped
job_scraped_9b3d1ae6dd,2026-09-04T15:14:07.841048Z,2026-09-06T21:22:10.962053Z,"Senior Backend Engineer, Rust",Offchainlabs,"REMOTE,REMOTE",remote,Full-time,Senior,,,,,USD,Smart Contracts / Auditing,Rust,,Rust,Direct opportunity at Offchainlabs. Apply directly via official candidate link.,https://jobs.lever.co/offchainlabs/163e72c9-cf90-406a-9311-6ee1d743ae84,active,scraped
job_scraped_dd840be6b2,2026-09-04T15:14:07.841048Z,2026-09-06T21:22:10.962053Z,Senior Security Engineer (Offensive),Offchainlabs,"REMOTE,REMOTE",remote,Full-time,Senior,,,,,USD,Engineering / Development,Engineering,,Engineering,Direct opportunity at Offchainlabs. Apply directly via official candidate link.,https://jobs.lever.co/offchainlabs/5dc0b755-8c1f-43c8-b268-df4b372a31d1,active,scraped
job_scraped_7c9a836abc,2026-09-04T15:14:07.841048Z,2026-09-06T21:22:10.962053Z,Director of Accounting,Offchainlabs,"NEW YORK CITY, NY,ON-SITE",onsite,Full-time,Mid-Level,,,,,USD,Finance / Accounting,Finance,,Finance,Direct opportunity at Offchainlabs. Apply directly via official candidate link.,https://jobs.lever.co/offchainlabs/ccd3b5d3-1797-4a06-98ae-22a6937ab8c8,active,scraped
job_scraped_5a4adae259,2026-09-04T15:14:07.841048Z,2026-09-06T21:22:10.962053Z,Head of Enterprise,Offchainlabs,"REMOTE,REMOTE",remote,Full-time,Lead,,,,,USD,Engineering / Development,Engineering,,Engineering,Direct opportunity at Offchainlabs. Apply directly via official candidate link.,https://jobs.lever.co/offchainlabs/4a9df0ee-1296-4366-b2b9-6a1d1f3da7fd,active,scraped
job_scraped_d6551f91ee,2026-09-04T15:14:07.841048Z,2026-09-06T21:22:10.962053Z,Senior PR & Communications Manager,Offchainlabs,"REMOTE,REMOTE",remote,Full-time,Senior,,,,,USD,Marketing / PR,Marketing,,Marketing,Direct opportunity at Offchainlabs. Apply directly via official candidate link.,https://jobs.lever.co/offchainlabs/ba06452d-31d5-4ed0-8330-415a0904f4eb,active,scraped
job_scraped_9bc96b2434,2026-09-04T15:14:07.841048Z,2026-09-06T21:22:10.962053Z,Vice President of Marketing,Offchainlabs,"REMOTE,REMOTE",remote,Full-time,Mid-Level,,,,,USD,Marketing / PR,Marketing,,Marketing,Direct opportunity at Offchainlabs. Apply directly via official candidate link.,https://jobs.lever.co/offchainlabs/52c01c91-582c-42fc-8722-82c3eeb9ed24,active,scraped
job_scraped_38e8587fc4,2026-09-04T15:14:07.841048Z,2026-09-06T21:22:10.962053Z,Credit Risk Analyst,Gauntlet,"NEW YORK,REMOTE",remote,Full-time,Mid-Level,,,,,USD,Research / Economics,Research,,Research,Direct opportunity at Gauntlet. Apply directly via official candidate link.,https://jobs.lever.co/gauntlet/052b6020-6b4d-4514-b2aa-3044297d63c3,active,scraped
job_scraped_d48fb34d39,2026-09-04T15:14:07.841048Z,2026-09-06T21:22:10.962053Z,Senior Security Engineer,Gauntlet,"NEW YORK,REMOTE",remote,Full-time,Senior,,,,,USD,Engineering / Development,Engineering,,Engineering,Direct opportunity at Gauntlet. Apply directly via official candidate link.,https://jobs.lever.co/gauntlet/5df7d87c-08df-475b-8328-bf2b8169030e,active,scraped
job_scraped_26eada88f9,2026-09-04T15:14:07.841048Z,2026-09-06T21:22:10.962053Z,Business Development Manager,Gate.io,"GLOBAL-NAJ,REMOTE",remote,Full-time,Mid-Level,,,,,USD,Sales / Business Development,Sales,,Sales,Direct opportunity at Gate.io. Apply directly via official candidate link.,https://jobs.lever.co/gate/432e213a-7f09-4a16-9dc0-7bcdf0ffc362,active,scraped
job_scraped_3b91c62053,2026-09-04T15:14:07.841048Z,2026-09-06T21:22:10.962053Z,Senior Associate,Gate.io,"GLOBAL-NAG2,REMOTE",remote,Full-time,Senior,,,,,USD,Engineering / Development,Engineering,,Engineering,Direct opportunity at Gate.io. Apply directly via official candidate link.,https://jobs.lever.co/gate/76f72a07-c5d4-404e-af59-15b66a05297c,active,scraped
job_scraped_2b28117e16,2026-09-04T15:14:07.841048Z,2026-09-06T21:22:10.962053Z,交易引擎负责人 (Head of Trading Engine),Gate.io,"APAC-C1,REMOTE",remote,Full-time,Lead,,,,,USD,Finance / Accounting,Trading,,Trading,Direct opportunity at Gate.io. Apply directly via official candidate link.,https://jobs.lever.co/gate/f65d185c-6274-4b31-ad7a-9479392ed84c,active,scraped
job_scraped_4381e5d489,2026-09-04T15:14:07.841048Z,2026-09-06T21:22:10.962053Z,区块链开发工程师,Gate.io,"APAC-C1,REMOTE",remote,Full-time,Mid-Level,,,,,USD,Engineering / Development,Engineering,,Engineering,Direct opportunity at Gate.io. Apply directly via official candidate link.,https://jobs.lever.co/gate/4f2aa64b-2252-4c57-8e70-a34f7c71cf63,active,scraped
job_scraped_1feee2c684,2026-09-04T15:14:07.841048Z,2026-09-06T21:22:10.962053Z,核心开发(Trading Engine Core Dev),Gate.io,"APAC-C1,REMOTE",remote,Full-time,Mid-Level,,,,,USD,Finance / Accounting,Trading,,Trading,Direct opportunity at Gate.io. Apply directly via official candidate link.,https://jobs.lever.co/gate/1557a924-a6cd-406f-9106-ecbb43dca01d,active,scraped
job_scraped_8290e4645c,2026-09-04T15:14:07.841048Z,2026-09-06T21:22:10.962053Z,KYC产品经理,Gate.io,"APAC-C1,REMOTE",remote,Full-time,Mid-Level,,,,,USD,Legal / Compliance,Legal,,Legal,Direct opportunity at Gate.io. Apply directly via official candidate link.,https://jobs.lever.co/gate/1732364f-4391-456b-a487-938cae931f44,active,scraped
job_scraped_54e23734e3,2026-09-04T15:14:07.841048Z,2026-09-06T21:22:10.962053Z,中高级产品（美股方向-AI经验加分）,Gate.io,"APAC-C1,REMOTE",remote,Full-time,Mid-Level,,,,,USD,Engineering / Development,Engineering,,Engineering,Direct opportunity at Gate.io. Apply directly via official candidate link.,https://jobs.lever.co/gate/b12a45ef-9ea1-4801-8bc4-ccc7f8d82424,active,scraped
job_scraped_0fe2016526,2026-09-04T15:14:07.841048Z,2026-09-06T21:22:10.962053Z,交易产品经理（跟单交易 & 量化策略）,Gate.io,"APAC-C1,REMOTE",remote,Full-time,Mid-Level,,,,,USD,Engineering / Development,Engineering,,Engineering,Direct opportunity at Gate.io. Apply directly via official candidate link.,https://jobs.lever.co/gate/7d52b612-c0f7-4534-b3c5-5f6531176bf9,active,scraped
job_scraped_cdbf03c674,2026-09-04T15:14:07.841048Z,2026-09-06T21:22:10.962053Z,Product Manager - ASO/SEO,Gate.io,"APAC-C1,REMOTE",remote,Full-time,Mid-Level,,,,,USD,Product Management,Product Management,,Product Management,Direct opportunity at Gate.io. Apply directly via official candidate link.,https://jobs.lever.co/gate/aa738bea-de6b-4a76-a9f5-c30a6c8ceabc,active,scraped
job_scraped_54e3ff4a4d,2026-09-04T15:14:07.841048Z,2026-09-06T21:22:10.962053Z,Product Manager - Compliance,Gate.io,"APAC-C1,REMOTE",remote,Full-time,Mid-Level,,,,,USD,Product Management,Compliance|Product Management,,Compliance|Product Management,Direct opportunity at Gate.io. Apply directly via official candidate link.,https://jobs.lever.co/gate/e60459f6-8ab0-46d8-abaa-8dff851a6234,active,scraped
job_scraped_e31a8ada82,2026-09-04T15:14:07.841048Z,2026-09-06T21:22:10.962053Z,Web3后端开发工程师,Gate.io,"APAC-C1,REMOTE",remote,Full-time,Mid-Level,,,,,USD,Engineering / Development,Engineering,,Engineering,Direct opportunity at Gate.io. Apply directly via official candidate link.,https://jobs.lever.co/gate/0b862c4c-0205-4fe1-a838-6b5a126b509b,active,scraped
job_scraped_8e6c02be7a,2026-09-04T15:14:07.841048Z,2026-09-06T21:22:10.962053Z,交易风控策略专家,Gate.io,"APAC-C1,REMOTE",remote,Full-time,Mid-Level,,,,,USD,Engineering / Development,Engineering,,Engineering,Direct opportunity at Gate.io. Apply directly via official candidate link.,https://jobs.lever.co/gate/be2f5d6a-fd48-48db-89a9-1dd63cdfa3b8,active,scraped
job_scraped_dec171b1f9,2026-09-04T15:14:07.841048Z,2026-09-06T21:22:10.962053Z,内容风控专家,Gate.io,"APAC-C1,REMOTE",remote,Full-time,Mid-Level,,,,,USD,Engineering / Development,Engineering,,Engineering,Direct opportunity at Gate.io. Apply directly via official candidate link.,https://jobs.lever.co/gate/901d5d98-bbb7-4928-9a7d-e462ed347e2c,active,scraped
job_scraped_52a335c968,2026-09-04T15:14:07.841048Z,2026-09-06T21:22:10.962053Z,Tech (Pool),Auroralabs,REMOTE,remote,Full-time,Mid-Level,,,,,USD,Engineering / Development,Engineering,,Engineering,Direct opportunity at Auroralabs. Apply directly via official candidate link.,https://jobs.lever.co/aurora-dev/2956055a-f54b-4832-a8aa-cce6fb8dad09,active,scraped
job_scraped_56a8a178cc,2026-09-04T15:14:07.841048Z,2026-09-06T21:22:10.962053Z,Non-tech (Pool),Auroralabs,REMOTE,remote,Full-time,Mid-Level,,,,,USD,Engineering / Development,Engineering,,Engineering,Direct opportunity at Auroralabs. Apply directly via official candidate link.,https://jobs.lever.co/aurora-dev/0e3034de-c792-481e-94b5-54d0af1dd667,active,scraped
job_scraped_3615b96c52,2026-09-04T15:14:07.841048Z,2026-09-06T21:22:10.962053Z,Business Development Associate (Fresh Graduates Welcome),Animocabrands,"HONG KONG,ON-SITE",onsite,Full-time,Mid-Level,,,,,USD,Sales / Business Development,Sales,,Sales,Direct opportunity at Animocabrands. Apply directly via official candidate link.,https://jobs.lever.co/animocabrands/10e8ab2c-3ea8-4b11-8dd6-e4f9062f11d1,active,scraped
job_scraped_80e5b854d7,2026-09-04T15:14:07.841048Z,2026-09-06T21:22:10.962053Z,"Manager / Senior Manager, Group Reporting",Animocabrands,"HONG KONG,ON-SITE",onsite,Full-time,Senior,,,,,USD,Engineering / Development,Engineering,,Engineering,Direct opportunity at Animocabrands. Apply directly via official candidate link.,https://jobs.lever.co/animocabrands/dfd7cdfb-f792-47c9-8c81-15886ead7e3d,active,scraped
job_scraped_fcc0d7a88e,2026-09-04T15:14:07.841048Z,2026-09-06T21:22:10.962053Z,IAP Internship (Full time preferred),Animocabrands,"HONG KONG / SINGAPORE,ON-SITE",onsite,Full-time,Student,,,,,USD,Engineering / Development,Engineering,,Engineering,Direct opportunity at Animocabrands. Apply directly via official candidate link.,https://jobs.lever.co/animocabrands/a451e86e-b1bf-4317-bf3c-f56f84444ad6,active,scraped
job_scraped_a1c2d907bb,2026-09-04T15:14:07.841048Z,2026-09-06T21:22:10.962053Z,Senior Software Engineer,Toku,"NEW YORK,HYBRID",hybrid,Full-time,Senior,,,,,USD,Engineering / Development,Engineering,,Engineering,Direct opportunity at Toku. Apply directly via official candidate link.,https://jobs.lever.co/toku/302763fa-de93-4796-b887-0f6491c7499c,active,scraped
job_scraped_7debf1f045,2026-09-04T15:14:07.841048Z,2026-09-06T21:22:10.962053Z,Finance Manager,Toku,"US,REMOTE",remote,Full-time,Mid-Level,,,,,USD,Finance / Accounting,Finance,,Finance,Direct opportunity at Toku. Apply directly via official candidate link.,https://jobs.lever.co/toku/d339f4bb-601a-4cf2-94ea-bf8dc10d3b57,active,scraped
job_scraped_3afe7bfe8d,2026-09-04T15:14:07.841048Z,2026-09-06T21:22:10.962053Z,Senior Site Reliability Engineer (L3),Coingecko,"MALAYSIA,HYBRID",hybrid,Full-time,Senior,,,,,USD,Engineering / Development,Engineering,,Engineering,Direct opportunity at Coingecko. Apply directly via official candidate link.,https://jobs.lever.co/coingecko/426c64c9-a8ca-4353-b7b5-512d91baf0d7,active,scraped
job_scraped_8beaceb464,2026-09-04T15:14:07.841048Z,2026-09-06T21:22:10.962053Z,Global VP Marketing/CMO,Coinmarketcap,"GLOBAL / DUBAI / HONG KONG / SINGAPORE,REMOTE",remote,Full-time,Mid-Level,,,,,USD,Marketing / PR,Marketing,,Marketing,Direct opportunity at Coinmarketcap. Apply directly via official candidate link.,https://jobs.lever.co/coinmarketcap/3badc309-fe0c-41f6-8e78-5236dc331b8c,active,scraped
job_scraped_47a09b2424,2026-09-04T15:14:07.841048Z,2026-09-06T21:22:10.962053Z,DevOps Engineer - Contractor,Coinmarketcap,"GLOBAL / TAIPEI / KUALA LUMPUR / PENANG,REMOTE",remote,Full-time,Mid-Level,,,,,USD,Engineering / Development,Engineering,,Engineering,Direct opportunity at Coinmarketcap. Apply directly via official candidate link.,https://jobs.lever.co/coinmarketcap/901558ef-445f-4fdf-8fba-b2c0c5a505e3,active,scraped
job_scraped_ca226fbbf4,2026-09-04T15:14:07.841048Z,2026-09-06T21:22:10.962053Z,"Smart Contract QA Engineer, Atlas Oracle",Coinmarketcap,"GLOBAL / DUBAI / HONG KONG / KUALA LUMPUR / TAIPEI / LONDON / PENANG / SINGAPORE / HANOI / HO CHI MINH,REMOTE",remote,Full-time,Mid-Level,,,,,USD,Smart Contracts / Auditing,Smart Contracts,,Smart Contracts,Direct opportunity at Coinmarketcap. Apply directly via official candidate link.,https://jobs.lever.co/coinmarketcap/98dc4737-c43a-42cc-b542-29f559b351ed,active,scraped
job_scraped_c3e07b7397,2026-09-04T15:14:07.841048Z,2026-09-06T21:22:10.962053Z,AI Infra Engineer,Serotonin,"NEW YORK / TORONTO / SAN FRANCISCO / LOS ANGELES / CHICAGO,REMOTE",remote,Full-time,Mid-Level,,,,,USD,Engineering / Development,Engineering,,Engineering,Direct opportunity at Serotonin. Apply directly via official candidate link.,https://jobs.lever.co/serotonin/ec1a6359-0989-4ea3-96a1-6418cb4b62a8,active,scraped
job_scraped_83600eb566,2026-09-04T15:14:07.841048Z,2026-09-06T21:22:10.962053Z,Pitch Yourself,Serotonin,"NEW YORK / SAN FRANCISCO / MIAMI / LISBON / HANOI / AHMEDABAD / BERLIN / BUSAN / BENGALURU / BANGKOK / CHIANG MAI / TORONTO / SEOUL / PATNA / LONDON,REMOTE",remote,Full-time,Mid-Level,,,,,USD,Engineering / Development,Engineering,,Engineering,Direct opportunity at Serotonin. Apply directly via official candidate link.,https://jobs.lever.co/serotonin/95fe516c-2686-4b69-9c97-a060f63afe6e,active,scraped
job_scraped_6071a539bb,2026-09-04T15:14:07.841048Z,2026-09-06T21:22:10.962053Z,"Talent Pool - Software Engineer, Backend (Typescript / Golang)",1inch,"UAE / GERMANY / SPAIN / UK,REMOTE",remote,Full-time,Mid-Level,,,,,USD,Engineering / Development,Go|TypeScript,,Go|TypeScript,Direct opportunity at 1inch. Apply directly via official candidate link.,https://jobs.lever.co/1inch/827649c3-2dab-4911-bb2f-97b84dc93126,active,scraped
job_scraped_7e9fe59446,2026-09-04T15:14:07.841048Z,2026-09-06T21:22:10.962053Z,"Senior Software Engineer, Blockchain (Smart Contracts)",1inch,"UAE / GERMANY / SPAIN / UK,REMOTE",remote,Full-time,Senior,,,,,USD,Smart Contracts / Auditing,Smart Contracts,,Smart Contracts,Direct opportunity at 1inch. Apply directly via official candidate link.,https://jobs.lever.co/1inch/b43b5dfa-95ff-4a30-9a42-6fb7860ff0ec,active,scraped
job_scraped_574ec88bf9,2026-09-04T15:14:07.841048Z,2026-09-06T21:22:10.962053Z,"Talent Pool - Software Engineer, Blockchain (Smart Contracts)",1inch,"UAE / GERMANY / SPAIN / UK,REMOTE",remote,Full-time,Mid-Level,,,,,USD,Smart Contracts / Auditing,Smart Contracts,,Smart Contracts,Direct opportunity at 1inch. Apply directly via official candidate link.,https://jobs.lever.co/1inch/44232662-92ee-4e78-a00a-7204e1c64da1,active,scraped
job_scraped_da4598d396,2026-09-04T15:14:07.841048Z,2026-09-06T21:22:10.962053Z,"Tech Lead, dApp",1inch,"UAE / UK / SPAIN,HYBRID",hybrid,Full-time,Lead,,,,,USD,Engineering / Development,Engineering,,Engineering,Direct opportunity at 1inch. Apply directly via official candidate link.,https://jobs.lever.co/1inch/feec2508-f482-455a-9644-1fb9fe2092ae,active,scraped
job_scraped_f494a27789,2026-09-04T15:14:07.841048Z,2026-09-06T21:22:10.962053Z,Developer Relations Intern,Asterdex,"NORTH AMERICA / TORONTO, ONTARIO,REMOTE",remote,Full-time,Student,,,,,USD,Engineering / Development,Engineering,,Engineering,Direct opportunity at Asterdex. Apply directly via official candidate link.,https://jobs.lever.co/pioneer-services/193f4aff-1b07-46cd-9c3c-abcb09354299,active,scraped
job_scraped_eb9c5e9780,2026-09-04T15:14:07.841048Z,2026-09-06T21:22:10.962053Z,Product Manager,Asterdex,"APAC,REMOTE",remote,Full-time,Mid-Level,,,,,USD,Product Management,Product Management,,Product Management,Direct opportunity at Asterdex. Apply directly via official candidate link.,https://jobs.lever.co/pioneer-services/691cb6e4-c1a1-4b12-9cfa-08cd27304766,active,scraped
job_scraped_6e62b13d35,2026-09-04T15:14:07.841048Z,2026-09-06T21:22:10.962053Z,Blockchain Core Developer,Asterdex,"GLOBAL,REMOTE",remote,Full-time,Mid-Level,,,,,USD,Engineering / Development,Engineering,,Engineering,Direct opportunity at Asterdex. Apply directly via official candidate link.,https://jobs.lever.co/pioneer-services/8de06de7-9b9e-4773-a718-048434a0b428,active,scraped
job_scraped_c9428046ba,2026-09-04T15:14:07.841048Z,2026-09-06T21:22:10.962053Z,Web3 Infrastructure Engineer (BNB Chain Middleware),Asterdex,"APAC,REMOTE",remote,Full-time,Mid-Level,,,,,USD,Engineering / Development,Engineering,,Engineering,Direct opportunity at Asterdex. Apply directly via official candidate link.,https://jobs.lever.co/pioneer-services/83f3d425-c5d4-4ef3-882c-7a19b3e2e77b,active,scraped
job_scraped_d7570753e9,2026-09-04T15:14:07.841048Z,2026-09-06T21:22:10.962053Z,Staff UX Product Designer,Ninjatrader,Chicago or Remote*,remote,Full-time,Lead,,,,,USD,Design / UI / UX,Product Management,,Product Management,Direct opportunity at Ninjatrader. Apply directly via official candidate link.,https://job-boards.greenhouse.io/ninjatrader/jobs/4628278006,active,scraped
job_scraped_6f7662b28b,2026-09-04T15:14:07.841048Z,2026-09-06T21:22:10.962053Z,"Principal Software Engineer, Trading Systems",Ninjatrader,Chicago,remote,Full-time,Lead,,,,,USD,Engineering / Development,Trading,,Trading,Direct opportunity at Ninjatrader. Apply directly via official candidate link.,https://job-boards.greenhouse.io/ninjatrader/jobs/4559838006,active,scraped
job_scraped_99d99637a6,2026-09-04T15:14:07.841048Z,2026-09-06T21:22:10.962053Z,Sr. Data EngineerNew,Ninjatrader,Chicago or Remote*,remote,Full-time,Senior,,,,,USD,Engineering / Development,Engineering,,Engineering,Direct opportunity at Ninjatrader. Apply directly via official candidate link.,https://job-boards.greenhouse.io/ninjatrader/jobs/4691523006,active,scraped
job_scraped_6d10bb1d9a,2026-09-04T15:14:07.841048Z,2026-09-06T21:22:10.962053Z,"Sr. Software Engineer II, Exchange Connectivity",Ninjatrader,"Chicago, IL",remote,Full-time,Senior,,,,,USD,Engineering / Development,Engineering,,Engineering,Direct opportunity at Ninjatrader. Apply directly via official candidate link.,https://job-boards.greenhouse.io/ninjatrader/jobs/4689595006,active,scraped
job_scraped_bcb7a93dea,2026-09-04T15:14:07.841048Z,2026-09-06T21:22:10.962053Z,"Sr. Software Engineer II, Trading Services",Ninjatrader,Chicago or Remote*,remote,Full-time,Senior,,,,,USD,Engineering / Development,Trading,,Trading,Direct opportunity at Ninjatrader. Apply directly via official candidate link.,https://job-boards.greenhouse.io/ninjatrader/jobs/4688494006,active,scraped
job_scraped_d93a752657,2026-09-04T15:14:07.841048Z,2026-09-06T21:22:10.962053Z,"Staff Software Engineer, FCM",Ninjatrader,Chicago or Remote*,remote,Full-time,Lead,,,,,USD,Engineering / Development,Engineering,,Engineering,Direct opportunity at Ninjatrader. Apply directly via official candidate link.,https://job-boards.greenhouse.io/ninjatrader/jobs/4658366006,active,scraped
job_scraped_e2b95dc807,2026-09-04T15:14:07.841048Z,2026-09-06T21:22:10.962053Z,Senior Frontend Engineer,Nomina.io,Remote,remote,Full-time,Senior,,,,,USD,Engineering / Development,Engineering,,Engineering,Direct opportunity at Nomina.io. Apply directly via official candidate link.,https://job-boards.greenhouse.io/nomina/jobs/4001953008,active,scraped
job_scraped_7e4d2e2ddb,2026-09-04T15:14:07.841048Z,2026-09-06T21:22:10.962053Z,Senior Product Manager,Nomina.io,Remote,remote,Full-time,Senior,,,,,USD,Product Management,Product Management,,Product Management,Direct opportunity at Nomina.io. Apply directly via official candidate link.,https://job-boards.greenhouse.io/nomina/jobs/4822638008,active,scraped
job_scraped_b32b22d213,2026-09-04T15:14:07.841048Z,2026-09-06T21:22:10.962053Z,AI Application Engineer,Recall,Remote,remote,Full-time,Mid-Level,,,,,USD,Engineering / Development,Engineering,,Engineering,Direct opportunity at Recall. Apply directly via official candidate link.,https://job-boards.greenhouse.io/recall/jobs/5678558004,active,scraped
job_scraped_9d0ced7841,2026-09-04T15:14:07.841048Z,2026-09-06T21:22:10.962053Z,Open Application,Recall,Remote,remote,Full-time,Mid-Level,,,,,USD,Engineering / Development,Engineering,,Engineering,Direct opportunity at Recall. Apply directly via official candidate link.,https://job-boards.greenhouse.io/recall/jobs/5678559004,active,scraped
job_scraped_822b7c1ba0,2026-09-04T15:14:07.841048Z,2026-09-06T21:22:10.962053Z,Volunteer position: Logos Circles Organiser,Iftother,Remote (Worldwide),remote,Full-time,Mid-Level,,,,,USD,Engineering / Development,Engineering,,Engineering,Direct opportunity at Iftother. Apply directly via official candidate link.,https://job-boards.greenhouse.io/iftother/jobs/7396815,active,scraped
job_scraped_807ccab8d6,2026-09-04T15:14:07.841048Z,2026-09-06T21:22:10.962053Z,Volunteer position: Logos Circles Technical Steward,Iftother,Remote (Worldwide),remote,Full-time,Mid-Level,,,,,USD,Engineering / Development,Engineering,,Engineering,Direct opportunity at Iftother. Apply directly via official candidate link.,https://job-boards.greenhouse.io/iftother/jobs/7584908,active,scraped
job_scraped_0ca3c3c725,2026-09-04T15:14:07.841048Z,2026-09-06T21:22:10.962053Z,"Director, Loan Accounting",Figure,Remote,remote,Full-time,Mid-Level,,,,,USD,Finance / Accounting,Finance,,Finance,Direct opportunity at Figure. Apply directly via official candidate link.,https://job-boards.greenhouse.io/figure/jobs/8556834002,active,scraped
job_scraped_e7f52f2382,2026-09-04T15:14:07.841048Z,2026-09-06T21:22:10.962053Z,Senior Manager of SEC Reporting & Technical Accounting,Figure,Remote,remote,Full-time,Senior,,,,,USD,Finance / Accounting,Finance,,Finance,Direct opportunity at Figure. Apply directly via official candidate link.,https://job-boards.greenhouse.io/figure/jobs/8594600002,active,scraped
job_scraped_f3c6a5ee59,2026-09-04T15:14:07.841048Z,2026-09-06T21:22:10.962053Z,"Product Counsel, Crypto",Figure,"Remote; New York, NY; San Francisco, CA",remote,Full-time,Mid-Level,,,,,USD,Legal / Compliance,Product Management,,Product Management,Direct opportunity at Figure. Apply directly via official candidate link.,https://job-boards.greenhouse.io/figure/jobs/8509324002,active,scraped
job_scraped_648a189f02,2026-09-04T15:14:07.841048Z,2026-09-06T21:22:10.962053Z,General Resume Submission,Grayscaleinvestments,"Stamford, Connecticut, US",remote,Full-time,Mid-Level,,,,,USD,Engineering / Development,Engineering,,Engineering,Direct opportunity at Grayscaleinvestments. Apply directly via official candidate link.,https://job-boards.greenhouse.io/grayscaleinvestments/jobs/7483961003,active,scraped
job_scraped_d95a0a85f2,2026-09-04T15:14:07.841048Z,2026-09-06T21:22:10.962053Z,Crypto Production Engineer,Jumpcrypto,"Sydney, Australia",remote,Full-time,Mid-Level,,,,,USD,Engineering / Development,Product Management,,Product Management,Direct opportunity at Jumpcrypto. Apply directly via official candidate link.,https://job-boards.greenhouse.io/jumpcrypto/jobs/6472539,active,scraped
job_scraped_099c81bb3c,2026-09-04T15:14:07.841048Z,2026-09-06T21:22:10.962053Z,Campus Full-Time Crypto Researcher 2026 LDN,Jumpcrypto,London,remote,Full-time,Mid-Level,,,,,USD,Research / Economics,Research,,Research,Direct opportunity at Jumpcrypto. Apply directly via official candidate link.,https://job-boards.greenhouse.io/jumpcrypto/jobs/7374012,active,scraped
job_scraped_1b411b6adc,2026-09-04T15:14:07.841048Z,2026-09-06T21:22:10.962053Z,Campus Intern Crypto Researcher 2026 LDN,Jumpcrypto,London,remote,Full-time,Student,,,,,USD,Research / Economics,Research,,Research,Direct opportunity at Jumpcrypto. Apply directly via official candidate link.,https://job-boards.greenhouse.io/jumpcrypto/jobs/7374010,active,scraped
job_scraped_ca720543c6,2026-09-04T15:14:07.841048Z,2026-09-06T21:22:10.962053Z,C++ Software Engineer | Crypto,Jumpcrypto,London,remote,Full-time,Mid-Level,,,,,USD,Engineering / Development,Engineering,,Engineering,Direct opportunity at Jumpcrypto. Apply directly via official candidate link.,https://job-boards.greenhouse.io/jumpcrypto/jobs/5524078,active,scraped
job_scraped_cca83807c5,2026-09-04T15:14:07.841048Z,2026-09-06T21:22:10.962053Z,Trader | Crypto,Jumpcrypto,Singapore,remote,Full-time,Mid-Level,,,,,USD,Finance / Accounting,Finance,,Finance,Direct opportunity at Jumpcrypto. Apply directly via official candidate link.,https://job-boards.greenhouse.io/jumpcrypto/jobs/4862961,active,scraped
job_scraped_c0c88689ad,2026-09-04T15:14:07.841048Z,2026-09-06T21:22:10.962053Z,Core Protocol Engineer,Ritual,Remote,remote,Full-time,Mid-Level,,,,,USD,Engineering / Development,Engineering,,Engineering,Direct opportunity at Ritual. Apply directly via official candidate link.,https://job-boards.greenhouse.io/ritual/jobs/4614221007,active,scraped
job_scraped_27d57f873b,2026-09-04T15:14:07.841048Z,2026-09-06T21:22:10.962053Z,Developer Experience Engineer,Ritual,Remote,remote,Full-time,Mid-Level,,,,,USD,Engineering / Development,Engineering,,Engineering,Direct opportunity at Ritual. Apply directly via official candidate link.,https://job-boards.greenhouse.io/ritual/jobs/4614247007,active,scraped
job_scraped_059ae4186c,2026-09-04T15:14:07.841048Z,2026-09-06T21:22:10.962053Z,Distributed Systems Engineer,Ritual,Remote,remote,Full-time,Mid-Level,,,,,USD,Engineering / Development,Engineering,,Engineering,Direct opportunity at Ritual. Apply directly via official candidate link.,https://job-boards.greenhouse.io/ritual/jobs/4609616007,active,scraped
job_scraped_32e2c2e68b,2026-09-04T15:14:07.841048Z,2026-09-06T21:22:10.962053Z,Ecosystem Engineer,Ritual,Remote,remote,Full-time,Mid-Level,,,,,USD,Engineering / Development,Engineering,,Engineering,Direct opportunity at Ritual. Apply directly via official candidate link.,https://job-boards.greenhouse.io/ritual/jobs/4614234007,active,scraped
job_scraped_df5686832a,2026-09-04T15:14:07.841048Z,2026-09-06T21:22:10.962053Z,Frontend Engineer,Ritual,Remote,remote,Full-time,Mid-Level,,,,,USD,Engineering / Development,Engineering,,Engineering,Direct opportunity at Ritual. Apply directly via official candidate link.,https://job-boards.greenhouse.io/ritual/jobs/4083940007,active,scraped
job_scraped_b844768fb8,2026-09-04T15:14:07.841048Z,2026-09-06T21:22:10.962053Z,Growth Engineer,Ritual,Remote,remote,Full-time,Mid-Level,,,,,USD,Engineering / Development,Engineering,,Engineering,Direct opportunity at Ritual. Apply directly via official candidate link.,https://job-boards.greenhouse.io/ritual/jobs/4324604007,active,scraped
job_scraped_b11f20fcb5,2026-09-04T15:14:07.841048Z,2026-09-06T21:22:10.962053Z,Machine Learning Engineer,Ritual,Remote,remote,Full-time,Mid-Level,,,,,USD,Engineering / Development,Engineering,,Engineering,Direct opportunity at Ritual. Apply directly via official candidate link.,https://job-boards.greenhouse.io/ritual/jobs/4029531007,active,scraped
job_scraped_680a7be953,2026-09-04T15:14:07.841048Z,2026-09-06T21:22:10.962053Z,Smart Contract Engineer,Ritual,Remote,remote,Full-time,Mid-Level,,,,,USD,Smart Contracts / Auditing,Smart Contracts,,Smart Contracts,Direct opportunity at Ritual. Apply directly via official candidate link.,https://job-boards.greenhouse.io/ritual/jobs/4135728007,active,scraped
job_scraped_535401108c,2026-09-04T15:14:07.841048Z,2026-09-06T21:22:10.962053Z,Software Engineer Intern,Ritual,Remote,remote,Full-time,Student,,,,,USD,Engineering / Development,Engineering,,Engineering,Direct opportunity at Ritual. Apply directly via official candidate link.,https://job-boards.greenhouse.io/ritual/jobs/4068271007,active,scraped
job_scraped_9b2563e120,2026-09-04T15:14:07.841048Z,2026-09-06T21:22:10.962053Z,TEE Specialist,Ritual,Remote,remote,Full-time,Mid-Level,,,,,USD,Engineering / Development,Engineering,,Engineering,Direct opportunity at Ritual. Apply directly via official candidate link.,https://job-boards.greenhouse.io/ritual/jobs/4614256007,active,scraped
job_scraped_848398e16c,2026-09-04T15:14:07.841048Z,2026-09-06T21:22:10.962053Z,Validator Engineer,Ritual,Remote,remote,Full-time,Mid-Level,,,,,USD,Engineering / Development,Engineering,,Engineering,Direct opportunity at Ritual. Apply directly via official candidate link.,https://job-boards.greenhouse.io/ritual/jobs/4815356007,active,scraped
job_scraped_be142e0e14,2026-09-04T15:14:07.841048Z,2026-09-06T21:22:10.962053Z,Don't see a role that fits?,Ritual,Remote,remote,Full-time,Mid-Level,,,,,USD,Engineering / Development,Engineering,,Engineering,Direct opportunity at Ritual. Apply directly via official candidate link.,https://job-boards.greenhouse.io/ritual/jobs/4135918007,active,scraped
job_scraped_6f2b4e2f82,2026-09-04T15:14:07.841048Z,2026-09-06T21:22:10.962053Z,Legal Counsel,Ritual,Remote,remote,Full-time,Mid-Level,,,,,USD,Legal / Compliance,Legal,,Legal,Direct opportunity at Ritual. Apply directly via official candidate link.,https://job-boards.greenhouse.io/ritual/jobs/4635587007,active,scraped
job_scraped_030c039d32,2026-09-04T15:14:07.841048Z,2026-09-06T21:22:10.962053Z,Controller,Ritual,Remote,remote,Full-time,Mid-Level,,,,,USD,Engineering / Development,Engineering,,Engineering,Direct opportunity at Ritual. Apply directly via official candidate link.,https://job-boards.greenhouse.io/ritual/jobs/4981486007,active,scraped
job_scraped_736a3e6280,2026-09-04T15:14:07.841048Z,2026-09-06T21:22:10.962053Z,Research Intern,Ritual,Remote,remote,Full-time,Student,,,,,USD,Research / Economics,Research,,Research,Direct opportunity at Ritual. Apply directly via official candidate link.,https://job-boards.greenhouse.io/ritual/jobs/4358496007,active,scraped
job_scraped_c08948deff,2026-09-04T15:14:07.841048Z,2026-09-06T21:22:10.962053Z,Affiliate BD-Orderly,Orderlynetwork,Ho Chi Minh City,remote,Full-time,Mid-Level,,,,,USD,Engineering / Development,Engineering,,Engineering,Direct opportunity at Orderlynetwork. Apply directly via official candidate link.,https://job-boards.greenhouse.io/orderly/jobs/4570440008,active,scraped
job_scraped_3ec25150a3,2026-09-04T15:14:07.841048Z,2026-09-06T21:22:10.962053Z,Affiliate Manager,Orderlynetwork,Remote,remote,Full-time,Mid-Level,,,,,USD,Engineering / Development,Engineering,,Engineering,Direct opportunity at Orderlynetwork. Apply directly via official candidate link.,https://job-boards.greenhouse.io/orderly/jobs/4570445008,active,scraped
job_scraped_7825576407,2026-09-04T15:14:07.841048Z,2026-09-06T21:22:10.962053Z,"Associate, Ecosystem Growth & BD",Orderlynetwork,China,remote,Full-time,Mid-Level,,,,,USD,Engineering / Development,Engineering,,Engineering,Direct opportunity at Orderlynetwork. Apply directly via official candidate link.,https://job-boards.greenhouse.io/orderly/jobs/4570542008,active,scraped
job_scraped_60bc1e7aa9,2026-09-04T15:14:07.841048Z,2026-09-06T21:22:10.962053Z,English Sales Executive Assistant,Orderlynetwork,Ho Chi Minh City,remote,Full-time,Mid-Level,,,,,USD,Sales / Business Development,Sales,,Sales,Direct opportunity at Orderlynetwork. Apply directly via official candidate link.,https://job-boards.greenhouse.io/orderly/jobs/4747560008,active,scraped
job_scraped_2f8d4dc99b,2026-09-04T15:14:07.841048Z,2026-09-06T21:22:10.962053Z,Liquidity Operations Analyst,Orderlynetwork,Anywhere,remote,Full-time,Mid-Level,,,,,USD,Research / Economics,Research,,Research,Direct opportunity at Orderlynetwork. Apply directly via official candidate link.,https://job-boards.greenhouse.io/orderly/jobs/5202834008,active,scraped
job_scraped_5567c2f128,2026-09-04T15:14:07.841048Z,2026-09-06T21:22:10.962053Z,Product Design Intern,Orderlynetwork,APAC,remote,Full-time,Student,,,,,USD,Design / UI / UX,Product Management,,Product Management,Direct opportunity at Orderlynetwork. Apply directly via official candidate link.,https://job-boards.greenhouse.io/orderly/jobs/4762763008,active,scraped
job_scraped_f4c663fd77,2026-09-04T15:14:07.841048Z,2026-09-06T21:22:10.962053Z,Product Manager-Orderly,Orderlynetwork,Remote,remote,Full-time,Mid-Level,,,,,USD,Product Management,Product Management,,Product Management,Direct opportunity at Orderlynetwork. Apply directly via official candidate link.,https://job-boards.greenhouse.io/orderly/jobs/4570564008,active,scraped
job_scraped_84499ca2f5,2026-09-04T15:14:07.841048Z,2026-09-06T21:22:10.962053Z,Product UX/UI Designer-Orderly,Orderlynetwork,Remote,remote,Full-time,Mid-Level,,,,,USD,Design / UI / UX,Product Management,,Product Management,Direct opportunity at Orderlynetwork. Apply directly via official candidate link.,https://job-boards.greenhouse.io/orderly/jobs/4740871008,active,scraped
job_scraped_310733bc91,2026-09-04T15:14:07.841048Z,2026-09-06T21:22:10.962053Z,Social Media Assistant VN,Orderlynetwork,Ho Chi Minh City,remote,Full-time,Mid-Level,,,,,USD,Marketing / PR,Marketing,,Marketing,Direct opportunity at Orderlynetwork. Apply directly via official candidate link.,https://job-boards.greenhouse.io/orderly/jobs/4859874008,active,scraped
job_scraped_4dd6601bc9,2026-09-04T15:14:07.841048Z,2026-09-06T21:22:10.962053Z,Web3 Backend Engineer (Onsite – HCM),Orderlynetwork,Ho Chi Minh City,remote,Full-time,Mid-Level,,,,,USD,Engineering / Development,Engineering,,Engineering,Direct opportunity at Orderlynetwork. Apply directly via official candidate link.,https://job-boards.greenhouse.io/orderly/jobs/4637023008,active,scraped
job_scraped_53baaf60eb,2026-09-04T15:14:07.841048Z,2026-09-06T21:22:10.962053Z,Web3 Growth Marketer (Onsite – HCM),Orderlynetwork,Ho Chi Minh City,remote,Full-time,Mid-Level,,,,,USD,Engineering / Development,Engineering,,Engineering,Direct opportunity at Orderlynetwork. Apply directly via official candidate link.,https://job-boards.greenhouse.io/orderly/jobs/4800156008,active,scraped
job_scraped_b1745144bc,2026-09-04T15:14:07.841048Z,2026-09-06T21:22:10.962053Z,"AI Operations & Research Intern (Florianopolis, for Partner Company)",Orderlynetwork,"Florianopolis, Santa Catarina, Brazil",remote,Full-time,Student,,,,,USD,Research / Economics,Research,,Research,Direct opportunity at Orderlynetwork. Apply directly via official candidate link.,https://job-boards.greenhouse.io/orderly/jobs/5253336008,active,scraped
job_scraped_4d8c72e1ed,2026-09-04T15:14:07.841048Z,2026-09-06T21:22:10.962053Z,UK Market Lead,Blockchain,London,remote,Full-time,Lead,,,,,USD,Engineering / Development,Engineering,,Engineering,Direct opportunity at Blockchain. Apply directly via official candidate link.,https://job-boards.greenhouse.io/blockchain/jobs/6951150,active,scraped
job_scraped_8873e24618,2026-09-04T15:14:07.841048Z,2026-09-06T21:22:10.962053Z,"Senior Back-End Engineer, Trading Platform",Blockchain,London,remote,Full-time,Senior,,,,,USD,Engineering / Development,Trading,,Trading,Direct opportunity at Blockchain. Apply directly via official candidate link.,https://job-boards.greenhouse.io/blockchain/jobs/7925977,active,scraped
job_scraped_6437795f2f,2026-09-04T15:14:07.841048Z,2026-09-06T21:22:10.962053Z,"Front-End Engineer, Institutional",Blockchain,London,remote,Full-time,Mid-Level,,,,,USD,Engineering / Development,Engineering,,Engineering,Direct opportunity at Blockchain. Apply directly via official candidate link.,https://job-boards.greenhouse.io/blockchain/jobs/7821146,active,scraped
job_scraped_fa36690928,2026-09-04T15:14:07.841048Z,2026-09-06T21:22:10.962053Z,Front-End Engineer (React),Blockchain,Paris,remote,Full-time,Mid-Level,,,,,USD,Engineering / Development,React.js,,React.js,Direct opportunity at Blockchain. Apply directly via official candidate link.,https://job-boards.greenhouse.io/blockchain/jobs/7480518,active,scraped
job_scraped_6f6d99c07f,2026-09-04T15:14:07.841048Z,2026-09-06T21:22:10.962053Z,Mid-Level React Native Engineer,Blockchain,Buenos Aires,remote,Full-time,Mid-Level,,,,,USD,Engineering / Development,React.js,,React.js,Direct opportunity at Blockchain. Apply directly via official candidate link.,https://job-boards.greenhouse.io/blockchain/jobs/7846821,active,scraped
job_scraped_dbe52cb320,2026-09-04T15:14:07.841048Z,2026-09-06T21:22:10.962053Z,Senior React Native Engineer,Blockchain,Buenos Aires,remote,Full-time,Senior,,,,,USD,Engineering / Development,React.js,,React.js,Direct opportunity at Blockchain. Apply directly via official candidate link.,https://job-boards.greenhouse.io/blockchain/jobs/7846840,active,scraped
job_scraped_a1df533ea5,2026-09-04T15:14:07.841048Z,2026-09-06T21:22:10.962053Z,Infrastructure Security Engineer,Blockchain,London,remote,Full-time,Mid-Level,,,,,USD,Engineering / Development,Engineering,,Engineering,Direct opportunity at Blockchain. Apply directly via official candidate link.,https://job-boards.greenhouse.io/blockchain/jobs/7792540,active,scraped
job_scraped_8429894ea1,2026-09-04T15:14:07.841048Z,2026-09-06T21:22:10.962053Z,"Security Engineer, Institutional Trading",Blockchain,London,remote,Full-time,Mid-Level,,,,,USD,Engineering / Development,Trading,,Trading,Direct opportunity at Blockchain. Apply directly via official candidate link.,https://job-boards.greenhouse.io/blockchain/jobs/7904343,active,scraped
job_scraped_ef72413bc2,2026-09-04T15:14:07.841048Z,2026-09-06T21:22:10.962053Z,Senior Product Security EngineerNew,Blockchain,London,remote,Full-time,Senior,,,,,USD,Engineering / Development,Product Management,,Product Management,Direct opportunity at Blockchain. Apply directly via official candidate link.,https://job-boards.greenhouse.io/blockchain/jobs/8026964,active,scraped
job_scraped_92c99ba820,2026-09-04T15:14:07.841048Z,2026-09-06T21:22:10.962053Z,Site Reliability Engineer - Core,Blockchain,London,remote,Full-time,Mid-Level,,,,,USD,Engineering / Development,Engineering,,Engineering,Direct opportunity at Blockchain. Apply directly via official candidate link.,https://job-boards.greenhouse.io/blockchain/jobs/5946660,active,scraped
job_scraped_3250289b61,2026-09-04T15:14:07.841048Z,2026-09-06T21:22:10.962053Z,Institutional Sales Associate,Blockchain,London,remote,Full-time,Mid-Level,,,,,USD,Sales / Business Development,Sales,,Sales,Direct opportunity at Blockchain. Apply directly via official candidate link.,https://job-boards.greenhouse.io/blockchain/jobs/7980197,active,scraped
job_scraped_8a483a01b4,2026-09-04T15:14:07.841048Z,2026-09-06T21:22:10.962053Z,Compliance Manager,Blockchain,Malta,remote,Full-time,Mid-Level,,,,,USD,Legal / Compliance,Compliance,,Compliance,Direct opportunity at Blockchain. Apply directly via official candidate link.,https://job-boards.greenhouse.io/blockchain/jobs/8002957,active,scraped
job_scraped_bd1ed7fe7b,2026-09-04T15:14:07.841048Z,2026-09-06T21:22:10.962053Z,Deputy BSA & Sanctions Officer,Blockchain,Dallas,remote,Full-time,Mid-Level,,,,,USD,Legal / Compliance,Legal,,Legal,Direct opportunity at Blockchain. Apply directly via official candidate link.,https://job-boards.greenhouse.io/blockchain/jobs/7851484,active,scraped
job_scraped_722f16afe6,2026-09-04T15:14:07.841048Z,2026-09-06T21:22:10.962053Z,"Performance Marketing Specialist, MobileNew",Blockchain,London,remote,Full-time,Mid-Level,,,,,USD,Marketing / PR,Marketing,,Marketing,Direct opportunity at Blockchain. Apply directly via official candidate link.,https://job-boards.greenhouse.io/blockchain/jobs/8026116,active,scraped
job_scraped_2d3d329581,2026-09-04T15:14:07.841048Z,2026-09-06T21:22:10.962053Z,UX/Product Design Intern,Blockchain,Paris,remote,Full-time,Student,,,,,USD,Design / UI / UX,Product Management,,Product Management,Direct opportunity at Blockchain. Apply directly via official candidate link.,https://job-boards.greenhouse.io/blockchain/jobs/7961085,active,scraped
job_scraped_52c2e4511f,2026-09-04T15:14:07.841048Z,2026-09-06T21:22:10.962053Z,VIP Relationship Manager,Blockchain,New York,remote,Full-time,Mid-Level,,,,,USD,Engineering / Development,Engineering,,Engineering,Direct opportunity at Blockchain. Apply directly via official candidate link.,https://job-boards.greenhouse.io/blockchain/jobs/7699375,active,scraped
job_scraped_99f62f2df6,2026-09-04T15:14:07.841048Z,2026-09-06T21:22:10.962053Z,Customer Success Manager (EMEA),Bitgo,"London, England, UK",remote,Full-time,Mid-Level,,,,,USD,Engineering / Development,Engineering,,Engineering,Direct opportunity at Bitgo. Apply directly via official candidate link.,https://job-boards.greenhouse.io/bitgo/jobs/8584877002,active,scraped
job_scraped_13f2799a0b,2026-09-04T15:14:07.841048Z,2026-09-06T21:22:10.962053Z,Financial Operations Manager,Bitgo,"Palo Alto, California, US",remote,Full-time,Mid-Level,,,,,USD,Operations / Strategy,Operations,,Operations,Direct opportunity at Bitgo. Apply directly via official candidate link.,https://job-boards.greenhouse.io/bitgo/jobs/8436572002,active,scraped
job_scraped_f57b7a330a,2026-09-04T15:14:07.841048Z,2026-09-06T21:22:10.962053Z,Senior Accountant (Contract to Hire),Bitgo,"Palo Alto, California, US",remote,Full-time,Senior,,,,,USD,Engineering / Development,Engineering,,Engineering,Direct opportunity at Bitgo. Apply directly via official candidate link.,https://job-boards.greenhouse.io/bitgo/jobs/8540208002,active,scraped
job_scraped_da9146e4b5,2026-09-04T15:14:07.841048Z,2026-09-06T21:22:10.962053Z,Head of Internal AuditNew,Bitgo,"Sioux Falls, South Dakota, US",remote,Full-time,Lead,,,,,USD,Smart Contracts / Auditing,Smart Contracts,,Smart Contracts,Direct opportunity at Bitgo. Apply directly via official candidate link.,https://job-boards.greenhouse.io/bitgo/jobs/8604828002,active,scraped
job_scraped_6d1a4c5046,2026-09-04T15:14:07.841048Z,2026-09-06T21:22:10.962053Z,Product Marketing Manager,Bitgo,"San Francisco, California, US",remote,Full-time,Mid-Level,,,,,USD,Marketing / PR,Marketing|Product Management,,Marketing|Product Management,Direct opportunity at Bitgo. Apply directly via official candidate link.,https://job-boards.greenhouse.io/bitgo/jobs/8523899002,active,scraped
job_scraped_68b46f972f,2026-09-04T15:14:07.841048Z,2026-09-06T21:22:10.962053Z,Associate - Listings & Ecosystem Development,Bitgo,"New York, US",remote,Full-time,Mid-Level,,,,,USD,Engineering / Development,Engineering,,Engineering,Direct opportunity at Bitgo. Apply directly via official candidate link.,https://job-boards.greenhouse.io/bitgo/jobs/7907250002,active,scraped
job_scraped_23b7567353,2026-09-04T15:14:07.841048Z,2026-09-06T21:22:10.962053Z,Business Development Representative - MENA (Cyprus or Israel),Bitgo,Remote,remote,Full-time,Mid-Level,,,,,USD,Sales / Business Development,Sales,,Sales,Direct opportunity at Bitgo. Apply directly via official candidate link.,https://job-boards.greenhouse.io/bitgo/jobs/8534706002,active,scraped
job_scraped_0d18852fb5,2026-09-04T15:14:07.841048Z,2026-09-06T21:22:10.962053Z,Business Development Representative - MENA (Saudi Arabia),Bitgo,Remote,remote,Full-time,Mid-Level,,,,,USD,Sales / Business Development,Sales,,Sales,Direct opportunity at Bitgo. Apply directly via official candidate link.,https://job-boards.greenhouse.io/bitgo/jobs/8534682002,active,scraped
job_scraped_d42817d960,2026-09-04T15:14:07.841048Z,2026-09-06T21:22:10.962053Z,Business Development Representative - MENA(South Africa or Kenya),Bitgo,Remote,remote,Full-time,Mid-Level,,,,,USD,Sales / Business Development,Sales,,Sales,Direct opportunity at Bitgo. Apply directly via official candidate link.,https://job-boards.greenhouse.io/bitgo/jobs/8534695002,active,scraped
job_scraped_d084919ab4,2026-09-04T15:14:07.841048Z,2026-09-06T21:22:10.962053Z,Director - Listings & Ecosystem Development,Bitgo,"New York, US; San Francisco, California, US",remote,Full-time,Mid-Level,,,,,USD,Executive / Leadership,Executive,,Executive,Direct opportunity at Bitgo. Apply directly via official candidate link.,https://job-boards.greenhouse.io/bitgo/jobs/8158666002,active,scraped
job_scraped_8dfc6900b9,2026-09-04T15:14:07.841048Z,2026-09-06T21:22:10.962053Z,Sales Associate - Fintech,Bitgo,"New York, US",remote,Full-time,Mid-Level,,,,,USD,Sales / Business Development,Sales,,Sales,Direct opportunity at Bitgo. Apply directly via official candidate link.,https://job-boards.greenhouse.io/bitgo/jobs/8341050002,active,scraped
job_scraped_29b8973453,2026-09-04T15:14:07.841048Z,2026-09-06T21:22:10.962053Z,Sales Director- Fintech,Bitgo,"San Francisco, California, US",remote,Full-time,Mid-Level,,,,,USD,Sales / Business Development,Sales,,Sales,Direct opportunity at Bitgo. Apply directly via official candidate link.,https://job-boards.greenhouse.io/bitgo/jobs/8341097002,active,scraped
job_scraped_dce87bc7b4,2026-09-04T15:14:07.841048Z,2026-09-06T21:22:10.962053Z,"Sales Director- Pensions, Endowments, Foundations, and Family Offices",Bitgo,"New York, US",remote,Full-time,Mid-Level,,,,,USD,Sales / Business Development,Sales,,Sales,Direct opportunity at Bitgo. Apply directly via official candidate link.,https://job-boards.greenhouse.io/bitgo/jobs/8340883002,active,scraped
job_scraped_dfb3fa59d4,2026-09-04T15:14:07.841048Z,2026-09-06T21:22:10.962053Z,SOC Analyst,Bitgo,India,remote,Full-time,Mid-Level,,,,,USD,Research / Economics,Research,,Research,Direct opportunity at Bitgo. Apply directly via official candidate link.,https://job-boards.greenhouse.io/bitgo/jobs/8527761002,active,scraped
job_scraped_f0fde43b99,2026-09-04T15:14:07.841048Z,2026-09-06T21:22:10.962053Z,Director of Trust Administration,Bitgo,"Sioux Falls, South Dakota, US",remote,Full-time,Mid-Level,,,,,USD,Smart Contracts / Auditing,Rust,,Rust,Direct opportunity at Bitgo. Apply directly via official candidate link.,https://job-boards.greenhouse.io/bitgo/jobs/8350266002,active,scraped
job_scraped_45e8ca0c96,2026-09-04T15:14:07.841048Z,2026-09-06T21:22:10.962053Z,Trust OfficerNew,Bitgo,"Sioux Falls, South Dakota, US",remote,Full-time,Mid-Level,,,,,USD,Smart Contracts / Auditing,Rust,,Rust,Direct opportunity at Bitgo. Apply directly via official candidate link.,https://job-boards.greenhouse.io/bitgo/jobs/8612856002,active,scraped
job_scraped_7dcc09caef,2026-09-04T15:14:07.841048Z,2026-09-06T21:22:10.962053Z,Frontend Business Engineering Director,Okx,APAC,remote,Full-time,Mid-Level,,,,,USD,Engineering / Development,Engineering,,Engineering,Direct opportunity at Okx. Apply directly via official candidate link.,https://job-boards.greenhouse.io/okx/jobs/7683432003,active,scraped
job_scraped_5343297b35,2026-09-04T15:14:07.841048Z,2026-09-06T21:22:10.962053Z,AI Agent Product Expert (Middleware),Okx,Hong Kong,remote,Full-time,Mid-Level,,,,,USD,AI / Machine Learning,Product Management,,Product Management,Direct opportunity at Okx. Apply directly via official candidate link.,https://job-boards.greenhouse.io/okx/jobs/7731745003,active,scraped
job_scraped_78bc3bd96c,2026-09-04T15:14:07.841048Z,2026-09-06T21:22:10.962053Z,AI Agent Security Research Engineer,Okx,"APAC; Hong Kong; Singapore, Singapore",remote,Full-time,Mid-Level,,,,,USD,Engineering / Development,Engineering,,Engineering,Direct opportunity at Okx. Apply directly via official candidate link.,https://job-boards.greenhouse.io/okx/jobs/7650023003,active,scraped
job_scraped_572a5f1d9c,2026-09-04T15:14:07.841048Z,2026-09-06T21:22:10.962053Z,AI Application Architect,Okx,"Singapore, Singapore",remote,Full-time,Mid-Level,,,,,USD,AI / Machine Learning,AI,,AI,Direct opportunity at Okx. Apply directly via official candidate link.,https://job-boards.greenhouse.io/okx/jobs/7761002003,active,scraped
job_scraped_9b6272ebde,2026-09-04T15:14:07.841048Z,2026-09-06T21:22:10.962053Z,AI Native Platform Architect,Okx,Hong Kong,remote,Full-time,Mid-Level,,,,,USD,AI / Machine Learning,AI,,AI,Direct opportunity at Okx. Apply directly via official candidate link.,https://job-boards.greenhouse.io/okx/jobs/7702525003,active,scraped
job_scraped_a8ab742c79,2026-09-04T15:14:07.841048Z,2026-09-06T21:22:10.962053Z,"Application Architect, Java",Okx,"Hong Kong; Singapore, Singapore",remote,Full-time,Mid-Level,,,,,USD,Engineering / Development,Engineering,,Engineering,Direct opportunity at Okx. Apply directly via official candidate link.,https://job-boards.greenhouse.io/okx/jobs/7766838003,active,scraped
job_scraped_579052c573,2026-09-04T15:14:07.841048Z,2026-09-06T21:22:10.962053Z,Client Security Expert/Architect,Okx,APAC,remote,Full-time,Mid-Level,,,,,USD,Security,Security,,Security,Direct opportunity at Okx. Apply directly via official candidate link.,https://job-boards.greenhouse.io/okx/jobs/7773152003,active,scraped
job_scraped_aafc91aa58,2026-09-04T15:14:07.841048Z,2026-09-06T21:22:10.962053Z,Database Administrator,Okx,"Singapore, Singapore",remote,Full-time,Mid-Level,,,,,USD,Engineering / Development,Engineering,,Engineering,Direct opportunity at Okx. Apply directly via official candidate link.,https://job-boards.greenhouse.io/okx/jobs/7766919003,active,scraped
job_scraped_6921e9d049,2026-09-04T15:14:07.841048Z,2026-09-06T21:22:10.962053Z,Data Engineering Director,Okx,APAC,remote,Full-time,Mid-Level,,,,,USD,Engineering / Development,Engineering,,Engineering,Direct opportunity at Okx. Apply directly via official candidate link.,https://job-boards.greenhouse.io/okx/jobs/7693151003,active,scraped
job_scraped_624b2ba66c,2026-09-04T15:14:07.841048Z,2026-09-06T21:22:10.962053Z,"Data Engineer, Product Data Development",Okx,"Singapore, Singapore",remote,Full-time,Mid-Level,,,,,USD,Engineering / Development,Product Management,,Product Management,Direct opportunity at Okx. Apply directly via official candidate link.,https://job-boards.greenhouse.io/okx/jobs/7601723003,active,scraped
job_scraped_b69ed2aa92,2026-09-04T15:14:07.841048Z,2026-09-06T21:22:10.962053Z,DevOps / Site Reliability Engineer,Okx,"Singapore, Singapore",remote,Full-time,Mid-Level,,,,,USD,Engineering / Development,Engineering,,Engineering,Direct opportunity at Okx. Apply directly via official candidate link.,https://job-boards.greenhouse.io/okx/jobs/7767872003,active,scraped
job_scraped_c3a1e5a2c6,2026-09-04T15:14:07.841048Z,2026-09-06T21:22:10.962053Z,"Engineering Director, DBA",Okx,"Singapore, Singapore",remote,Full-time,Mid-Level,,,,,USD,Engineering / Development,Engineering,,Engineering,Direct opportunity at Okx. Apply directly via official candidate link.,https://job-boards.greenhouse.io/okx/jobs/6569486003,active,scraped
job_scraped_df43b02566,2026-09-04T15:14:07.841048Z,2026-09-06T21:22:10.962053Z,"Engineering Director, Frontend",Okx,"Singapore, Singapore",remote,Full-time,Mid-Level,,,,,USD,Engineering / Development,Engineering,,Engineering,Direct opportunity at Okx. Apply directly via official candidate link.,https://job-boards.greenhouse.io/okx/jobs/7687329003,active,scraped
job_scraped_f6ffffe01c,2026-09-04T15:14:07.841048Z,2026-09-06T21:22:10.962053Z,"Engineering Director, Frontend Business Lead",Okx,"Singapore, Singapore",remote,Full-time,Lead,,,,,USD,Engineering / Development,Engineering,,Engineering,Direct opportunity at Okx. Apply directly via official candidate link.,https://job-boards.greenhouse.io/okx/jobs/7687326003,active,scraped
job_scraped_6648eb3ff8,2026-09-04T15:14:07.841048Z,2026-09-06T21:22:10.962053Z,"Engineering Director (Java), Trading Services",Okx,APAC,remote,Full-time,Mid-Level,,,,,USD,Engineering / Development,Trading,,Trading,Direct opportunity at Okx. Apply directly via official candidate link.,https://job-boards.greenhouse.io/okx/jobs/7673170003,active,scraped
job_scraped_3243f1b43a,2026-09-04T15:14:07.841048Z,2026-09-06T21:22:10.962053Z,"Engineering Director, Mobile InfrastructureNew",Okx,"Singapore, Singapore",remote,Full-time,Mid-Level,,,,,USD,Engineering / Development,Engineering,,Engineering,Direct opportunity at Okx. Apply directly via official candidate link.,https://job-boards.greenhouse.io/okx/jobs/7777037003,active,scraped
job_scraped_108979c625,2026-09-04T15:14:07.841048Z,2026-09-06T21:22:10.962053Z,"Engineering Director, Mobile, InfrastructureNew",Okx,Hong Kong,remote,Full-time,Mid-Level,,,,,USD,Engineering / Development,Engineering,,Engineering,Direct opportunity at Okx. Apply directly via official candidate link.,https://job-boards.greenhouse.io/okx/jobs/7777038003,active,scraped
job_scraped_56ab6cabf4,2026-09-04T15:14:07.841048Z,2026-09-06T21:22:10.962053Z,"Engineering Director, Mobile (iOS/Android)",Okx,Hong Kong,remote,Full-time,Mid-Level,,,,,USD,Engineering / Development,Engineering,,Engineering,Direct opportunity at Okx. Apply directly via official candidate link.,https://job-boards.greenhouse.io/okx/jobs/7777138003,active,scraped
job_scraped_644bb6f2c1,2026-09-04T15:14:07.841048Z,2026-09-06T21:22:10.962053Z,"Engineering Director, Mobile, Web3",Okx,Hong Kong,remote,Full-time,Mid-Level,,,,,USD,Engineering / Development,Engineering,,Engineering,Direct opportunity at Okx. Apply directly via official candidate link.,https://job-boards.greenhouse.io/okx/jobs/7778748003,active,scraped
job_scraped_82ce8134b4,2026-09-04T15:14:07.841048Z,2026-09-06T21:22:10.962053Z,Frontend Business Lead,Okx,APAC,remote,Full-time,Lead,,,,,USD,Engineering / Development,Engineering,,Engineering,Direct opportunity at Okx. Apply directly via official candidate link.,https://job-boards.greenhouse.io/okx/jobs/7684591003,active,scraped
job_scraped_f5aea1a906,2026-09-04T15:14:07.841048Z,2026-09-06T21:22:10.962053Z,Infrastructure Stability Architect,Okx,"Singapore, Singapore",remote,Full-time,Mid-Level,,,,,USD,Engineering / Development,Engineering,,Engineering,Direct opportunity at Okx. Apply directly via official candidate link.,https://job-boards.greenhouse.io/okx/jobs/6507075003,active,scraped
job_scraped_e5253ef30c,2026-09-04T15:14:07.841048Z,2026-09-06T21:22:10.962053Z,"Junior Product Manager, DevOps and AI",Okx,"Hong Kong; Singapore, Singapore",remote,Full-time,Junior,,,,,USD,Engineering / Development,Product Management,,Product Management,Direct opportunity at Okx. Apply directly via official candidate link.,https://job-boards.greenhouse.io/okx/jobs/7780897003,active,scraped
job_scraped_f84579df1a,2026-09-04T15:14:07.841048Z,2026-09-06T21:22:10.962053Z,"Principal AI Engineer, AI Agent Development",Okx,APAC,remote,Full-time,Lead,,,,,USD,Engineering / Development,Engineering,,Engineering,Direct opportunity at Okx. Apply directly via official candidate link.,https://job-boards.greenhouse.io/okx/jobs/7671555003,active,scraped
job_scraped_871a9c6946,2026-09-04T15:14:07.841048Z,2026-09-06T21:22:10.962053Z,"Principal AI Engineer, Chatbot Development",Okx,"San Jose, California, US",remote,Full-time,Lead,,,,,USD,Engineering / Development,Engineering,,Engineering,Direct opportunity at Okx. Apply directly via official candidate link.,https://job-boards.greenhouse.io/okx/jobs/7650506003,active,scraped
job_scraped_215b0a8397,2026-09-04T15:14:07.841048Z,2026-09-06T21:22:10.962053Z,"Principal Engineer, Agent Infrastructure & Memory Architecture",Okx,APAC,remote,Full-time,Lead,,,,,USD,Engineering / Development,Engineering,,Engineering,Direct opportunity at Okx. Apply directly via official candidate link.,https://job-boards.greenhouse.io/okx/jobs/7671576003,active,scraped
job_scraped_fe0a0f1097,2026-09-04T15:14:07.841048Z,2026-09-06T21:22:10.962053Z,"Principal/Senior Mobile Engineer, Trading Strategies, CEXNew",Okx,"Singapore, Singapore",remote,Full-time,Lead,,,,,USD,Engineering / Development,Trading,,Trading,Direct opportunity at Okx. Apply directly via official candidate link.,https://job-boards.greenhouse.io/okx/jobs/7789825003,active,scraped
job_scraped_92153db985,2026-09-04T15:14:07.841048Z,2026-09-06T21:22:10.962053Z,"Principal/Senior Software Engineer, Mobile, CEX",Okx,Hong Kong,remote,Full-time,Lead,,,,,USD,Engineering / Development,Engineering,,Engineering,Direct opportunity at Okx. Apply directly via official candidate link.,https://job-boards.greenhouse.io/okx/jobs/7768122003,active,scraped
job_scraped_9df299f763,2026-09-04T15:14:07.841048Z,2026-09-06T21:22:10.962053Z,Principal / Staff Engineer - Compliance,Okx,Hong Kong,remote,Full-time,Lead,,,,,USD,Engineering / Development,Compliance,,Compliance,Direct opportunity at Okx. Apply directly via official candidate link.,https://job-boards.greenhouse.io/okx/jobs/7736921003,active,scraped
job_scraped_c3708f7eee,2026-09-04T15:14:07.841048Z,2026-09-06T21:22:10.962053Z,"Quant Developer (Rust), Liquidity Platform, Delta One",Okx,Hong Kong,remote,Full-time,Mid-Level,,,,,USD,Smart Contracts / Auditing,Rust|Quantitative Analysis,,Rust|Quantitative Analysis,Direct opportunity at Okx. Apply directly via official candidate link.,https://job-boards.greenhouse.io/okx/jobs/7673432003,active,scraped
job_scraped_4904f1daef,2026-09-04T15:14:07.841048Z,2026-09-06T21:22:10.962053Z,"Quant Developer (Rust), Liquidity Platform, Delta One Systematic Trading",Okx,Hong Kong,remote,Full-time,Mid-Level,,,,,USD,Smart Contracts / Auditing,Rust|Trading|Quantitative Analysis,,Rust|Trading|Quantitative Analysis,Direct opportunity at Okx. Apply directly via official candidate link.,https://job-boards.greenhouse.io/okx/jobs/7673443003,active,scraped
job_scraped_d0c9f9e26e,2026-09-04T15:14:07.841048Z,2026-09-06T21:22:10.962053Z,Security Engineer (Data & Endpoint Security),Okx,Hong Kong,remote,Full-time,Mid-Level,,,,,USD,Engineering / Development,Engineering,,Engineering,Direct opportunity at Okx. Apply directly via official candidate link.,https://job-boards.greenhouse.io/okx/jobs/7675035003,active,scraped
job_scraped_cb74278d67,2026-09-04T15:14:07.841048Z,2026-09-06T21:22:10.962053Z,Security Operations Engineer,Okx,Hong Kong,remote,Full-time,Mid-Level,,,,,USD,Engineering / Development,Engineering,,Engineering,Direct opportunity at Okx. Apply directly via official candidate link.,https://job-boards.greenhouse.io/okx/jobs/7746610003,active,scraped
job_scraped_ac962d5a20,2026-09-04T15:14:07.841048Z,2026-09-06T21:22:10.962053Z,Senior Data Engineer,Okx,Hong Kong,remote,Full-time,Senior,,,,,USD,Engineering / Development,Engineering,,Engineering,Direct opportunity at Okx. Apply directly via official candidate link.,https://job-boards.greenhouse.io/okx/jobs/7686177003,active,scraped
job_scraped_8e373f164f,2026-09-04T15:14:07.841048Z,2026-09-06T21:22:10.962053Z,"Senior Data Engineer, Compliance Data Platform",Okx,"Hong Kong; Singapore, Singapore",remote,Full-time,Senior,,,,,USD,Engineering / Development,Compliance,,Compliance,Direct opportunity at Okx. Apply directly via official candidate link.,https://job-boards.greenhouse.io/okx/jobs/7765814003,active,scraped
job_scraped_a057dc45a7,2026-09-04T15:14:07.841048Z,2026-09-06T21:22:10.962053Z,"Senior Java Engineer, OKX Pay Smart Account Team",Okx,"Singapore, Singapore",remote,Full-time,Senior,,,,,USD,Engineering / Development,Engineering,,Engineering,Direct opportunity at Okx. Apply directly via official candidate link.,https://job-boards.greenhouse.io/okx/jobs/7596531003,active,scraped
job_scraped_b2b1955b0e,2026-09-04T15:14:07.841048Z,2026-09-06T21:22:10.962053Z,Senior Java R&D Engineer（Token Markets Team）,Okx,Hong Kong,remote,Full-time,Senior,,,,,USD,Engineering / Development,Engineering,,Engineering,Direct opportunity at Okx. Apply directly via official candidate link.,https://job-boards.greenhouse.io/okx/jobs/6325652003,active,scraped
job_scraped_3d9991c964,2026-09-04T15:14:07.841048Z,2026-09-06T21:22:10.962053Z,"Senior Product Manager, DevOps and AI",Okx,"Singapore, Singapore",remote,Full-time,Senior,,,,,USD,Engineering / Development,Product Management,,Product Management,Direct opportunity at Okx. Apply directly via official candidate link.,https://job-boards.greenhouse.io/okx/jobs/7699601003,active,scraped
job_scraped_e06f1f7461,2026-09-04T15:14:07.841048Z,2026-09-06T21:22:10.962053Z,"Senior Software Engineer, AI TradingNew",Okx,"San Jose, California, US",remote,Full-time,Senior,,,,,USD,Engineering / Development,Trading,,Trading,Direct opportunity at Okx. Apply directly via official candidate link.,https://job-boards.greenhouse.io/okx/jobs/7786389003,active,scraped
job_scraped_19bf19e73a,2026-09-04T15:14:07.841048Z,2026-09-06T21:22:10.962053Z,"Senior Software Engineer, Mobile TradingNew",Okx,"San Jose, California, US",remote,Full-time,Senior,,,,,USD,Engineering / Development,Trading,,Trading,Direct opportunity at Okx. Apply directly via official candidate link.,https://job-boards.greenhouse.io/okx/jobs/7786381003,active,scraped
job_scraped_484f077e05,2026-09-04T15:14:07.841048Z,2026-09-06T21:22:10.962053Z,"Senior Software Engineer, Trading Service",Okx,"Hong Kong; Singapore, Singapore",remote,Full-time,Senior,,,,,USD,Engineering / Development,Trading,,Trading,Direct opportunity at Okx. Apply directly via official candidate link.,https://job-boards.greenhouse.io/okx/jobs/6656607003,active,scraped
job_scraped_1c57d01849,2026-09-04T15:14:07.841048Z,2026-09-06T21:22:10.962053Z,"Senior Staff AI Engineer, Anti-Fraud",Okx,Hong Kong,remote,Full-time,Lead,,,,,USD,Engineering / Development,Engineering,,Engineering,Direct opportunity at Okx. Apply directly via official candidate link.,https://job-boards.greenhouse.io/okx/jobs/7678350003,active,scraped
job_scraped_3fc8bddc1c,2026-09-04T15:14:07.841048Z,2026-09-06T21:22:10.962053Z,"Senior Staff Algorithm Engineer, Recommendation",Okx,APAC,remote,Full-time,Lead,,,,,USD,Engineering / Development,Engineering,,Engineering,Direct opportunity at Okx. Apply directly via official candidate link.,https://job-boards.greenhouse.io/okx/jobs/7687337003,active,scraped
job_scraped_38e519a05a,2026-09-04T15:14:07.841048Z,2026-09-06T21:22:10.962053Z,"Senior/Staff Data Engineer, Analytics and Reporting",Okx,"Singapore, Singapore",remote,Full-time,Lead,,,,,USD,Engineering / Development,Engineering,,Engineering,Direct opportunity at Okx. Apply directly via official candidate link.,https://job-boards.greenhouse.io/okx/jobs/7601762003,active,scraped
job_scraped_e4f75f92a5,2026-09-04T15:14:07.841048Z,2026-09-06T21:22:10.962053Z,"Senior/Staff Data Engineer, Risk ControlNew",Okx,"Singapore, Singapore",remote,Full-time,Lead,,,,,USD,Engineering / Development,Engineering,,Engineering,Direct opportunity at Okx. Apply directly via official candidate link.,https://job-boards.greenhouse.io/okx/jobs/7783020003,active,scraped
job_scraped_d3d0366ebb,2026-09-04T15:14:07.841048Z,2026-09-06T21:22:10.962053Z,"Senior/Staff Engineer, AI Agent Development",Okx,"Singapore, Singapore",remote,Full-time,Lead,,,,,USD,Engineering / Development,Engineering,,Engineering,Direct opportunity at Okx. Apply directly via official candidate link.,https://job-boards.greenhouse.io/okx/jobs/7699598003,active,scraped
job_scraped_19fbaa2dc3,2026-09-04T15:14:07.841048Z,2026-09-06T21:22:10.962053Z,"Senior Staff Engineer, AI Platform",Okx,Hong Kong,remote,Full-time,Lead,,,,,USD,Engineering / Development,Engineering,,Engineering,Direct opportunity at Okx. Apply directly via official candidate link.,https://job-boards.greenhouse.io/okx/jobs/7678331003,active,scraped
job_scraped_3f3c2b8dba,2026-09-04T15:14:07.841048Z,2026-09-06T21:22:10.962053Z,"Senior Staff Engineer, AI Platform and Infrastructure",Okx,"Hong Kong; Singapore, Singapore",remote,Full-time,Lead,,,,,USD,Engineering / Development,Engineering,,Engineering,Direct opportunity at Okx. Apply directly via official candidate link.,https://job-boards.greenhouse.io/okx/jobs/7477322003,active,scraped
job_scraped_b9396c68c4,2026-09-04T15:14:07.841048Z,2026-09-06T21:22:10.962053Z,"Senior/Staff Engineer, Fraud Risk",Okx,Hong Kong,remote,Full-time,Lead,,,,,USD,Engineering / Development,Engineering,,Engineering,Direct opportunity at Okx. Apply directly via official candidate link.,https://job-boards.greenhouse.io/okx/jobs/7678342003,active,scraped
job_scraped_8f16fc90bf,2026-09-04T15:14:07.841048Z,2026-09-06T21:22:10.962053Z,"Senior/Staff Engineer, Growth",Okx,"Singapore, Singapore",remote,Full-time,Lead,,,,,USD,Engineering / Development,Engineering,,Engineering,Direct opportunity at Okx. Apply directly via official candidate link.,https://job-boards.greenhouse.io/okx/jobs/7594323003,active,scraped
job_scraped_9149aaa1d1,2026-09-04T15:14:07.841048Z,2026-09-06T21:22:10.962053Z,"Senior Staff Engineer, HR PlatformNew",Okx,Greater China (Remote); Hong Kong,remote,Full-time,Lead,,,,,USD,Engineering / Development,Engineering,,Engineering,Direct opportunity at Okx. Apply directly via official candidate link.,https://job-boards.greenhouse.io/okx/jobs/7788114003,active,scraped
job_scraped_d9ccea2d3b,2026-09-04T15:14:07.841048Z,2026-09-06T21:22:10.962053Z,"Senior Staff Engineer (Java), Liquidity Platform, Cash OTC",Okx,Hong Kong,remote,Full-time,Lead,,,,,USD,Engineering / Development,Engineering,,Engineering,Direct opportunity at Okx. Apply directly via official candidate link.,https://job-boards.greenhouse.io/okx/jobs/7703881003,active,scraped
job_scraped_d3cd5ad043,2026-09-04T15:14:07.841048Z,2026-09-06T21:22:10.962053Z,"Senior/Staff Engineer, Liquidity Platform, Data Engineer (Data Platform)",Okx,Hong Kong,remote,Full-time,Lead,,,,,USD,Engineering / Development,Engineering,,Engineering,Direct opportunity at Okx. Apply directly via official candidate link.,https://job-boards.greenhouse.io/okx/jobs/7673457003,active,scraped
job_scraped_69c94f75a7,2026-09-04T15:14:07.841048Z,2026-09-06T21:22:10.962053Z,"Senior/Staff Engineer, Liquidity Platform, Strategy Service",Okx,Hong Kong,remote,Full-time,Lead,,,,,USD,Engineering / Development,Engineering,,Engineering,Direct opportunity at Okx. Apply directly via official candidate link.,https://job-boards.greenhouse.io/okx/jobs/7673466003,active,scraped
job_scraped_3b5e9a3c02,2026-09-04T15:14:07.841048Z,2026-09-06T21:22:10.962053Z,"Senior/Staff Engineer, Liquidity Platform, Trading Service",Okx,Hong Kong,remote,Full-time,Lead,,,,,USD,Engineering / Development,Trading,,Trading,Direct opportunity at Okx. Apply directly via official candidate link.,https://job-boards.greenhouse.io/okx/jobs/7673564003,active,scraped
job_scraped_87c7e82159,2026-09-04T15:14:07.841048Z,2026-09-06T21:22:10.962053Z,"Senior Staff / Principal AI Engineer, Computer Vision",Okx,Hong Kong,remote,Full-time,Lead,,,,,USD,Engineering / Development,Engineering,,Engineering,Direct opportunity at Okx. Apply directly via official candidate link.,https://job-boards.greenhouse.io/okx/jobs/7675050003,active,scraped
job_scraped_35bac4384e,2026-09-04T15:14:07.841048Z,2026-09-06T21:22:10.962053Z,"Senior Staff Software Engineer, Mobile Growth",Okx,"Singapore, Singapore",remote,Full-time,Lead,,,,,USD,Engineering / Development,Engineering,,Engineering,Direct opportunity at Okx. Apply directly via official candidate link.,https://job-boards.greenhouse.io/okx/jobs/7777048003,active,scraped
job_scraped_d0cfcce64d,2026-09-04T15:14:07.841048Z,2026-09-06T21:22:10.962053Z,"Senior Staff Software Engineer, Mobile GrowthNew",Okx,Hong Kong,remote,Full-time,Lead,,,,,USD,Engineering / Development,Engineering,,Engineering,Direct opportunity at Okx. Apply directly via official candidate link.,https://job-boards.greenhouse.io/okx/jobs/7788716003,active,scraped
job_scraped_0843ca5697,2026-09-04T15:14:07.841048Z,2026-09-06T21:22:10.962053Z,"Senior Staff Software Engineer, Mobile InfrastructureNew",Okx,Hong Kong,remote,Full-time,Lead,,,,,USD,Engineering / Development,Engineering,,Engineering,Direct opportunity at Okx. Apply directly via official candidate link.,https://job-boards.greenhouse.io/okx/jobs/7777032003,active,scraped
job_scraped_bb4c418d23,2026-09-04T15:14:07.841048Z,2026-09-06T21:22:10.962053Z,"Senior Staff Software Engineer, Mobile P2P & FiatNew",Okx,Hong Kong,remote,Full-time,Lead,,,,,USD,Engineering / Development,Engineering,,Engineering,Direct opportunity at Okx. Apply directly via official candidate link.,https://job-boards.greenhouse.io/okx/jobs/7788717003,active,scraped
job_scraped_25f5a7ad9f,2026-09-04T15:14:07.841048Z,2026-09-06T21:22:10.962053Z,"Senior Staff Software Engineer, Trading Service",Okx,"Hong Kong; Singapore, Singapore",remote,Full-time,Lead,,,,,USD,Engineering / Development,Trading,,Trading,Direct opportunity at Okx. Apply directly via official candidate link.,https://job-boards.greenhouse.io/okx/jobs/6610645003,active,scraped
job_scraped_aa76c8b05f,2026-09-04T15:14:07.841048Z,2026-09-06T21:22:10.962053Z,"Senior Staff Software Engineer, Trading Service (C++)",Okx,"Hong Kong; Singapore, Singapore",remote,Full-time,Lead,,,,,USD,Engineering / Development,Trading,,Trading,Direct opportunity at Okx. Apply directly via official candidate link.,https://job-boards.greenhouse.io/okx/jobs/6615074003,active,scraped
job_scraped_cd70f668ec,2026-09-04T15:14:07.841048Z,2026-09-06T21:22:10.962053Z,"Software Architect, Liquidity Platform",Okx,Hong Kong,remote,Full-time,Mid-Level,,,,,USD,Engineering / Development,Engineering,,Engineering,Direct opportunity at Okx. Apply directly via official candidate link.,https://job-boards.greenhouse.io/okx/jobs/7678394003,active,scraped
job_scraped_8f7966f934,2026-09-04T15:14:07.841048Z,2026-09-06T21:22:10.962053Z,"Software Engineer, Mobile, Web3",Okx,Hong Kong,remote,Full-time,Mid-Level,,,,,USD,Engineering / Development,Engineering,,Engineering,Direct opportunity at Okx. Apply directly via official candidate link.,https://job-boards.greenhouse.io/okx/jobs/7777044003,active,scraped
job_scraped_9dc84bb7c6,2026-09-04T15:14:07.841048Z,2026-09-06T21:22:10.962053Z,"Staff AI Engineer, Model Post-Training and Alignment",Okx,APAC,remote,Full-time,Lead,,,,,USD,Engineering / Development,Engineering,,Engineering,Direct opportunity at Okx. Apply directly via official candidate link.,https://job-boards.greenhouse.io/okx/jobs/7671583003,active,scraped
job_scraped_d8b5cfdff7,2026-09-04T15:14:07.841048Z,2026-09-06T21:22:10.962053Z,"Staff Data Engineer, Finance Data Platform",Okx,"Hong Kong; Singapore, Singapore",remote,Full-time,Lead,,,,,USD,Engineering / Development,Engineering,,Engineering,Direct opportunity at Okx. Apply directly via official candidate link.,https://job-boards.greenhouse.io/okx/jobs/7765811003,active,scraped
job_scraped_378d46dab7,2026-09-04T15:14:07.841048Z,2026-09-06T21:22:10.962053Z,"Staff/Senior Staff Engineer, Kubernetes",Okx,"Singapore, Singapore",remote,Full-time,Lead,,,,,USD,Engineering / Development,Engineering,,Engineering,Direct opportunity at Okx. Apply directly via official candidate link.,https://job-boards.greenhouse.io/okx/jobs/7767880003,active,scraped
job_scraped_ce6f011308,2026-09-04T15:14:07.841048Z,2026-09-06T21:22:10.962053Z,"Staff/Senior Staff Engineer, Public Cloud Operations",Okx,"Singapore, Singapore",remote,Full-time,Lead,,,,,USD,Engineering / Development,Engineering,,Engineering,Direct opportunity at Okx. Apply directly via official candidate link.,https://job-boards.greenhouse.io/okx/jobs/7767815003,active,scraped
job_scraped_6ebc441444,2026-09-04T15:14:07.841048Z,2026-09-06T21:22:10.962053Z,Staff/Senior Staff Frontend Engineer - Customer Genius & BOSS,Okx,"Singapore, Singapore",remote,Full-time,Lead,,,,,USD,Engineering / Development,Engineering,,Engineering,Direct opportunity at Okx. Apply directly via official candidate link.,https://job-boards.greenhouse.io/okx/jobs/7712938003,active,scraped
job_scraped_6d39159c49,2026-09-04T15:14:07.841048Z,2026-09-06T21:22:10.962053Z,Staff/Senior Staff Frontend Engineer - Growth,Okx,"Singapore, Singapore",remote,Full-time,Lead,,,,,USD,Engineering / Development,Engineering,,Engineering,Direct opportunity at Okx. Apply directly via official candidate link.,https://job-boards.greenhouse.io/okx/jobs/7712939003,active,scraped
job_scraped_063b2a75ea,2026-09-04T15:14:07.841048Z,2026-09-06T21:22:10.962053Z,"Staff / Senior Staff Software Engineer, Matching Engine (Java/C++)",Okx,"Singapore, Singapore",remote,Full-time,Lead,,,,,USD,Engineering / Development,Engineering,,Engineering,Direct opportunity at Okx. Apply directly via official candidate link.,https://job-boards.greenhouse.io/okx/jobs/6543530003,active,scraped
job_scraped_962ce2881f,2026-09-04T15:14:07.841048Z,2026-09-06T21:22:10.962053Z,Tech Governance - Security Compliance & Governance Engineer,Okx,"Hong Kong; Singapore, Singapore",remote,Full-time,Mid-Level,,,,,USD,Engineering / Development,Compliance,,Compliance,Direct opportunity at Okx. Apply directly via official candidate link.,https://job-boards.greenhouse.io/okx/jobs/7777063003,active,scraped
job_scraped_2b711e8052,2026-09-04T15:14:07.841048Z,2026-09-06T21:22:10.962053Z,Lead Product Designer,Okx,"Singapore, Singapore",remote,Full-time,Lead,,,,,USD,Design / UI / UX,Product Management,,Product Management,Direct opportunity at Okx. Apply directly via official candidate link.,https://job-boards.greenhouse.io/okx/jobs/6278888003,active,scraped
job_scraped_5d030d8cb2,2026-09-04T15:14:07.841048Z,2026-09-06T21:22:10.962053Z,Product Design Manager,Okx,"Singapore, Singapore",remote,Full-time,Mid-Level,,,,,USD,Design / UI / UX,Product Management,,Product Management,Direct opportunity at Okx. Apply directly via official candidate link.,https://job-boards.greenhouse.io/okx/jobs/6246528003,active,scraped
job_scraped_a384147d5d,2026-09-04T15:14:07.841048Z,2026-09-06T21:22:10.962053Z,Senior Product Designer,Okx,"Singapore, Singapore",remote,Full-time,Senior,,,,,USD,Design / UI / UX,Product Management,,Product Management,Direct opportunity at Okx. Apply directly via official candidate link.,https://job-boards.greenhouse.io/okx/jobs/6246527003,active,scraped
job_scraped_bc8f8deaf7,2026-09-04T15:14:07.841048Z,2026-09-06T21:22:10.962053Z,"Senior Product Designer, Defi",Okx,Hong Kong,remote,Full-time,Senior,,,,,USD,Design / UI / UX,Product Management,,Product Management,Direct opportunity at Okx. Apply directly via official candidate link.,https://job-boards.greenhouse.io/okx/jobs/7747651003,active,scraped
job_scraped_23bde76bbf,2026-09-04T15:14:07.841048Z,2026-09-06T21:22:10.962053Z,"Senior Product Designer, Wallets",Okx,"Singapore, Singapore",remote,Full-time,Senior,,,,,USD,Design / UI / UX,Product Management,,Product Management,Direct opportunity at Okx. Apply directly via official candidate link.,https://job-boards.greenhouse.io/okx/jobs/6545604003,active,scraped
job_scraped_accee4d62f,2026-09-04T15:14:07.841048Z,2026-09-06T21:22:10.962053Z,"Senior Product Designer, Web3",Okx,"Singapore, Singapore",remote,Full-time,Senior,,,,,USD,Design / UI / UX,Product Management,,Product Management,Direct opportunity at Okx. Apply directly via official candidate link.,https://job-boards.greenhouse.io/okx/jobs/6278887003,active,scraped
job_scraped_f68b40fd8f,2026-09-04T15:14:07.841048Z,2026-09-06T21:22:10.962053Z,"Senior Product Designer, Web3 Growth",Okx,"Singapore, Singapore",remote,Full-time,Senior,,,,,USD,Design / UI / UX,Product Management,,Product Management,Direct opportunity at Okx. Apply directly via official candidate link.,https://job-boards.greenhouse.io/okx/jobs/6660783003,active,scraped
job_scraped_a4c2a7dfbe,2026-09-04T15:14:07.841048Z,2026-09-06T21:22:10.962053Z,"Principal Product Manager, Affiliate & KOL - Onshore Markets",Okx,"Hong Kong; Singapore, Singapore",remote,Full-time,Lead,,,,,USD,Product Management,Product Management,,Product Management,Direct opportunity at Okx. Apply directly via official candidate link.,https://job-boards.greenhouse.io/okx/jobs/7777902003,active,scraped
job_scraped_523640a6fa,2026-09-04T15:14:07.841048Z,2026-09-06T21:22:10.962053Z,"Principal Product Manager, AI Infrastructure",Okx,"San Jose, California, US",remote,Full-time,Lead,,,,,USD,Product Management,Product Management,,Product Management,Direct opportunity at Okx. Apply directly via official candidate link.,https://job-boards.greenhouse.io/okx/jobs/7634881003,active,scraped
job_scraped_31a86b2a99,2026-09-04T15:14:07.841048Z,2026-09-06T21:22:10.962053Z,"Principal Product Manager, Growth",Okx,"San Jose, California, US",remote,Full-time,Lead,,,,,USD,Product Management,Product Management,,Product Management,Direct opportunity at Okx. Apply directly via official candidate link.,https://job-boards.greenhouse.io/okx/jobs/7713617003,active,scraped
job_scraped_b049a0c926,2026-09-04T15:14:07.841048Z,2026-09-06T21:22:10.962053Z,"Principal/Senior Product Manager, AI and Agent",Okx,Hong Kong,remote,Full-time,Lead,,,,,USD,Product Management,Product Management,,Product Management,Direct opportunity at Okx. Apply directly via official candidate link.,https://job-boards.greenhouse.io/okx/jobs/7531920003,active,scraped
job_scraped_83bbcd3866,2026-09-04T15:14:07.841048Z,2026-09-06T21:22:10.962053Z,"Principal / Senior Product Manager, Institution Onboarding Experience (KYB)",Okx,Hong Kong,remote,Full-time,Lead,,,,,USD,Product Management,Product Management,,Product Management,Direct opportunity at Okx. Apply directly via official candidate link.,https://job-boards.greenhouse.io/okx/jobs/6584031003,active,scraped
job_scraped_0c89750859,2026-09-04T15:14:07.841048Z,2026-09-06T21:22:10.962053Z,"Principal / Senior Product Manager, Payment",Okx,"Singapore, Singapore",remote,Full-time,Lead,,,,,USD,Product Management,Product Management,,Product Management,Direct opportunity at Okx. Apply directly via official candidate link.,https://job-boards.greenhouse.io/okx/jobs/7525131003,active,scraped
job_scraped_e1af712be9,2026-09-04T15:14:07.841048Z,2026-09-06T21:22:10.962053Z,"Principal/Senior Product Manager, Web3 Wallet",Okx,Hong Kong,remote,Full-time,Lead,,,,,USD,Product Management,Product Management,,Product Management,Direct opportunity at Okx. Apply directly via official candidate link.,https://job-boards.greenhouse.io/okx/jobs/7777029003,active,scraped
job_scraped_89ed9fa9c6,2026-09-04T15:14:07.841048Z,2026-09-06T21:22:10.962053Z,"Product Director, Internal HR & Finance Systems",Okx,Hong Kong,remote,Full-time,Student,,,,,USD,Finance / Accounting,Product Management,,Product Management,Direct opportunity at Okx. Apply directly via official candidate link.,https://job-boards.greenhouse.io/okx/jobs/7773207003,active,scraped
job_scraped_f46d245a56,2026-09-04T15:14:07.841048Z,2026-09-06T21:22:10.962053Z,Product Director (Pay & Card),Okx,"Singapore, Singapore",remote,Full-time,Mid-Level,,,,,USD,Executive / Leadership,Product Management,,Product Management,Direct opportunity at Okx. Apply directly via official candidate link.,https://job-boards.greenhouse.io/okx/jobs/7641861003,active,scraped
job_scraped_68d8a0800c,2026-09-04T15:14:07.841048Z,2026-09-06T21:22:10.962053Z,"Product Director, VIP Products",Okx,Hong Kong,remote,Full-time,Mid-Level,,,,,USD,Executive / Leadership,Product Management,,Product Management,Direct opportunity at Okx. Apply directly via official candidate link.,https://job-boards.greenhouse.io/okx/jobs/6656277003,active,scraped
job_scraped_061350e46c,2026-09-04T15:14:07.841048Z,2026-09-06T21:22:10.962053Z,"Product Manager / Director, AI Trading",Okx,Hong Kong,remote,Full-time,Mid-Level,,,,,USD,Product Management,Trading|Product Management,,Trading|Product Management,Direct opportunity at Okx. Apply directly via official candidate link.,https://job-boards.greenhouse.io/okx/jobs/7712845003,active,scraped
job_scraped_d45545d33c,2026-09-04T15:14:07.841048Z,2026-09-06T21:22:10.962053Z,"Product Manager / Director, Core TradingNew",Okx,Hong Kong,remote,Full-time,Mid-Level,,,,,USD,Product Management,Trading|Product Management,,Trading|Product Management,Direct opportunity at Okx. Apply directly via official candidate link.,https://job-boards.greenhouse.io/okx/jobs/7782666003,active,scraped
job_scraped_bc93c85324,2026-09-04T15:14:07.841048Z,2026-09-06T21:22:10.962053Z,"Product Manager / Director, Fiat",Okx,"Singapore, Singapore",remote,Full-time,Mid-Level,,,,,USD,Product Management,Product Management,,Product Management,Direct opportunity at Okx. Apply directly via official candidate link.,https://job-boards.greenhouse.io/okx/jobs/7552817003,active,scraped
job_scraped_4f5c46215f,2026-09-04T15:14:07.841048Z,2026-09-06T21:22:10.962053Z,"Product Manager / Director, Financial ProductsNew",Okx,Hong Kong,remote,Full-time,Mid-Level,,,,,USD,Product Management,Product Management,,Product Management,Direct opportunity at Okx. Apply directly via official candidate link.,https://job-boards.greenhouse.io/okx/jobs/7782668003,active,scraped
job_scraped_8cf55fa464,2026-09-04T15:14:07.841048Z,2026-09-06T21:22:10.962053Z,"Product Manager / Director, Institutional Growth",Okx,Hong Kong,remote,Full-time,Mid-Level,,,,,USD,Product Management,Product Management,,Product Management,Direct opportunity at Okx. Apply directly via official candidate link.,https://job-boards.greenhouse.io/okx/jobs/7738699003,active,scraped
job_scraped_0c82f3030b,2026-09-04T15:14:07.841048Z,2026-09-06T21:22:10.962053Z,"Product Manager / Director, Institutional Product",Okx,Hong Kong,remote,Full-time,Mid-Level,,,,,USD,Product Management,Product Management,,Product Management,Direct opportunity at Okx. Apply directly via official candidate link.,https://job-boards.greenhouse.io/okx/jobs/7747641003,active,scraped
job_scraped_8792a1aa02,2026-09-04T15:14:07.841048Z,2026-09-06T21:22:10.962053Z,"Product Manager / Director, Trading Infrastructure",Okx,Hong Kong,remote,Full-time,Mid-Level,,,,,USD,Product Management,Trading|Product Management,,Trading|Product Management,Direct opportunity at Okx. Apply directly via official candidate link.,https://job-boards.greenhouse.io/okx/jobs/7739031003,active,scraped
job_scraped_d1d7227957,2026-09-04T15:14:07.841048Z,2026-09-06T21:22:10.962053Z,"Product Manager / Director, User Growth",Okx,Hong Kong,remote,Full-time,Mid-Level,,,,,USD,Product Management,Product Management,,Product Management,Direct opportunity at Okx. Apply directly via official candidate link.,https://job-boards.greenhouse.io/okx/jobs/7768054003,active,scraped
job_scraped_57b0fad4f4,2026-09-04T15:14:07.841048Z,2026-09-06T21:22:10.962053Z,"Product Manager / Director, VIP Growth & Operations",Okx,Hong Kong,remote,Full-time,Mid-Level,,,,,USD,Product Management,Product Management,,Product Management,Direct opportunity at Okx. Apply directly via official candidate link.,https://job-boards.greenhouse.io/okx/jobs/7766851003,active,scraped
job_scraped_39e7825b08,2026-09-04T15:14:07.841048Z,2026-09-06T21:22:10.962053Z,"Product Manager / Product Director, Copy Trading / Trading Bot",Okx,Hong Kong,remote,Full-time,Mid-Level,,,,,USD,Product Management,Trading|Product Management,,Trading|Product Management,Direct opportunity at Okx. Apply directly via official candidate link.,https://job-boards.greenhouse.io/okx/jobs/6679538003,active,scraped
job_scraped_3b40225cb4,2026-09-04T15:14:07.841048Z,2026-09-06T21:22:10.962053Z,"Product Operations Manager / Director, Institutional Product",Okx,Hong Kong,remote,Full-time,Mid-Level,,,,,USD,Executive / Leadership,Product Management,,Product Management,Direct opportunity at Okx. Apply directly via official candidate link.,https://job-boards.greenhouse.io/okx/jobs/7738701003,active,scraped
job_scraped_83eb34a17d,2026-09-04T15:14:07.841048Z,2026-09-06T21:22:10.962053Z,"Quantitative Trader, Cash OTC",Okx,Hong Kong,remote,Full-time,Mid-Level,,,,,USD,Finance / Accounting,Quantitative Analysis,,Quantitative Analysis,Direct opportunity at Okx. Apply directly via official candidate link.,https://job-boards.greenhouse.io/okx/jobs/7714574003,active,scraped
job_scraped_c22fca65c6,2026-09-04T15:14:07.841048Z,2026-09-06T21:22:10.962053Z,"Quantitative Trader, D1",Okx,Hong Kong,remote,Full-time,Mid-Level,,,,,USD,Finance / Accounting,Quantitative Analysis,,Quantitative Analysis,Direct opportunity at Okx. Apply directly via official candidate link.,https://job-boards.greenhouse.io/okx/jobs/7724455003,active,scraped
job_scraped_79e315de2c,2026-09-04T15:14:07.841048Z,2026-09-06T21:22:10.962053Z,"(Senior) Data Infra Product Manager, On Chain (Algorithm and Search)",Okx,"Singapore, Singapore",remote,Full-time,Senior,,,,,USD,Product Management,Product Management,,Product Management,Direct opportunity at Okx. Apply directly via official candidate link.,https://job-boards.greenhouse.io/okx/jobs/7742384003,active,scraped
job_scraped_bc7f4b8f49,2026-09-04T15:14:07.841048Z,2026-09-06T21:22:10.962053Z,"(Senior) Data Infra Product Manager, On Chain (Web3)",Okx,Hong Kong,remote,Full-time,Senior,,,,,USD,Product Management,Product Management,,Product Management,Direct opportunity at Okx. Apply directly via official candidate link.,https://job-boards.greenhouse.io/okx/jobs/7671640003,active,scraped
job_scraped_f7e527c730,2026-09-04T15:14:07.841048Z,2026-09-06T21:22:10.962053Z,"Senior Data Scientist, Risk (Risk Strategy)",Okx,"Singapore, Singapore",remote,Full-time,Senior,,,,,USD,Research / Economics,Research,,Research,Direct opportunity at Okx. Apply directly via official candidate link.,https://job-boards.greenhouse.io/okx/jobs/7575853003,active,scraped
job_scraped_fd7e8b96be,2026-09-04T15:14:07.841048Z,2026-09-06T21:22:10.962053Z,"Senior/Principal Product Manager, DEX Trading",Okx,Hong Kong,remote,Full-time,Lead,,,,,USD,Product Management,Trading|Product Management,,Trading|Product Management,Direct opportunity at Okx. Apply directly via official candidate link.,https://job-boards.greenhouse.io/okx/jobs/7671615003,active,scraped
job_scraped_09b0d570cf,2026-09-04T15:14:07.841048Z,2026-09-06T21:22:10.962053Z,"(Senior) Product Manager, DEX Institution Trading",Okx,"Singapore, Singapore",remote,Full-time,Senior,,,,,USD,Product Management,Trading|Product Management,,Trading|Product Management,Direct opportunity at Okx. Apply directly via official candidate link.,https://job-boards.greenhouse.io/okx/jobs/7668932003,active,scraped
job_scraped_d7f4e6890f,2026-09-04T15:14:07.841048Z,2026-09-06T21:22:10.962053Z,"Senior Product Manager, Risk Intelligence Product",Okx,"Singapore, Singapore",remote,Full-time,Senior,,,,,USD,Product Management,Product Management,,Product Management,Direct opportunity at Okx. Apply directly via official candidate link.,https://job-boards.greenhouse.io/okx/jobs/7690776003,active,scraped
job_scraped_a6bbc0c552,2026-09-04T15:14:07.841048Z,2026-09-06T21:22:10.962053Z,Senior Product Manager - Risk Platform,Okx,"Singapore, Singapore",remote,Full-time,Senior,,,,,USD,Product Management,Product Management,,Product Management,Direct opportunity at Okx. Apply directly via official candidate link.,https://job-boards.greenhouse.io/okx/jobs/6642975003,active,scraped
job_scraped_53620158da,2026-09-04T15:14:07.841048Z,2026-09-06T21:22:10.962053Z,"Senior Risk Manager, Trading (AI-Augmented Operations)",Okx,Hong Kong,remote,Full-time,Senior,,,,,USD,Finance / Accounting,Trading,,Trading,Direct opportunity at Okx. Apply directly via official candidate link.,https://job-boards.greenhouse.io/okx/jobs/7718886003,active,scraped
job_scraped_3d393905da,2026-09-04T15:14:07.841048Z,2026-09-06T21:22:10.962053Z,"Sr Data Scientist, Risk Strategy",Okx,"San Jose, California, US",remote,Full-time,Senior,,,,,USD,Research / Economics,Research,,Research,Direct opportunity at Okx. Apply directly via official candidate link.,https://job-boards.greenhouse.io/okx/jobs/7552740003,active,scraped
job_scraped_d16d53a08b,2026-09-04T15:14:07.841048Z,2026-09-06T21:22:10.962053Z,"Vice President of Product, AI and Agent",Okx,Hong Kong,remote,Full-time,Mid-Level,,,,,USD,AI / Machine Learning,Product Management,,Product Management,Direct opportunity at Okx. Apply directly via official candidate link.,https://job-boards.greenhouse.io/okx/jobs/7691999003,active,scraped
job_scraped_d3ada8762b,2026-09-04T15:14:07.841048Z,2026-09-06T21:22:10.962053Z,"Specialist, Customer Due Diligence Operations - KYBNew",Okx,"Sliema, Malta",remote,Full-time,Mid-Level,,,,,USD,Operations / Strategy,Operations,,Operations,Direct opportunity at Okx. Apply directly via official candidate link.,https://job-boards.greenhouse.io/okx/jobs/7789846003,active,scraped
job_scraped_390c6b4617,2026-09-04T15:14:07.841048Z,2026-09-06T21:22:10.962053Z,"Head of Regulatory Compliance, Malta",Okx,"Sliema, Malta",remote,Full-time,Lead,,,,,USD,Legal / Compliance,Compliance,,Compliance,Direct opportunity at Okx. Apply directly via official candidate link.,https://job-boards.greenhouse.io/okx/jobs/7773200003,active,scraped
job_scraped_293636ede8,2026-09-04T15:14:07.841048Z,2026-09-06T21:22:10.962053Z,Senior Compliance Manager,Okx,"Dubai, UAE",remote,Full-time,Senior,,,,,USD,Legal / Compliance,Compliance,,Compliance,Direct opportunity at Okx. Apply directly via official candidate link.,https://job-boards.greenhouse.io/okx/jobs/7499078003,active,scraped
job_scraped_fbbcfb6578,2026-09-04T15:14:07.841048Z,2026-09-06T21:22:10.962053Z,"Administration Expert, Global Strategic & Digitalization COE",Okx,Hong Kong,remote,Full-time,Mid-Level,,,,,USD,Engineering / Development,Engineering,,Engineering,Direct opportunity at Okx. Apply directly via official candidate link.,https://job-boards.greenhouse.io/okx/jobs/5949501003,active,scraped
job_scraped_e0f78b49ec,2026-09-04T15:14:07.841048Z,2026-09-06T21:22:10.962053Z,Executive Assistant,Okx,"Singapore, Singapore",remote,Full-time,Mid-Level,,,,,USD,Executive / Leadership,Executive,,Executive,Direct opportunity at Okx. Apply directly via official candidate link.,https://job-boards.greenhouse.io/okx/jobs/7697795003,active,scraped
job_scraped_ef0a8530a6,2026-09-04T15:14:07.841048Z,2026-09-06T21:22:10.962053Z,Senior Business Intelligence Project Manager,Okx,Hong Kong,remote,Full-time,Senior,,,,,USD,Engineering / Development,Engineering,,Engineering,Direct opportunity at Okx. Apply directly via official candidate link.,https://job-boards.greenhouse.io/okx/jobs/7762034003,active,scraped
job_scraped_41b6bb5bac,2026-09-04T15:14:07.841048Z,2026-09-06T21:22:10.962053Z,Senior Strategy PMO / Project Manager (AI & Org Efficiency),Okx,Hong Kong,remote,Full-time,Senior,,,,,USD,AI / Machine Learning,AI,,AI,Direct opportunity at Okx. Apply directly via official candidate link.,https://job-boards.greenhouse.io/okx/jobs/7650513003,active,scraped
job_scraped_8e61f298b1,2026-09-04T15:14:07.841048Z,2026-09-06T21:22:10.962053Z,"Senior Strategy Project Manager, VIP/Institutions",Okx,Hong Kong,remote,Full-time,Senior,,,,,USD,Engineering / Development,Engineering,,Engineering,Direct opportunity at Okx. Apply directly via official candidate link.,https://job-boards.greenhouse.io/okx/jobs/7739163003,active,scraped
job_scraped_2651fdf89c,2026-09-04T15:14:07.841048Z,2026-09-06T21:22:10.962053Z,"Vice President, AI Strategy & Transformation",Okx,Hong Kong,remote,Full-time,Mid-Level,,,,,USD,AI / Machine Learning,AI,,AI,Direct opportunity at Okx. Apply directly via official candidate link.,https://job-boards.greenhouse.io/okx/jobs/7684888003,active,scraped
job_scraped_f58e651161,2026-09-04T15:14:07.841048Z,2026-09-06T21:22:10.962053Z,Brand Supervisor (Global Markets)New,Okx,Hong Kong,remote,Full-time,Mid-Level,,,,,USD,Engineering / Development,Engineering,,Engineering,Direct opportunity at Okx. Apply directly via official candidate link.,https://job-boards.greenhouse.io/okx/jobs/7788203003,active,scraped
job_scraped_9bff318b4a,2026-09-04T15:14:07.841048Z,2026-09-06T21:22:10.962053Z,"Director, Group Treasury Services",Okx,"Kuala Lumpur, Malaysia",remote,Full-time,Mid-Level,,,,,USD,Finance / Accounting,Finance,,Finance,Direct opportunity at Okx. Apply directly via official candidate link.,https://job-boards.greenhouse.io/okx/jobs/7734441003,active,scraped
job_scraped_eb247b63d5,2026-09-04T15:14:07.841048Z,2026-09-06T21:22:10.962053Z,Finance Director - Group Consolidation,Okx,"Hong Kong; Singapore, Singapore",remote,Full-time,Mid-Level,,,,,USD,Finance / Accounting,Finance,,Finance,Direct opportunity at Okx. Apply directly via official candidate link.,https://job-boards.greenhouse.io/okx/jobs/7774787003,active,scraped
job_scraped_0085514f5d,2026-09-04T15:14:07.841048Z,2026-09-06T21:22:10.962053Z,"Senior Agent, Customer Service (French Speaker)New",Okx,"Budapest, Budapest, Hungary",remote,Full-time,Senior,,,,,USD,Engineering / Development,Engineering,,Engineering,Direct opportunity at Okx. Apply directly via official candidate link.,https://job-boards.greenhouse.io/okx/jobs/7786609003,active,scraped
job_scraped_e89ed2cb7d,2026-09-04T15:14:07.841048Z,2026-09-06T21:22:10.962053Z,"Senior Agent, Customer Service (Spanish Speaker)New",Okx,"Budapest, Budapest, Hungary",remote,Full-time,Senior,,,,,USD,Engineering / Development,Engineering,,Engineering,Direct opportunity at Okx. Apply directly via official candidate link.,https://job-boards.greenhouse.io/okx/jobs/7786596003,active,scraped
job_scraped_2b33be1862,2026-09-04T15:14:07.841048Z,2026-09-06T21:22:10.962053Z,"Specialist, Customer Service (English)",Okx,"Kuala Lumpur, Malaysia",remote,Full-time,Mid-Level,,,,,USD,Engineering / Development,Engineering,,Engineering,Direct opportunity at Okx. Apply directly via official candidate link.,https://job-boards.greenhouse.io/okx/jobs/7741041003,active,scraped
job_scraped_3de1cbd9c3,2026-09-04T15:14:07.841048Z,2026-09-06T21:22:10.962053Z,Institutional Sales Manager,Okx,EMEA,remote,Full-time,Mid-Level,,,,,USD,Sales / Business Development,Sales,,Sales,Direct opportunity at Okx. Apply directly via official candidate link.,https://job-boards.greenhouse.io/okx/jobs/7766839003,active,scraped
job_scraped_4c88092e13,2026-09-04T15:14:07.841048Z,2026-09-06T21:22:10.962053Z,VIP Relationship Manager (Taiwan),Okx,Taiwan (Remote),remote,Full-time,Mid-Level,,,,,USD,Engineering / Development,Engineering,,Engineering,Direct opportunity at Okx. Apply directly via official candidate link.,https://job-boards.greenhouse.io/okx/jobs/7742546003,active,scraped
job_scraped_1f13880358,2026-09-04T15:14:07.841048Z,2026-09-06T21:22:10.962053Z,"Listing Manager, Structured Digital Assets",Okx,"Singapore, Singapore",remote,Full-time,Mid-Level,,,,,USD,Engineering / Development,Engineering,,Engineering,Direct opportunity at Okx. Apply directly via official candidate link.,https://job-boards.greenhouse.io/okx/jobs/7710486003,active,scraped
job_scraped_1f62aa1ed0,2026-09-04T15:14:07.841048Z,2026-09-06T21:22:10.962053Z,"Manager, Strategic Partnerships (Token Listing)",Okx,Hong Kong,remote,Full-time,Mid-Level,,,,,USD,Sales / Business Development,Sales,,Sales,Direct opportunity at Okx. Apply directly via official candidate link.,https://job-boards.greenhouse.io/okx/jobs/7710480003,active,scraped
job_scraped_6902f12593,2026-09-04T15:14:07.841048Z,2026-09-06T21:22:10.962053Z,Institutional Relationship Manager (VIP),Okx,Remote Roles - APAC,remote,Full-time,Mid-Level,,,,,USD,Engineering / Development,Engineering,,Engineering,Direct opportunity at Okx. Apply directly via official candidate link.,https://job-boards.greenhouse.io/okx/jobs/7737042003,active,scraped
job_scraped_1f57f34ba1,2026-09-04T15:14:07.841048Z,2026-09-06T21:22:10.962053Z,"Managing Director, Global Banking Partnerships",Okx,"Singapore, Singapore",remote,Full-time,Mid-Level,,,,,USD,Sales / Business Development,Sales,,Sales,Direct opportunity at Okx. Apply directly via official candidate link.,https://job-boards.greenhouse.io/okx/jobs/7762217003,active,scraped
job_scraped_dc63abcfa6,2026-09-04T15:14:07.841048Z,2026-09-06T21:22:10.962053Z,"Director, Lifecycle Marketing",Okx,"New York, US; San Jose, California, US",remote,Full-time,Mid-Level,,,,,USD,Marketing / PR,Marketing,,Marketing,Direct opportunity at Okx. Apply directly via official candidate link.,https://job-boards.greenhouse.io/okx/jobs/7753700003,active,scraped
job_scraped_e942b59498,2026-09-04T15:14:07.841048Z,2026-09-06T21:22:10.962053Z,"Head of Communications and PR, APAC",Okx,"Australia; Sydney, New South Wales, Australia",remote,Full-time,Lead,,,,,USD,Marketing / PR,Marketing,,Marketing,Direct opportunity at Okx. Apply directly via official candidate link.,https://job-boards.greenhouse.io/okx/jobs/7741411003,active,scraped
job_scraped_6ba311b6ea,2026-09-04T15:14:07.841048Z,2026-09-06T21:22:10.962053Z,Principal Brand DesignerNew,Okx,US (US),remote,Full-time,Lead,,,,,USD,Design / UI / UX,Design,,Design,Direct opportunity at Okx. Apply directly via official candidate link.,https://job-boards.greenhouse.io/okx/jobs/7789324003,active,scraped
job_scraped_419ddaab91,2026-09-04T15:14:07.841048Z,2026-09-06T21:22:10.962053Z,Affiliate BD Manager (Taiwan),Okx,Taiwan (Remote),remote,Full-time,Mid-Level,,,,,USD,Sales / Business Development,Sales,,Sales,Direct opportunity at Okx. Apply directly via official candidate link.,https://job-boards.greenhouse.io/okx/jobs/7621585003,active,scraped
job_scraped_b59a7b2d17,2026-09-04T15:14:07.841048Z,2026-09-06T21:22:10.962053Z,"Affiliate Business Development Manager, CIS",Okx,Ukraine (Remote),remote,Full-time,Mid-Level,,,,,USD,Sales / Business Development,Sales,,Sales,Direct opportunity at Okx. Apply directly via official candidate link.,https://job-boards.greenhouse.io/okx/jobs/7764485003,active,scraped
job_scraped_70b46f4e24,2026-09-04T15:14:07.841048Z,2026-09-06T21:22:10.962053Z,Affiliate Business Development Manager - MENA,Okx,"Dubai, UAE; Remote Roles - EMEA",remote,Full-time,Mid-Level,,,,,USD,Sales / Business Development,Sales,,Sales,Direct opportunity at Okx. Apply directly via official candidate link.,https://job-boards.greenhouse.io/okx/jobs/7736833003,active,scraped
job_scraped_bf5b9a9844,2026-09-04T15:14:07.841048Z,2026-09-06T21:22:10.962053Z,"Affiliate Business Development Manager, Northeast Asia",Okx,Northeast Asia (Remote),remote,Full-time,Mid-Level,,,,,USD,Sales / Business Development,Sales,,Sales,Direct opportunity at Okx. Apply directly via official candidate link.,https://job-boards.greenhouse.io/okx/jobs/7778808003,active,scraped
job_scraped_13a1c02c94,2026-09-04T15:14:07.841048Z,2026-09-06T21:22:10.962053Z,Business Assistant 业务助理,Okx,"Singapore, Singapore",remote,Full-time,Mid-Level,,,,,USD,Engineering / Development,Engineering,,Engineering,Direct opportunity at Okx. Apply directly via official candidate link.,https://job-boards.greenhouse.io/okx/jobs/7648699003,active,scraped
job_scraped_c0cf66f883,2026-09-04T15:14:07.841048Z,2026-09-06T21:22:10.962053Z,Business Development ManagerNew,Okx,"Istanbul, Türkiye",remote,Full-time,Mid-Level,,,,,USD,Sales / Business Development,Sales,,Sales,Direct opportunity at Okx. Apply directly via official candidate link.,https://job-boards.greenhouse.io/okx/jobs/7785523003,active,scraped
job_scraped_d8e3616b3f,2026-09-04T15:14:07.841048Z,2026-09-06T21:22:10.962053Z,"Business Development Manager, Affiliate (Southeast Asia)",Okx,Southeast Asia (Remote),remote,Full-time,Mid-Level,,,,,USD,Sales / Business Development,Sales,,Sales,Direct opportunity at Okx. Apply directly via official candidate link.,https://job-boards.greenhouse.io/okx/jobs/7711707003,active,scraped
job_scraped_38da59f6a6,2026-09-04T15:14:07.841048Z,2026-09-06T21:22:10.962053Z,Growth & AI Initiatives Manager,Okx,"Singapore, Singapore",remote,Full-time,Mid-Level,,,,,USD,AI / Machine Learning,AI,,AI,Direct opportunity at Okx. Apply directly via official candidate link.,https://job-boards.greenhouse.io/okx/jobs/7668551003,active,scraped
job_scraped_66c96fe701,2026-09-04T15:14:07.841048Z,2026-09-06T21:22:10.962053Z,Growth Manager - Africa,Okx,EMEA,remote,Full-time,Mid-Level,,,,,USD,Engineering / Development,Engineering,,Engineering,Direct opportunity at Okx. Apply directly via official candidate link.,https://job-boards.greenhouse.io/okx/jobs/7683315003,active,scraped
job_scraped_afc512279c,2026-09-04T15:14:07.841048Z,2026-09-06T21:22:10.962053Z,"Head of Wholesale, NEA (VIP)",Okx,Hong Kong,remote,Full-time,Lead,,,,,USD,Engineering / Development,Engineering,,Engineering,Direct opportunity at Okx. Apply directly via official candidate link.,https://job-boards.greenhouse.io/okx/jobs/7559099003,active,scraped
job_scraped_63f8a7a5d3,2026-09-04T15:14:07.841048Z,2026-09-06T21:22:10.962053Z,Relationship Manager,Okx,Remote Roles - APAC,remote,Full-time,Mid-Level,,,,,USD,Engineering / Development,Engineering,,Engineering,Direct opportunity at Okx. Apply directly via official candidate link.,https://job-boards.greenhouse.io/okx/jobs/7757518003,active,scraped
job_scraped_7491fe5742,2026-09-04T15:14:07.841048Z,2026-09-06T21:22:10.962053Z,"Senior Affiliate Business Development Manager, Western Europe",Okx,Netherlands (Remote),remote,Full-time,Senior,,,,,USD,Sales / Business Development,Sales,,Sales,Direct opportunity at Okx. Apply directly via official candidate link.,https://job-boards.greenhouse.io/okx/jobs/7632854003,active,scraped
job_scraped_0289be6f62,2026-09-04T15:14:07.841048Z,2026-09-06T21:22:10.962053Z,Senior AI Creative Designer,Okx,Remote Roles - APAC,remote,Full-time,Senior,,,,,USD,Design / UI / UX,Design,,Design,Direct opportunity at Okx. Apply directly via official candidate link.,https://job-boards.greenhouse.io/okx/jobs/7774756003,active,scraped
job_scraped_ece7b0912a,2026-09-04T15:14:07.841048Z,2026-09-06T21:22:10.962053Z,"Senior VIP Relationship Manager, CIS",Okx,"Dubai, UAE",remote,Full-time,Senior,,,,,USD,Engineering / Development,Engineering,,Engineering,Direct opportunity at Okx. Apply directly via official candidate link.,https://job-boards.greenhouse.io/okx/jobs/7646986003,active,scraped
job_scraped_6db2e93cce,2026-09-04T15:14:07.841048Z,2026-09-06T21:22:10.962053Z,"Senior VIP Relationship Manager, NEA",Okx,Northeast Asia (Remote),remote,Full-time,Senior,,,,,USD,Engineering / Development,Engineering,,Engineering,Direct opportunity at Okx. Apply directly via official candidate link.,https://job-boards.greenhouse.io/okx/jobs/7778806003,active,scraped
job_scraped_dcf39677d5,2026-09-04T15:14:07.841048Z,2026-09-06T21:22:10.962053Z,"VIP Relationship Manager, CIS (Russian Speaking)",Okx,"Dubai, UAE",remote,Full-time,Mid-Level,,,,,USD,Engineering / Development,Engineering,,Engineering,Direct opportunity at Okx. Apply directly via official candidate link.,https://job-boards.greenhouse.io/okx/jobs/7747953003,active,scraped
job_scraped_06aae753c5,2026-09-04T15:14:07.841048Z,2026-09-06T21:22:10.962053Z,"VIP Relationship Manager, Northeast Asia",Okx,Northeast Asia (Remote),remote,Full-time,Mid-Level,,,,,USD,Engineering / Development,Engineering,,Engineering,Direct opportunity at Okx. Apply directly via official candidate link.,https://job-boards.greenhouse.io/okx/jobs/7778818003,active,scraped
job_scraped_ef3062fc2e,2026-09-04T15:14:07.841048Z,2026-09-06T21:22:10.962053Z,Overseas Operations Manager (P2P),Okx,Remote Roles - CIS,remote,Full-time,Mid-Level,,,,,USD,Operations / Strategy,Operations,,Operations,Direct opportunity at Okx. Apply directly via official candidate link.,https://job-boards.greenhouse.io/okx/jobs/7701559003,active,scraped
job_scraped_1cc1e27508,2026-09-04T15:14:07.841048Z,2026-09-06T21:22:10.962053Z,"Senior Manager / Director, Growth Operation",Okx,Hong Kong,remote,Full-time,Senior,,,,,USD,Executive / Leadership,Executive,,Executive,Direct opportunity at Okx. Apply directly via official candidate link.,https://job-boards.greenhouse.io/okx/jobs/7728124003,active,scraped
job_scraped_067240aab7,2026-09-04T15:14:07.841048Z,2026-09-06T21:22:10.962053Z,"Senior Account Manager, Partner Success",Bitpanda,"Berlin, Berlin, Germany; Vienna, Vienna, Austria",remote,Full-time,Senior,,,,,USD,Engineering / Development,Engineering,,Engineering,Direct opportunity at Bitpanda. Apply directly via official candidate link.,https://job-boards.eu.greenhouse.io/bitpanda/jobs/4871663101,active,scraped
job_scraped_1ae87a992d,2026-09-04T15:14:07.841048Z,2026-09-06T21:22:10.962053Z,"Senior Specialist, Internal AuditNew",Bitpanda,"Berlin, Berlin, Germany; Vienna, Vienna, Austria",remote,Full-time,Senior,,,,,USD,Smart Contracts / Auditing,Smart Contracts,,Smart Contracts,Direct opportunity at Bitpanda. Apply directly via official candidate link.,https://job-boards.eu.greenhouse.io/bitpanda/jobs/4911699101,active,scraped
job_scraped_3a05c8b621,2026-09-04T15:14:07.841048Z,2026-09-06T21:22:10.962053Z,Phone Support Agent - DACH,Bitpanda,"Vienna, Vienna, Austria",remote,Full-time,Mid-Level,,,,,USD,Engineering / Development,Engineering,,Engineering,Direct opportunity at Bitpanda. Apply directly via official candidate link.,https://job-boards.eu.greenhouse.io/bitpanda/jobs/4721614101,active,scraped
job_scraped_218260e234,2026-09-04T15:14:07.841048Z,2026-09-06T21:22:10.962053Z,"Specialist, Trading Operations - Night Shift",Bitpanda,"Barcelona, Spain; Vienna, Vienna, Austria",remote,Full-time,Mid-Level,,,,,USD,Finance / Accounting,Trading,,Trading,Direct opportunity at Bitpanda. Apply directly via official candidate link.,https://job-boards.eu.greenhouse.io/bitpanda/jobs/4691242101,active,scraped
job_scraped_14cafe6887,2026-09-04T15:14:07.841048Z,2026-09-06T21:22:10.962053Z,Open Application,Bitpanda,"Barcelona, Spain; Berlin, Berlin, Germany; București, Bucharest, Romania; Vienna, Vienna, Austria",remote,Full-time,Mid-Level,,,,,USD,Engineering / Development,Engineering,,Engineering,Direct opportunity at Bitpanda. Apply directly via official candidate link.,https://job-boards.eu.greenhouse.io/bitpanda/jobs/4872578101,active,scraped
job_scraped_b28bc20782,2026-09-04T15:14:07.841048Z,2026-09-06T21:22:10.962053Z,"Senior Cyber Security Engineer, Elastic (Security Operations)",Bitpanda,"Vienna, Vienna, Austria",remote,Full-time,Senior,,,,,USD,Engineering / Development,Engineering,,Engineering,Direct opportunity at Bitpanda. Apply directly via official candidate link.,https://job-boards.eu.greenhouse.io/bitpanda/jobs/4699355101,active,scraped
job_scraped_eeae543aa2,2026-09-04T15:14:07.841048Z,2026-09-06T21:22:10.962053Z,"Software Engineer, Rust & Python (Asset Pricing & Hedging)",Bitpanda,"Vienna, Vienna, Austria",remote,Full-time,Mid-Level,,,,,USD,Smart Contracts / Auditing,Rust|Python,,Rust|Python,Direct opportunity at Bitpanda. Apply directly via official candidate link.,https://job-boards.eu.greenhouse.io/bitpanda/jobs/4880524101,active,scraped
job_scraped_6aa1cda5ee,2026-09-04T15:14:07.841048Z,2026-09-06T21:22:10.962053Z,Solution Architect (Remote - Work from Anywhere),Xapo,Gibraltar - Remote,remote,Full-time,Mid-Level,,,,,USD,Engineering / Development,Engineering,,Engineering,Direct opportunity at Xapo. Apply directly via official candidate link.,https://job-boards.greenhouse.io/xapo61/jobs/7734506003,active,scraped
job_scraped_6a583306ef,2026-09-04T15:14:07.841048Z,2026-09-06T21:22:10.962053Z,Head of Engineering (Remote - Work from Anywhere)New,Xapo,Gibraltar - Remote,remote,Full-time,Lead,,,,,USD,Engineering / Development,Engineering,,Engineering,Direct opportunity at Xapo. Apply directly via official candidate link.,https://job-boards.greenhouse.io/xapo61/jobs/7778750003,active,scraped
job_scraped_f20a98a99a,2026-09-04T15:14:07.841048Z,2026-09-06T21:22:10.962053Z,Head of Quality Engineering (Remote - Work from Anywhere)New,Xapo,Gibraltar - Remote,remote,Full-time,Lead,,,,,USD,Engineering / Development,Engineering,,Engineering,Direct opportunity at Xapo. Apply directly via official candidate link.,https://job-boards.greenhouse.io/xapo61/jobs/7774837003,active,scraped
job_scraped_98e5bb87f1,2026-09-04T15:14:07.841048Z,2026-09-06T21:22:10.962053Z,Software Engineer (Remote - Work from Anywhere),Xapo,Gibraltar - Remote,remote,Full-time,Mid-Level,,,,,USD,Engineering / Development,Engineering,,Engineering,Direct opportunity at Xapo. Apply directly via official candidate link.,https://job-boards.greenhouse.io/xapo61/jobs/7572065003,active,scraped
job_scraped_85d9c8e23e,2026-09-04T15:14:07.841048Z,2026-09-06T21:22:10.962053Z,General Interest - Future Consideration,Xapo,Remote - Anywhere,remote,Full-time,Mid-Level,,,,,USD,Engineering / Development,Engineering,,Engineering,Direct opportunity at Xapo. Apply directly via official candidate link.,https://job-boards.greenhouse.io/xapo61/jobs/4292186003,active,scraped
job_scraped_cbd2a4e12b,2026-09-04T15:14:07.841048Z,2026-09-06T21:22:10.962053Z,General Application,Exodus54,Remote - Global,remote,Full-time,Mid-Level,,,,,USD,Engineering / Development,Engineering,,Engineering,Direct opportunity at Exodus54. Apply directly via official candidate link.,https://job-boards.greenhouse.io/exodus54/jobs/4683647006,active,scraped
job_scraped_83a6eae5b5,2026-09-04T15:14:07.841048Z,2026-09-06T21:22:10.962053Z,Forward Deployed Engineer,Taxbit,"Madrid, Spain",remote,Full-time,Mid-Level,,,,,USD,Engineering / Development,Engineering,,Engineering,Direct opportunity at Taxbit. Apply directly via official candidate link.,https://job-boards.greenhouse.io/taxbit/jobs/6008505004,active,scraped
job_scraped_f3f1f3ec0f,2026-09-04T15:14:07.841048Z,2026-09-06T21:22:10.962053Z,SME Tax Manager,Taxbit,"New York, New York",remote,Full-time,Mid-Level,,,,,USD,Engineering / Development,Engineering,,Engineering,Direct opportunity at Taxbit. Apply directly via official candidate link.,https://job-boards.greenhouse.io/taxbit/jobs/6002695004,active,scraped
job_scraped_799f485ebb,2026-09-04T15:14:07.841048Z,2026-09-06T21:22:10.962053Z,"Information Security Engineer, Product",Aptoslabs,"Remote Global (US, EU)",remote,Full-time,Mid-Level,,,,,USD,Engineering / Development,Product Management,,Product Management,Direct opportunity at Aptoslabs. Apply directly via official candidate link.,https://job-boards.greenhouse.io/aptoslabs/jobs/4650606005,active,scraped
job_scraped_e67f55058a,2026-09-04T15:14:07.841048Z,2026-09-06T21:22:10.962053Z,"Senior Software Engineer, Platform Infrastructure",Aptoslabs,"Palo Alto, California",remote,Full-time,Senior,,,,,USD,Engineering / Development,Engineering,,Engineering,Direct opportunity at Aptoslabs. Apply directly via official candidate link.,https://job-boards.greenhouse.io/aptoslabs/jobs/4706563005,active,scraped
job_scraped_c31acae434,2026-09-04T15:14:07.841048Z,2026-09-06T21:22:10.962053Z,Community Manager (Korea),Aptoslabs,Korea,remote,Full-time,Mid-Level,,,,,USD,Community / Developer Relations,Community,,Community,Direct opportunity at Aptoslabs. Apply directly via official candidate link.,https://job-boards.greenhouse.io/aptoslabs/jobs/4686651005,active,scraped
job_scraped_d417303109,2026-09-04T15:14:07.841048Z,2026-09-06T21:22:10.962053Z,Head of Enterprise GTM – Shelby Platform,Aptoslabs,US/Global (Remote),remote,Full-time,Lead,,,,,USD,Engineering / Development,Engineering,,Engineering,Direct opportunity at Aptoslabs. Apply directly via official candidate link.,https://job-boards.greenhouse.io/aptoslabs/jobs/4645494005,active,scraped
job_scraped_dfd9fc1838,2026-09-04T15:14:07.841048Z,2026-09-06T21:22:10.962053Z,Marketing Lead,Immunefi,Remote,remote,Full-time,Lead,,,,,USD,Marketing / PR,Marketing,,Marketing,Direct opportunity at Immunefi. Apply directly via official candidate link.,https://job-boards.greenhouse.io/immunefi/jobs/5833616004,active,scraped
job_scraped_f7a7753f0d,2026-09-04T15:14:07.841048Z,2026-09-06T21:22:10.962053Z,Site Reliability Engineer,Strike.me,Remote,remote,Full-time,Mid-Level,,,,,USD,Engineering / Development,Engineering,,Engineering,Direct opportunity at Strike.me. Apply directly via official candidate link.,https://job-boards.greenhouse.io/strike/jobs/4015660004,active,scraped
job_scraped_92dbec6472,2026-09-04T15:14:07.841048Z,2026-09-06T21:22:10.962053Z,"Software Engineer, Backend",Strike.me,Remote,remote,Full-time,Mid-Level,,,,,USD,Engineering / Development,Engineering,,Engineering,Direct opportunity at Strike.me. Apply directly via official candidate link.,https://job-boards.greenhouse.io/strike/jobs/4003945004,active,scraped
job_scraped_656a4b7918,2026-09-04T15:14:07.841048Z,2026-09-06T21:22:10.962053Z,"Staff Platform Engineer, AI Systems",Strike.me,Remote,remote,Full-time,Lead,,,,,USD,Engineering / Development,Engineering,,Engineering,Direct opportunity at Strike.me. Apply directly via official candidate link.,https://job-boards.greenhouse.io/strike/jobs/5779695004,active,scraped
job_scraped_3286fd9239,2026-09-04T15:14:07.841048Z,2026-09-06T21:22:10.962053Z,Open Application,Strike.me,Remote,remote,Full-time,Mid-Level,,,,,USD,Engineering / Development,Engineering,,Engineering,Direct opportunity at Strike.me. Apply directly via official candidate link.,https://job-boards.greenhouse.io/strike/jobs/4791315004,active,scraped
job_scraped_1c35dc8fcc,2026-09-04T15:14:07.841048Z,2026-09-06T21:22:10.962053Z,Backend Engineer,Layerzerolabs,"Vancouver, BC",remote,Full-time,Mid-Level,,,,,USD,Engineering / Development,Engineering,,Engineering,Direct opportunity at Layerzerolabs. Apply directly via official candidate link.,https://job-boards.greenhouse.io/layerzerolabs/jobs/5554606004,active,scraped
job_scraped_067c62cc9c,2026-09-04T15:14:07.841048Z,2026-09-06T21:22:10.962053Z,Engineering Operations Lead,Layerzerolabs,"Vancouver, BC",remote,Full-time,Lead,,,,,USD,Engineering / Development,Engineering,,Engineering,Direct opportunity at Layerzerolabs. Apply directly via official candidate link.,https://job-boards.greenhouse.io/layerzerolabs/jobs/6092023004,active,scraped
job_scraped_13dd24e236,2026-09-04T15:14:07.841048Z,2026-09-06T21:22:10.962053Z,Protocol Engineer,Layerzerolabs,"Vancouver, BC",remote,Full-time,Mid-Level,,,,,USD,Engineering / Development,Engineering,,Engineering,Direct opportunity at Layerzerolabs. Apply directly via official candidate link.,https://job-boards.greenhouse.io/layerzerolabs/jobs/5554608004,active,scraped
job_scraped_127ec84f99,2026-09-04T15:14:07.841048Z,2026-09-06T21:22:10.962053Z,Site Reliability Engineer,Layerzerolabs,"Vancouver, BC",remote,Full-time,Mid-Level,,,,,USD,Engineering / Development,Engineering,,Engineering,Direct opportunity at Layerzerolabs. Apply directly via official candidate link.,https://job-boards.greenhouse.io/layerzerolabs/jobs/6082930004,active,scraped
job_scraped_b790313a63,2026-09-04T15:14:07.841048Z,2026-09-06T21:22:10.962053Z,Systems Engineer,Layerzerolabs,"Vancouver, BC",remote,Full-time,Mid-Level,,,,,USD,Engineering / Development,Engineering,,Engineering,Direct opportunity at Layerzerolabs. Apply directly via official candidate link.,https://job-boards.greenhouse.io/layerzerolabs/jobs/5826155004,active,scraped
job_scraped_8cc7d45e48,2026-09-04T15:14:07.841048Z,2026-09-06T21:22:10.962053Z,Assistant Controller,Layerzerolabs,"Vancouver, BC or New York City",remote,Full-time,Mid-Level,,,,,USD,Engineering / Development,Engineering,,Engineering,Direct opportunity at Layerzerolabs. Apply directly via official candidate link.,https://job-boards.greenhouse.io/layerzerolabs/jobs/5970048004,active,scraped
job_scraped_1cb765ece4,2026-09-04T15:14:07.841048Z,2026-09-06T21:22:10.962053Z,Controller,Layerzerolabs,"Vancouver, BC or New York City",remote,Full-time,Mid-Level,,,,,USD,Engineering / Development,Engineering,,Engineering,Direct opportunity at Layerzerolabs. Apply directly via official candidate link.,https://job-boards.greenhouse.io/layerzerolabs/jobs/5969934004,active,scraped
job_scraped_6a63549890,2026-09-04T15:14:07.841048Z,2026-09-06T21:22:10.962053Z,Data Center Senior QA/QC-Construction Project Manager,Galaxydigital,"Afton, Texas",remote,Full-time,Senior,,,,,USD,Engineering / Development,Engineering,,Engineering,Direct opportunity at Galaxydigital. Apply directly via official candidate link.,https://job-boards.greenhouse.io/galaxydigitalservices/jobs/5837236004,active,scraped
job_scraped_71e93aa158,2026-09-04T15:14:07.841048Z,2026-09-06T21:22:10.962053Z,Technical Project Manager (Data Centers),Galaxydigital,"Dallas, Texas",remote,Full-time,Mid-Level,,,,,USD,Engineering / Development,Engineering,,Engineering,Direct opportunity at Galaxydigital. Apply directly via official candidate link.,https://job-boards.greenhouse.io/galaxydigitalservices/jobs/6018827004,active,scraped
job_scraped_1a4a1e2296,2026-09-04T15:14:07.841048Z,2026-09-06T21:22:10.962053Z,Business Partner - Execution & Delivery,Galaxydigital,New York,remote,Full-time,Mid-Level,,,,,USD,Engineering / Development,Engineering,,Engineering,Direct opportunity at Galaxydigital. Apply directly via official candidate link.,https://job-boards.greenhouse.io/galaxydigitalservices/jobs/6019131004,active,scraped
job_scraped_fb6f92960f,2026-09-04T15:14:07.841048Z,2026-09-06T21:22:10.962053Z,Forward Deployed Lead,Galaxydigital,"New York, NY",remote,Full-time,Lead,,,,,USD,Engineering / Development,Engineering,,Engineering,Direct opportunity at Galaxydigital. Apply directly via official candidate link.,https://job-boards.greenhouse.io/galaxydigitalservices/jobs/6019072004,active,scraped
job_scraped_fa487ac42b,2026-09-04T15:14:07.841048Z,2026-09-06T21:22:10.962053Z,Senior Backend Developer,Galaxydigital,Remote,remote,Full-time,Senior,,,,,USD,Engineering / Development,Engineering,,Engineering,Direct opportunity at Galaxydigital. Apply directly via official candidate link.,https://job-boards.greenhouse.io/galaxydigitalservices/jobs/6017789004,active,scraped
job_scraped_e5eff604e1,2026-09-04T15:14:07.841048Z,2026-09-06T21:22:10.962053Z,Technical Program Manager,Galaxydigital,London,remote,Full-time,Mid-Level,,,,,USD,Engineering / Development,Engineering,,Engineering,Direct opportunity at Galaxydigital. Apply directly via official candidate link.,https://job-boards.greenhouse.io/galaxydigitalservices/jobs/6016480004,active,scraped
job_scraped_8494bb8abe,2026-09-04T15:14:07.841048Z,2026-09-06T21:22:10.962053Z,Data Engineer,Galaxydigital,Hong Kong,remote,Full-time,Mid-Level,,,,,USD,Engineering / Development,Engineering,,Engineering,Direct opportunity at Galaxydigital. Apply directly via official candidate link.,https://job-boards.greenhouse.io/galaxydigitalservices/jobs/5991231004,active,scraped
job_scraped_b035f714ec,2026-09-04T15:14:07.841048Z,2026-09-06T21:22:10.962053Z,Lending Java Developer - Hong Kong,Galaxydigital,Hong Kong,remote,Full-time,Mid-Level,,,,,USD,Engineering / Development,Engineering,,Engineering,Direct opportunity at Galaxydigital. Apply directly via official candidate link.,https://job-boards.greenhouse.io/galaxydigitalservices/jobs/5782062004,active,scraped
job_scraped_236ac7cc16,2026-09-04T15:14:07.841048Z,2026-09-06T21:22:10.962053Z,"Vice President, Algo Trading / SOR – Developer",Galaxydigital,Hong Kong,remote,Full-time,Mid-Level,,,,,USD,Engineering / Development,Go|Trading,,Go|Trading,Direct opportunity at Galaxydigital. Apply directly via official candidate link.,https://job-boards.greenhouse.io/galaxydigitalservices/jobs/5832903004,active,scraped
job_scraped_660f6dbb77,2026-09-04T15:14:07.841048Z,2026-09-06T21:22:10.962053Z,"Vice President, Software Engineer - Finance Engineering",Galaxydigital,London,remote,Full-time,Mid-Level,,,,,USD,Engineering / Development,Engineering,,Engineering,Direct opportunity at Galaxydigital. Apply directly via official candidate link.,https://job-boards.greenhouse.io/galaxydigitalservices/jobs/5484662004,active,scraped
job_scraped_0bf8e5c331,2026-09-04T15:14:07.841048Z,2026-09-06T21:22:10.962053Z,"Vice President, Trading Systems Developer",Galaxydigital,Hong Kong,remote,Full-time,Mid-Level,,,,,USD,Engineering / Development,Trading,,Trading,Direct opportunity at Galaxydigital. Apply directly via official candidate link.,https://job-boards.greenhouse.io/galaxydigitalservices/jobs/5829998004,active,scraped
job_scraped_505d456c94,2026-09-04T15:14:07.841048Z,2026-09-06T21:22:10.962053Z,"VP, Algo/SOR Developer",Galaxydigital,London,remote,Full-time,Mid-Level,,,,,USD,Engineering / Development,Engineering,,Engineering,Direct opportunity at Galaxydigital. Apply directly via official candidate link.,https://job-boards.greenhouse.io/galaxydigitalservices/jobs/5793291004,active,scraped
job_scraped_be34b222cc,2026-09-04T15:14:07.841048Z,2026-09-06T21:22:10.962053Z,"VP, Java Electronic Trading Engineer",Galaxydigital,London,remote,Full-time,Mid-Level,,,,,USD,Engineering / Development,Trading,,Trading,Direct opportunity at Galaxydigital. Apply directly via official candidate link.,https://job-boards.greenhouse.io/galaxydigitalservices/jobs/5807026004,active,scraped
job_scraped_a6f98956b5,2026-09-04T15:14:07.841048Z,2026-09-06T21:22:10.962053Z,"VP, Quantitative Developer",Galaxydigital,London,remote,Full-time,Mid-Level,,,,,USD,Engineering / Development,Quantitative Analysis,,Quantitative Analysis,Direct opportunity at Galaxydigital. Apply directly via official candidate link.,https://job-boards.greenhouse.io/galaxydigitalservices/jobs/5832113004,active,scraped
job_scraped_0065fa3dd6,2026-09-04T15:14:07.841048Z,2026-09-06T21:22:10.962053Z,"VP, Trading Systems Developer",Galaxydigital,London,remote,Full-time,Mid-Level,,,,,USD,Engineering / Development,Trading,,Trading,Direct opportunity at Galaxydigital. Apply directly via official candidate link.,https://job-boards.greenhouse.io/galaxydigitalservices/jobs/5976669004,active,scraped
job_scraped_c496762538,2026-09-04T15:14:07.841048Z,2026-09-06T21:22:10.962053Z,"Vice President, Senior Backend Developer - Lending/Commercial (Mumbai)",Galaxydigital,India,remote,Full-time,Senior,,,,,USD,Engineering / Development,Engineering,,Engineering,Direct opportunity at Galaxydigital. Apply directly via official candidate link.,https://job-boards.greenhouse.io/galaxydigitalservices/jobs/5703841004,active,scraped
job_scraped_f3933e4c93,2026-09-04T15:14:07.841048Z,2026-09-06T21:22:10.962053Z,AI & IT Operations Engineer,Galaxydigital,"New York, NY",remote,Full-time,Mid-Level,,,,,USD,Engineering / Development,Engineering,,Engineering,Direct opportunity at Galaxydigital. Apply directly via official candidate link.,https://job-boards.greenhouse.io/galaxydigitalservices/jobs/5984758004,active,scraped
job_scraped_2c6787b0a0,2026-09-04T15:14:07.841048Z,2026-09-06T21:22:10.962053Z,Blockchain Security Lead,Galaxydigital,Remote,remote,Full-time,Lead,,,,,USD,Security,Security,,Security,Direct opportunity at Galaxydigital. Apply directly via official candidate link.,https://job-boards.greenhouse.io/galaxydigitalservices/jobs/6019784004,active,scraped
job_scraped_7480957a90,2026-09-04T15:14:07.841048Z,2026-09-06T21:22:10.962053Z,"Vice President, Senior Product Security Engineer",Galaxydigital,Mumbai,remote,Full-time,Senior,,,,,USD,Engineering / Development,Product Management,,Product Management,Direct opportunity at Galaxydigital. Apply directly via official candidate link.,https://job-boards.greenhouse.io/galaxydigitalservices/jobs/6016777004,active,scraped
job_scraped_e7c41f7ac8,2026-09-04T15:14:07.841048Z,2026-09-06T21:22:10.962053Z,"VP, Senior Product Security Engineer",Galaxydigital,London,remote,Full-time,Senior,,,,,USD,Engineering / Development,Product Management,,Product Management,Direct opportunity at Galaxydigital. Apply directly via official candidate link.,https://job-boards.greenhouse.io/galaxydigitalservices/jobs/5468524004,active,scraped
job_scraped_5d0f8f8c9c,2026-09-04T15:14:07.841048Z,2026-09-06T21:22:10.962053Z,Asset Management CounselNew,Galaxydigital,"New York, NY",remote,Full-time,Mid-Level,,,,,USD,Legal / Compliance,Legal,,Legal,Direct opportunity at Galaxydigital. Apply directly via official candidate link.,https://job-boards.greenhouse.io/galaxydigitalservices/jobs/6016154004,active,scraped
job_scraped_611b2dbd76,2026-09-04T15:14:07.841048Z,2026-09-06T21:22:10.962053Z,Markets & Derivatives Senior Counsel,Galaxydigital,"New York, NY",remote,Full-time,Senior,,,,,USD,Legal / Compliance,Legal,,Legal,Direct opportunity at Galaxydigital. Apply directly via official candidate link.,https://job-boards.greenhouse.io/galaxydigitalservices/jobs/5984761004,active,scraped
job_scraped_13c6a4a0bf,2026-09-04T15:14:07.841048Z,2026-09-06T21:22:10.962053Z,Policy Associate – AI and Data CentersNew,Galaxydigital,"Washington, DC",remote,Full-time,Mid-Level,,,,,USD,AI / Machine Learning,AI,,AI,Direct opportunity at Galaxydigital. Apply directly via official candidate link.,https://job-boards.greenhouse.io/galaxydigitalservices/jobs/6100176004,active,scraped
job_scraped_13096683f0,2026-09-04T15:14:07.841048Z,2026-09-06T21:22:10.962053Z,"Analyst/Associate, OnChain Operations",Galaxydigital,Hong Kong,remote,Full-time,Mid-Level,,,,,USD,Research / Economics,Research,,Research,Direct opportunity at Galaxydigital. Apply directly via official candidate link.,https://job-boards.greenhouse.io/galaxydigitalservices/jobs/6061947004,active,scraped
job_scraped_58dc8e8817,2026-09-04T15:14:07.841048Z,2026-09-06T21:22:10.962053Z,"Product Manager, Portfolio Margin and Risk",Galaxydigital,"New York, NY",remote,Full-time,Mid-Level,,,,,USD,Product Management,Product Management,,Product Management,Direct opportunity at Galaxydigital. Apply directly via official candidate link.,https://job-boards.greenhouse.io/galaxydigitalservices/jobs/5838231004,active,scraped
job_scraped_775040c31b,2026-09-04T15:14:07.841048Z,2026-09-06T21:22:10.962053Z,Quantitative Trader (Associate/VP) - Onchain Trading,Galaxydigital,"New York, NY",remote,Full-time,Mid-Level,,,,,USD,Finance / Accounting,Trading|Quantitative Analysis,,Trading|Quantitative Analysis,Direct opportunity at Galaxydigital. Apply directly via official candidate link.,https://job-boards.greenhouse.io/galaxydigitalservices/jobs/6006145004,active,scraped
job_scraped_52d1adc9e9,2026-09-04T15:14:07.841048Z,2026-09-06T21:22:10.962053Z,Venture Investor,Galaxydigital,"New York, NY",remote,Full-time,Mid-Level,,,,,USD,Engineering / Development,Engineering,,Engineering,Direct opportunity at Galaxydigital. Apply directly via official candidate link.,https://job-boards.greenhouse.io/galaxydigitalservices/jobs/5988497004,active,scraped
job_scraped_ca01a13142,2026-09-04T15:14:07.841048Z,2026-09-06T21:22:10.962053Z,Don't see the right job for you?,Galaxydigital,"Bahamas, Chicago, Hong Kong, London, New York",remote,Full-time,Mid-Level,,,,,USD,Engineering / Development,Engineering,,Engineering,Direct opportunity at Galaxydigital. Apply directly via official candidate link.,https://job-boards.greenhouse.io/galaxydigitalservices/jobs/4514986004,active,scraped
job_scraped_ecd99b2946,2026-09-04T15:14:07.841048Z,2026-09-06T21:22:10.962053Z,Product Marketing Manager - Brave Search APIs,Brave,USA and EU,remote,Full-time,Mid-Level,,,,,USD,Marketing / PR,Marketing|Product Management,,Marketing|Product Management,Direct opportunity at Brave. Apply directly via official candidate link.,https://job-boards.greenhouse.io/brave/jobs/7603697,active,scraped
job_scraped_4776490d44,2026-09-04T15:14:07.841048Z,2026-09-06T21:22:10.962053Z,Quality Assurance Engineer,Brave,North America,remote,Full-time,Mid-Level,,,,,USD,Engineering / Development,Engineering,,Engineering,Direct opportunity at Brave. Apply directly via official candidate link.,https://job-boards.greenhouse.io/brave/jobs/7382126,active,scraped
job_scraped_8ca3c8e8a4,2026-09-04T15:14:07.841048Z,2026-09-06T21:22:10.962053Z,Senior DevEx/CI (desktop/mobile) Engineer,Brave,USA,remote,Full-time,Senior,,,,,USD,Engineering / Development,Engineering,,Engineering,Direct opportunity at Brave. Apply directly via official candidate link.,https://job-boards.greenhouse.io/brave/jobs/1287724,active,scraped
job_scraped_f33086eead,2026-09-04T15:14:07.841048Z,2026-09-06T21:22:10.962053Z,Sr. C++ Web Engineer,Brave,Anywhere,remote,Full-time,Senior,,,,,USD,Engineering / Development,Engineering,,Engineering,Direct opportunity at Brave. Apply directly via official candidate link.,https://job-boards.greenhouse.io/brave/jobs/7636723,active,scraped
job_scraped_c75e64166f,2026-09-04T15:14:07.841048Z,2026-09-06T21:22:10.962053Z,Client Success Manager,Brave,USA,remote,Full-time,Mid-Level,,,,,USD,Engineering / Development,Engineering,,Engineering,Direct opportunity at Brave. Apply directly via official candidate link.,https://job-boards.greenhouse.io/brave/jobs/7648003,active,scraped
job_scraped_1f57ab1f00,2026-09-04T15:14:07.841048Z,2026-09-06T21:22:10.962053Z,Sr. Ad Sales Director,Brave,US,remote,Full-time,Senior,,,,,USD,Sales / Business Development,Sales,,Sales,Direct opportunity at Brave. Apply directly via official candidate link.,https://job-boards.greenhouse.io/brave/jobs/7604091,active,scraped
job_scraped_6ef80de417,2026-09-04T15:14:07.841048Z,2026-09-06T21:22:10.962053Z,Workplace Operations Coordinator - LondonNew,Brave,"London, England",remote,Full-time,Mid-Level,,,,,USD,Executive / Leadership,Executive,,Executive,Direct opportunity at Brave. Apply directly via official candidate link.,https://job-boards.greenhouse.io/brave/jobs/8029378,active,scraped
job_scraped_b713d2abd5,2026-09-04T15:14:07.841048Z,2026-09-06T21:22:10.962053Z,Senior Platform Engineer,Zetachain,San Francisco (Hybrid),hybrid,Full-time,Senior,,,,,USD,Engineering / Development,Engineering,,Engineering,Direct opportunity at Zetachain. Apply directly via official candidate link.,https://job-boards.greenhouse.io/zetachain/jobs/5080695008,active,scraped
job_scraped_591102e6e1,2026-09-04T15:14:07.841048Z,2026-09-06T21:22:10.962053Z,Partner Development Manager,Bvnk,New York / US,remote,Full-time,Mid-Level,,,,,USD,Engineering / Development,Engineering,,Engineering,Direct opportunity at Bvnk. Apply directly via official candidate link.,https://job-boards.eu.greenhouse.io/bvnk/jobs/4876678101,active,scraped
job_scraped_b27429bb18,2026-09-04T15:14:07.841048Z,2026-09-06T21:22:10.962053Z,Sales Director (Bilingual) - Fintech & PSP,Bvnk,Remote,remote,Full-time,Mid-Level,,,,,USD,Sales / Business Development,Sales,,Sales,Direct opportunity at Bvnk. Apply directly via official candidate link.,https://job-boards.eu.greenhouse.io/bvnk/jobs/4804936101,active,scraped
job_scraped_4123c3523a,2026-09-04T15:14:07.841048Z,2026-09-06T21:22:10.962053Z,Senior Financial Crime Intelligence Analyst - Crypto,Bvnk,Malta / Cape Town / Spain / Bulgaria / Poland,remote,Full-time,Senior,,,,,USD,Research / Economics,Research,,Research,Direct opportunity at Bvnk. Apply directly via official candidate link.,https://job-boards.eu.greenhouse.io/bvnk/jobs/4902282101,active,scraped
job_scraped_fe111e22c4,2026-09-04T15:14:07.841048Z,2026-09-06T21:22:10.962053Z,Senior Legal Counsel,Bvnk,UK / Cape Town,remote,Full-time,Senior,,,,,USD,Legal / Compliance,Legal,,Legal,Direct opportunity at Bvnk. Apply directly via official candidate link.,https://job-boards.eu.greenhouse.io/bvnk/jobs/4870316101,active,scraped
job_scraped_69e405cb22,2026-09-04T15:14:07.841048Z,2026-09-06T21:22:10.962053Z,Reconciliation Analyst,Bvnk,Malta / Bulgaria / Spain / Poland,remote,Full-time,Mid-Level,,,,,USD,Research / Economics,Research,,Research,Direct opportunity at Bvnk. Apply directly via official candidate link.,https://job-boards.eu.greenhouse.io/bvnk/jobs/4822303101,active,scraped
job_scraped_59d7c43c06,2026-09-04T15:14:07.841048Z,2026-09-06T21:22:10.962053Z,AI-Native QA Automation Engineer,Bvnk,South Africa/Bulgaria/Poland/ Spain,remote,Full-time,Mid-Level,,,,,USD,Engineering / Development,Engineering,,Engineering,Direct opportunity at Bvnk. Apply directly via official candidate link.,https://job-boards.eu.greenhouse.io/bvnk/jobs/4608564101,active,scraped
job_scraped_85eec0db3d,2026-09-04T15:14:07.841048Z,2026-09-06T21:22:10.962053Z,Senior Software Engineer (Backend): FinCrime,Bvnk,"South Africa, Bulgaria, Poland, Spain",remote,Full-time,Senior,,,,,USD,Engineering / Development,Engineering,,Engineering,Direct opportunity at Bvnk. Apply directly via official candidate link.,https://job-boards.eu.greenhouse.io/bvnk/jobs/4855522101,active,scraped
job_scraped_1238301fcf,2026-09-04T15:14:07.841048Z,2026-09-06T21:22:10.962053Z,Tech Lead (Backend): Cards,Bvnk,"South Africa, Bulgaria, Poland, Spain",remote,Full-time,Lead,,,,,USD,Engineering / Development,Engineering,,Engineering,Direct opportunity at Bvnk. Apply directly via official candidate link.,https://job-boards.eu.greenhouse.io/bvnk/jobs/4874437101,active,scraped
job_scraped_99ca75dabc,2026-09-04T15:14:07.841048Z,2026-09-06T21:22:10.962053Z,"Senior Business Development Manager, APAC",Meshpay,APAC - Remote,remote,Full-time,Senior,,,,,USD,Sales / Business Development,Sales,,Sales,Direct opportunity at Meshpay. Apply directly via official candidate link.,https://job-boards.greenhouse.io/mesh/jobs/5215881008,active,scraped
job_scraped_82e690383f,2026-09-04T15:14:07.841048Z,2026-09-06T21:22:10.962053Z,"Senior Engineering Manager, Cloud Infrastructure",Meshpay,San Francisco,remote,Full-time,Senior,,,,,USD,Engineering / Development,Engineering,,Engineering,Direct opportunity at Meshpay. Apply directly via official candidate link.,https://job-boards.greenhouse.io/mesh/jobs/5267669008,active,scraped
job_scraped_8ec961bee0,2026-09-04T15:14:07.841048Z,2026-09-06T21:22:10.962053Z,Senior Staff Backend Engineer,Meshpay,"Bangalore, India",remote,Full-time,Lead,,,,,USD,Engineering / Development,Engineering,,Engineering,Direct opportunity at Meshpay. Apply directly via official candidate link.,https://job-boards.greenhouse.io/mesh/jobs/5024398008,active,scraped
job_scraped_7063500b63,2026-09-04T15:14:07.841048Z,2026-09-06T21:22:10.962053Z,Staff Backend Engineer,Meshpay,Europe - Remote,remote,Full-time,Lead,,,,,USD,Engineering / Development,Engineering,,Engineering,Direct opportunity at Meshpay. Apply directly via official candidate link.,https://job-boards.greenhouse.io/mesh/jobs/5172413008,active,scraped
job_scraped_fa14483634,2026-09-04T15:14:07.841048Z,2026-09-06T21:22:10.962053Z,"Senior Product Manager, Core Infrastructure",Meshpay,US - Remote,remote,Full-time,Senior,,,,,USD,Product Management,Product Management,,Product Management,Direct opportunity at Meshpay. Apply directly via official candidate link.,https://job-boards.greenhouse.io/mesh/jobs/5159418008,active,scraped
job_scraped_255186583e,2026-09-04T15:14:07.841048Z,2026-09-06T21:22:10.962053Z,Director of Sales,Meshpay,"Miami, FL",remote,Full-time,Mid-Level,,,,,USD,Sales / Business Development,Sales,,Sales,Direct opportunity at Meshpay. Apply directly via official candidate link.,https://job-boards.greenhouse.io/mesh/jobs/5254315008,active,scraped
job_scraped_ab05a1e9ce,2026-09-04T15:14:07.841048Z,2026-09-06T21:22:10.962053Z,General application,Cosmoslabs,"New York, New York, US, Remote, Remote",remote,Full-time,Mid-Level,,,,,USD,Engineering / Development,Engineering,,Engineering,Direct opportunity at Cosmoslabs. Apply directly via official candidate link.,https://job-boards.greenhouse.io/cosmoslabs/jobs/4620403007,active,scraped
job_scraped_c2c6f4c4e4,2026-09-04T15:14:07.841048Z,2026-09-06T21:22:10.962053Z,Head of Demand & Commercial Growth,Filecoinfoundation,Remote,remote,Full-time,Lead,,,,,USD,Engineering / Development,Engineering,,Engineering,Direct opportunity at Filecoinfoundation. Apply directly via official candidate link.,https://job-boards.greenhouse.io/filecoinfoundation/jobs/4660971006,active,scraped
job_scraped_9601c645db,2026-09-04T15:14:07.841048Z,2026-09-06T21:22:10.962053Z,"Lead, M&A Integrations",Kraken,US,remote,Full-time,Lead,,,,,USD,Engineering / Development,Engineering,,Engineering,Direct opportunity at Kraken. Apply directly via official candidate link.,https://jobs.ashbyhq.com/kraken.com/9b731ef0-5b04-4323-a82f-507cca63c4cc,active,scraped
job_scraped_bf1e0f4093,2026-09-04T15:14:07.841048Z,2026-09-06T21:22:10.962053Z,Senior AI Compute Infrastructure Engineer,Kraken,UK; Argentina; Brazil; Bulgaria; Canada; Costa Rica; Cyprus; Czech Republic; Estonia; Hungary; Ireland; Latvia; Lithuania; Mexico; Panama; Peru; Poland; Portugal; Romania; Slovenia; South Africa; Spain,remote,Full-time,Senior,,,,,USD,Engineering / Development,Engineering,,Engineering,Direct opportunity at Kraken. Apply directly via official candidate link.,https://jobs.ashbyhq.com/kraken.com/055adaf0-a15b-40f3-89ab-dc5ab4fa719e,active,scraped
job_scraped_515baf3264,2026-09-04T15:14:07.841048Z,2026-09-06T21:22:10.962053Z,Data Platform Engineering Manager,Kraken,UK; Brazil; Bulgaria; Canada; Cyprus; Czech Republic; Estonia; Hungary; Ireland; Mexico; Panama; Peru; Poland; Portugal; Romania; Slovenia; Spain,remote,Full-time,Mid-Level,,,,,USD,Engineering / Development,Engineering,,Engineering,Direct opportunity at Kraken. Apply directly via official candidate link.,https://jobs.ashbyhq.com/kraken.com/cf14a771-0586-41de-b379-fe301c3c8120,active,scraped
job_scraped_02d3a0246c,2026-09-04T15:14:07.841048Z,2026-09-06T21:22:10.962053Z,Mobile Design Engineer,Kraken,UK; Brazil; Canada; Cyprus; Czech Republic; Ireland; Lithuania; Mexico; Poland; Portugal; Romania; Spain; Switzerland; UAE,remote,Full-time,Mid-Level,,,,,USD,Engineering / Development,Engineering,,Engineering,Direct opportunity at Kraken. Apply directly via official candidate link.,https://jobs.ashbyhq.com/kraken.com/95b0206c-8168-49d5-8e6c-e0c5ff885cf6,active,scraped
job_scraped_e4d6303209,2026-09-04T15:14:07.841048Z,2026-09-06T21:22:10.962053Z,Software Engineer - Frontend - Payments,Kraken,UK; Argentina; Brazil; Bulgaria; Chile; Colombia; Cyprus; Czech Republic; Hungary; Lithuania; Mexico; Peru; Poland; Romania; South Africa; Sweden,remote,Full-time,Mid-Level,,,,,USD,Engineering / Development,Engineering,,Engineering,Direct opportunity at Kraken. Apply directly via official candidate link.,https://jobs.ashbyhq.com/kraken.com/4e8d9070-a1c7-406a-a333-7a57c7ef9f42,active,scraped
job_scraped_931ce8c3dd,2026-09-04T15:14:07.841048Z,2026-09-06T21:22:10.962053Z,Staff React Native Engineer - Pro,Kraken,Poland; Argentina; Brazil; Bulgaria; Chile; Colombia; Cyprus; Czech Republic; Estonia; Hungary; Lithuania; Mexico; Peru; Romania; Slovakia; Slovenia; South Africa,remote,Full-time,Lead,,,,,USD,Engineering / Development,React.js,,React.js,Direct opportunity at Kraken. Apply directly via official candidate link.,https://jobs.ashbyhq.com/kraken.com/52ccad44-e0a6-4b15-8b2a-ca6a17a40d6b,active,scraped
job_scraped_f1bde73b4b,2026-09-04T15:14:07.841048Z,2026-09-06T21:22:10.962053Z,Sr. VIP Relationship Manager,Kraken,US,remote,Full-time,Senior,,,,,USD,Engineering / Development,Engineering,,Engineering,Direct opportunity at Kraken. Apply directly via official candidate link.,https://jobs.ashbyhq.com/kraken.com/9253ed06-6c4e-4a1d-a73d-775f5d0d243c,active,scraped
job_scraped_4cd03e6b84,2026-09-04T15:14:07.841048Z,2026-09-06T21:22:10.962053Z,Product Manager II - US Derivatives,Kraken,US,remote,Full-time,Mid-Level,,,,,USD,Product Management,Product Management,,Product Management,Direct opportunity at Kraken. Apply directly via official candidate link.,https://jobs.ashbyhq.com/kraken.com/8062dccc-d328-4310-ad2a-db1ea1225dc7,active,scraped
job_scraped_7113a38cc0,2026-09-04T15:14:07.841048Z,2026-09-06T21:22:10.962053Z,Sr Product Manager - Onchain,Kraken,UK; Argentina; Brazil; Bulgaria; Canada; Chile; Colombia; Cyprus; Czech Republic; Hungary; Ireland; Lithuania; Mexico; Peru; Poland; Portugal; Romania; South Africa; Spain; Sweden; Switzerland; UAE,remote,Full-time,Senior,,,,,USD,Product Management,Product Management,,Product Management,Direct opportunity at Kraken. Apply directly via official candidate link.,https://jobs.ashbyhq.com/kraken.com/8ac64ec9-ea3f-4ce7-9dba-6bfdd9b6d6ce,active,scraped
job_scraped_185a6d87d2,2026-09-04T15:14:07.841048Z,2026-09-06T21:22:10.962053Z,Product and Regional Risk Manager,Kraken,Ireland,remote,Full-time,Mid-Level,,,,,USD,Engineering / Development,Product Management,,Product Management,Direct opportunity at Kraken. Apply directly via official candidate link.,https://jobs.ashbyhq.com/kraken.com/49f21e16-2e9d-45a9-815b-d4c3657bbb7e,active,scraped
job_scraped_e0a8255fa8,2026-09-04T15:14:07.841048Z,2026-09-06T21:22:10.962053Z,SOX Auditor - IT Controls Manager,Kraken,US,remote,Full-time,Mid-Level,,,,,USD,Smart Contracts / Auditing,Smart Contracts,,Smart Contracts,Direct opportunity at Kraken. Apply directly via official candidate link.,https://jobs.ashbyhq.com/kraken.com/59df8379-a9b3-4967-b64d-19b94e9d0cc4,active,scraped
job_scraped_e9226865c5,2026-09-04T15:14:07.841048Z,2026-09-06T21:22:10.962053Z,"Senior Analyst, Security Compliance",Kraken,Canada,remote,Full-time,Senior,,,,,USD,Legal / Compliance,Compliance,,Compliance,Direct opportunity at Kraken. Apply directly via official candidate link.,https://jobs.ashbyhq.com/kraken.com/13b78c74-0e27-46c6-be6c-174c4f19bec5,active,scraped
job_scraped_32055bdb19,2026-09-04T15:14:07.841048Z,2026-09-06T21:22:10.962053Z,Staff Security Architect,Kraken,US,remote,Full-time,Lead,,,,,USD,Security,Security,,Security,Direct opportunity at Kraken. Apply directly via official candidate link.,https://jobs.ashbyhq.com/kraken.com/ad27e3b9-35ce-4f61-81c8-21cd136340b2,active,scraped
job_scraped_7c55141144,2026-09-04T15:14:07.841048Z,2026-09-06T21:22:10.962053Z,Assistant General Counsel (Corporate),Trmlabs,US,remote,Full-time,Mid-Level,,,,,USD,Legal / Compliance,Legal,,Legal,Direct opportunity at Trmlabs. Apply directly via official candidate link.,https://jobs.ashbyhq.com/trm-labs/1f973e1f-60b7-413f-95ca-cf22994a0573,active,scraped
job_scraped_e73f77281b,2026-09-04T15:14:07.841048Z,2026-09-06T21:22:10.962053Z,"Assistant General Counsel, Commercial and GTM Partnerships",Trmlabs,US,remote,Full-time,Mid-Level,,,,,USD,Legal / Compliance,Legal,,Legal,Direct opportunity at Trmlabs. Apply directly via official candidate link.,https://jobs.ashbyhq.com/trm-labs/b5f265fc-c8fa-47aa-8382-3aa72108c513,active,scraped
job_scraped_eb0bc6bd2b,2026-09-04T15:14:07.841048Z,2026-09-06T21:22:10.962053Z,Contract Business Recruiter,Trmlabs,North America,remote,Full-time,Mid-Level,,,,,USD,HR / Recruiting,HR,,HR,Direct opportunity at Trmlabs. Apply directly via official candidate link.,https://jobs.ashbyhq.com/trm-labs/70d863e8-99a2-4026-b4ff-5700a1889cb9,active,scraped
job_scraped_1ce1573be9,2026-09-04T15:14:07.841048Z,2026-09-06T21:22:10.962053Z,Recruiting Coordinator (Contract),Trmlabs,Brazil,remote,Full-time,Mid-Level,,,,,USD,Executive / Leadership,Executive,,Executive,Direct opportunity at Trmlabs. Apply directly via official candidate link.,https://jobs.ashbyhq.com/trm-labs/7e805c73-0c50-4bd9-8af2-493dd67c03cc,active,scraped
job_scraped_2ef4971f32,2026-09-04T15:14:07.841048Z,2026-09-06T21:22:10.962053Z,Senior Technical Recruiter (Contractor),Trmlabs,US; São Paulo,remote,Full-time,Senior,,,,,USD,HR / Recruiting,HR,,HR,Direct opportunity at Trmlabs. Apply directly via official candidate link.,https://jobs.ashbyhq.com/trm-labs/daf727ec-f5b6-4080-8ac2-55f7c7fabd1d,active,scraped
job_scraped_f9f44bf4ad,2026-09-04T15:14:07.841048Z,2026-09-06T21:22:10.962053Z,Technical Recruiting Manager,Trmlabs,North America,remote,Full-time,Mid-Level,,,,,USD,Engineering / Development,Engineering,,Engineering,Direct opportunity at Trmlabs. Apply directly via official candidate link.,https://jobs.ashbyhq.com/trm-labs/6056becb-e8be-4b47-ad5c-bc7e2ee743d9,active,scraped
job_scraped_acdc8ec211,2026-09-04T15:14:07.841048Z,2026-09-06T21:22:10.962053Z,Cyber Threat Intelligence Recruiter,Trmlabs,"North America; Los Angeles; New York City; San Francisco, CA; US; Washington; Washington DC",remote,Full-time,Mid-Level,,,,,USD,HR / Recruiting,HR,,HR,Direct opportunity at Trmlabs. Apply directly via official candidate link.,https://jobs.ashbyhq.com/trm-labs/45166a6e-6337-4132-9429-930cde7fd499,active,scraped
job_scraped_bc2befab19,2026-09-04T15:14:07.841048Z,2026-09-06T21:22:10.962053Z,"Global Investigations, Sextortion",Trmlabs,US; APAC; EMEA; South America,remote,Full-time,Mid-Level,,,,,USD,Engineering / Development,Engineering,,Engineering,Direct opportunity at Trmlabs. Apply directly via official candidate link.,https://jobs.ashbyhq.com/trm-labs/834537d0-733a-44c9-80b5-51f0bcf7ce3e,active,scraped
job_scraped_161ac19975,2026-09-04T15:14:07.841048Z,2026-09-06T21:22:10.962053Z,Global Investigator - APAC,Trmlabs,APAC; Thailand,remote,Full-time,Mid-Level,,,,,USD,Engineering / Development,Engineering,,Engineering,Direct opportunity at Trmlabs. Apply directly via official candidate link.,https://jobs.ashbyhq.com/trm-labs/2e45c7a8-c7da-4b55-bfca-6e2a603fb726,active,scraped
job_scraped_92ea3ef477,2026-09-04T15:14:07.841048Z,2026-09-06T21:22:10.962053Z,Global Investigator - National Security,Trmlabs,North America,remote,Full-time,Mid-Level,,,,,USD,Security,Security,,Security,Direct opportunity at Trmlabs. Apply directly via official candidate link.,https://jobs.ashbyhq.com/trm-labs/7d9a2c64-755c-48f3-bdb4-0332f2af8527,active,scraped
job_scraped_725fa57dc1,2026-09-04T15:14:07.841048Z,2026-09-06T21:22:10.962053Z,Community Growth Marketing Manager,Trmlabs,US,remote,Full-time,Mid-Level,,,,,USD,Marketing / PR,Marketing,,Marketing,Direct opportunity at Trmlabs. Apply directly via official candidate link.,https://jobs.ashbyhq.com/trm-labs/29b027c2-d576-4dfe-b4d9-aa397573a919,active,scraped
job_scraped_191aac421d,2026-09-04T15:14:07.841048Z,2026-09-06T21:22:10.962053Z,"Growth Lead, Consumer Fraud Reporting",Trmlabs,US,remote,Full-time,Lead,,,,,USD,Engineering / Development,Engineering,,Engineering,Direct opportunity at Trmlabs. Apply directly via official candidate link.,https://jobs.ashbyhq.com/trm-labs/73b2f6bd-7f59-4378-8b9f-b0921489c8ef,active,scraped
job_scraped_a1bdaf466b,2026-09-04T15:14:07.841048Z,2026-09-06T21:22:10.962053Z,Head of Public Affairs,Trmlabs,Washington DC; US,remote,Full-time,Lead,,,,,USD,Engineering / Development,Engineering,,Engineering,Direct opportunity at Trmlabs. Apply directly via official candidate link.,https://jobs.ashbyhq.com/trm-labs/faae82aa-114e-4c07-92d8-88b1795fb5ee,active,scraped
job_scraped_a706e86dde,2026-09-04T15:14:07.841048Z,2026-09-06T21:22:10.962053Z,Senior Brand Designer,Trmlabs,US,remote,Full-time,Senior,,,,,USD,Design / UI / UX,Design,,Design,Direct opportunity at Trmlabs. Apply directly via official candidate link.,https://jobs.ashbyhq.com/trm-labs/3a658a20-8030-4c40-8182-04634af7c9a8,active,scraped
job_scraped_e566532816,2026-09-04T15:14:07.841048Z,2026-09-06T21:22:10.962053Z,Account Director - DACH (Public Sector),Trmlabs,EMEA; Austria; Germany; Switzerland,remote,Full-time,Mid-Level,,,,,USD,Executive / Leadership,Executive,,Executive,Direct opportunity at Trmlabs. Apply directly via official candidate link.,https://jobs.ashbyhq.com/trm-labs/695bb715-230d-4394-aacd-b717d2973f12,active,scraped
job_scraped_305cfac0f4,2026-09-04T15:14:07.841048Z,2026-09-06T21:22:10.962053Z,"Account Director, Financial Institutions",Trmlabs,North America; New York City; Washington DC,remote,Full-time,Mid-Level,,,,,USD,Executive / Leadership,Executive,,Executive,Direct opportunity at Trmlabs. Apply directly via official candidate link.,https://jobs.ashbyhq.com/trm-labs/79826f77-893b-4258-b547-2cc9146fdebe,active,scraped
job_scraped_f14f01a95d,2026-09-04T15:14:07.841048Z,2026-09-06T21:22:10.962053Z,"Account Director, Defence and Intel (Canada)",Trmlabs,Canada,remote,Full-time,Mid-Level,,,,,USD,Executive / Leadership,Executive,,Executive,Direct opportunity at Trmlabs. Apply directly via official candidate link.,https://jobs.ashbyhq.com/trm-labs/deae2da1-6f6a-40ed-b64e-6596775a5473,active,scraped
job_scraped_8f58bd15dc,2026-09-04T15:14:07.841048Z,2026-09-06T21:22:10.962053Z,"Account Director, Public Sector (DHS)",Trmlabs,US; Washington DC,remote,Full-time,Mid-Level,,,,,USD,Executive / Leadership,Executive,,Executive,Direct opportunity at Trmlabs. Apply directly via official candidate link.,https://jobs.ashbyhq.com/trm-labs/0546e8a4-2617-4b0d-b5c7-b7e1c34a1efe,active,scraped
job_scraped_613cdad6e4,2026-09-04T15:14:07.841048Z,2026-09-06T21:22:10.962053Z,"Enablement Manager, Global Investigators",Trmlabs,US,remote,Full-time,Mid-Level,,,,,USD,Engineering / Development,Engineering,,Engineering,Direct opportunity at Trmlabs. Apply directly via official candidate link.,https://jobs.ashbyhq.com/trm-labs/044457c2-be99-4101-ae60-6e61ce2d5d2f,active,scraped
job_scraped_414612d296,2026-09-04T15:14:07.841048Z,2026-09-06T21:22:10.962053Z,"Strategic Account Director, Pathfinder (National Security)",Trmlabs,US,remote,Full-time,Mid-Level,,,,,USD,Security,Security,,Security,Direct opportunity at Trmlabs. Apply directly via official candidate link.,https://jobs.ashbyhq.com/trm-labs/ca371bbf-85f7-4746-910f-21b67181a8d8,active,scraped
job_scraped_c344e07364,2026-09-04T15:14:07.841048Z,2026-09-06T21:22:10.962053Z,"Strategic Account Director, Pathfinder (Private Sector)",Trmlabs,Washington DC,remote,Full-time,Mid-Level,,,,,USD,Executive / Leadership,Executive,,Executive,Direct opportunity at Trmlabs. Apply directly via official candidate link.,https://jobs.ashbyhq.com/trm-labs/b0508a20-a386-4daf-acc6-cd0cd5919a7f,active,scraped
job_scraped_fa18574344,2026-09-04T15:14:07.841048Z,2026-09-06T21:22:10.962053Z,"Deployment Strategist, Public Sector",Trmlabs,US,remote,Full-time,Mid-Level,,,,,USD,Executive / Leadership,Executive,,Executive,Direct opportunity at Trmlabs. Apply directly via official candidate link.,https://jobs.ashbyhq.com/trm-labs/34ec2f41-d2d1-4197-a97a-f833b9898453,active,scraped
job_scraped_96777ee96e,2026-09-04T15:14:07.841048Z,2026-09-06T21:22:10.962053Z,Critical Infrastructure Sector Engagement Lead,Trmlabs,US,remote,Full-time,Lead,,,,,USD,Executive / Leadership,Executive,,Executive,Direct opportunity at Trmlabs. Apply directly via official candidate link.,https://jobs.ashbyhq.com/trm-labs/6ed041a5-aa56-41e0-b2f6-7616a27424a2,active,scraped
job_scraped_95454127d7,2026-09-04T15:14:07.841048Z,2026-09-06T21:22:10.962053Z,"Senior Data Scientist, Full Stack",Trmlabs,North America,remote,Full-time,Senior,,,,,USD,Engineering / Development,Engineering,,Engineering,Direct opportunity at Trmlabs. Apply directly via official candidate link.,https://jobs.ashbyhq.com/trm-labs/23df8728-7b04-4340-a767-07e8ce3c23dc,active,scraped
job_scraped_6bbd830a90,2026-09-04T15:14:07.841048Z,2026-09-06T21:22:10.962053Z,"Senior Data Scientist, Full Stack (LATAM)",Trmlabs,South America,remote,Full-time,Senior,,,,,USD,Engineering / Development,Engineering,,Engineering,Direct opportunity at Trmlabs. Apply directly via official candidate link.,https://jobs.ashbyhq.com/trm-labs/0efa86f5-3b07-40b5-92e4-7f0df54e6639,active,scraped
job_scraped_8ea2c196de,2026-09-04T15:14:07.841048Z,2026-09-06T21:22:10.962053Z,All-Source Intelligence Analyst,Trmlabs,Thailand,remote,Full-time,Mid-Level,,,,,USD,Research / Economics,Research,,Research,Direct opportunity at Trmlabs. Apply directly via official candidate link.,https://jobs.ashbyhq.com/trm-labs/e6dee7ce-a863-47b9-a8ec-d890d5722070,active,scraped
job_scraped_24ca105b8f,2026-09-04T15:14:07.841048Z,2026-09-06T21:22:10.962053Z,"All-Source Intelligence Analyst (DC, MD, VA only)",Trmlabs,Washington DC,remote,Full-time,Mid-Level,,,,,USD,Research / Economics,Research,,Research,Direct opportunity at Trmlabs. Apply directly via official candidate link.,https://jobs.ashbyhq.com/trm-labs/80dcf3a6-3429-485a-8f05-81173b1ea52e,active,scraped
job_scraped_090a982ae5,2026-09-04T15:14:07.841048Z,2026-09-06T21:22:10.962053Z,Senior All-Source Intelligence Analyst,Trmlabs,APAC,remote,Full-time,Senior,,,,,USD,Research / Economics,Research,,Research,Direct opportunity at Trmlabs. Apply directly via official candidate link.,https://jobs.ashbyhq.com/trm-labs/3706989d-27e6-4c02-99a4-e0d14ce16abf,active,scraped
job_scraped_1208c566a6,2026-09-04T15:14:07.841048Z,2026-09-06T21:22:10.962053Z,"Senior Blockchain Intelligence Analyst, Ransomware",Trmlabs,US,remote,Full-time,Senior,,,,,USD,Research / Economics,Research,,Research,Direct opportunity at Trmlabs. Apply directly via official candidate link.,https://jobs.ashbyhq.com/trm-labs/f6e96bdf-5535-4d92-8ee0-593364cf2baf,active,scraped
job_scraped_22d28b7ba3,2026-09-04T15:14:07.841048Z,2026-09-06T21:22:10.962053Z,Senior Cyber Threat Intelligence Analyst,Trmlabs,US; UK,remote,Full-time,Senior,,,,,USD,Research / Economics,Research,,Research,Direct opportunity at Trmlabs. Apply directly via official candidate link.,https://jobs.ashbyhq.com/trm-labs/85e85964-503e-4252-95af-236a0ea1a29a,active,scraped
job_scraped_9eed217f1b,2026-09-04T15:14:07.841048Z,2026-09-06T21:22:10.962053Z,Staff Cyber Threat Intelligence Analyst,Trmlabs,US; UK,remote,Full-time,Lead,,,,,USD,Research / Economics,Research,,Research,Direct opportunity at Trmlabs. Apply directly via official candidate link.,https://jobs.ashbyhq.com/trm-labs/ffdd3639-d29c-4f71-a22e-04fb00d2b038,active,scraped
job_scraped_04dc5caa5a,2026-09-04T15:14:07.841048Z,2026-09-06T21:22:10.962053Z,Agent Engineer - US Remote,Trmlabs,US,remote,Full-time,Mid-Level,,,,,USD,Engineering / Development,Engineering,,Engineering,Direct opportunity at Trmlabs. Apply directly via official candidate link.,https://jobs.ashbyhq.com/trm-labs/ae3a0f96-50a8-480c-ba63-8ef989fbc3c9,active,scraped
job_scraped_c1dd47b883,2026-09-04T15:14:07.841048Z,2026-09-06T21:22:10.962053Z,AI Agent Engineer - US Remote,Trmlabs,US,remote,Full-time,Mid-Level,,,,,USD,Engineering / Development,Engineering,,Engineering,Direct opportunity at Trmlabs. Apply directly via official candidate link.,https://jobs.ashbyhq.com/trm-labs/828b60b2-ac8f-407d-92a0-8b794c8cf391,active,scraped
job_scraped_30c9f0dde4,2026-09-04T15:14:07.841048Z,2026-09-06T21:22:10.962053Z,"AI Engineering Manager, Product Engineering - US Remote",Trmlabs,US,remote,Full-time,Mid-Level,,,,,USD,Engineering / Development,Product Management,,Product Management,Direct opportunity at Trmlabs. Apply directly via official candidate link.,https://jobs.ashbyhq.com/trm-labs/b8924cbb-3581-458c-bfd0-9f5bcb633474,active,scraped
job_scraped_bf8ff3a2e0,2026-09-04T15:14:07.841048Z,2026-09-06T21:22:10.962053Z,Senior AI Engineer (AI Automation) - India,Trmlabs,India,remote,Full-time,Senior,,,,,USD,Engineering / Development,Engineering,,Engineering,Direct opportunity at Trmlabs. Apply directly via official candidate link.,https://jobs.ashbyhq.com/trm-labs/4f553e59-44b1-41f6-b77e-87fb669c9638,active,scraped
job_scraped_d369a2d61b,2026-09-04T15:14:07.841048Z,2026-09-06T21:22:10.962053Z,Senior AI Engineer (AI Automation) - LATAM,Trmlabs,South America; São Paulo,remote,Full-time,Senior,,,,,USD,Engineering / Development,Engineering,,Engineering,Direct opportunity at Trmlabs. Apply directly via official candidate link.,https://jobs.ashbyhq.com/trm-labs/02c35d2c-d123-4eac-aef6-0071f43d7f27,active,scraped
job_scraped_64f827df66,2026-09-04T15:14:07.841048Z,2026-09-06T21:22:10.962053Z,"Senior Data Engineer, Graph Analytics",Trmlabs,North America,remote,Full-time,Senior,,,,,USD,Engineering / Development,Engineering,,Engineering,Direct opportunity at Trmlabs. Apply directly via official candidate link.,https://jobs.ashbyhq.com/trm-labs/20f7a5b3-94c6-4b9d-9e4a-002aa2ef6906,active,scraped
job_scraped_65ce3d192d,2026-09-04T15:14:07.841048Z,2026-09-06T21:22:10.962053Z,Senior Frontend Platform Engineer,Trmlabs,South America,remote,Full-time,Senior,,,,,USD,Engineering / Development,Engineering,,Engineering,Direct opportunity at Trmlabs. Apply directly via official candidate link.,https://jobs.ashbyhq.com/trm-labs/3af6c3b5-1bee-4521-afcc-a012b530d214,active,scraped
job_scraped_1af3cc0e20,2026-09-04T15:14:07.841048Z,2026-09-06T21:22:10.962053Z,Senior Infrastructure Engineer,Trmlabs,North America,remote,Full-time,Senior,,,,,USD,Engineering / Development,Engineering,,Engineering,Direct opportunity at Trmlabs. Apply directly via official candidate link.,https://jobs.ashbyhq.com/trm-labs/f7a0d7fa-3b51-4bf6-9b3b-dc6a10879123,active,scraped
job_scraped_547ff51c6c,2026-09-04T15:14:07.841048Z,2026-09-06T21:22:10.962053Z,"Senior Software Engineer, Backend | Product Engineering",Trmlabs,South America,remote,Full-time,Senior,,,,,USD,Engineering / Development,Product Management,,Product Management,Direct opportunity at Trmlabs. Apply directly via official candidate link.,https://jobs.ashbyhq.com/trm-labs/ecc944bf-7cb5-48e7-be97-0d3cb45a92e9,active,scraped
job_scraped_00b207656d,2026-09-04T15:14:07.841048Z,2026-09-06T21:22:10.962053Z,"Senior Software Engineer, Backend | Product Engineering - Canada",Trmlabs,Canada,remote,Full-time,Senior,,,,,USD,Engineering / Development,Product Management,,Product Management,Direct opportunity at Trmlabs. Apply directly via official candidate link.,https://jobs.ashbyhq.com/trm-labs/04dcd7d7-3693-48ed-a7cf-ced39d2b18cb,active,scraped
job_scraped_ea97c19982,2026-09-04T15:14:07.841048Z,2026-09-06T21:22:10.962053Z,"Senior Software Engineer, Backend | Product Engineering - US",Trmlabs,US,remote,Full-time,Senior,,,,,USD,Engineering / Development,Product Management,,Product Management,Direct opportunity at Trmlabs. Apply directly via official candidate link.,https://jobs.ashbyhq.com/trm-labs/f671d26c-dd0e-429e-9c08-58c78c4f5dd7,active,scraped
job_scraped_da11ff1494,2026-09-04T15:14:07.841048Z,2026-09-06T21:22:10.962053Z,"Senior Software Engineer, Data Product",Trmlabs,South America,remote,Full-time,Senior,,,,,USD,Engineering / Development,Product Management,,Product Management,Direct opportunity at Trmlabs. Apply directly via official candidate link.,https://jobs.ashbyhq.com/trm-labs/f50ac5b5-d199-4e5b-9dae-7ce9a44dea1e,active,scraped
job_scraped_35defe870d,2026-09-04T15:14:07.841048Z,2026-09-06T21:22:10.962053Z,"Senior Software Engineer, Data Product - US",Trmlabs,US,remote,Full-time,Senior,,,,,USD,Engineering / Development,Product Management,,Product Management,Direct opportunity at Trmlabs. Apply directly via official candidate link.,https://jobs.ashbyhq.com/trm-labs/288d5c63-7585-41bf-b0a6-68e635e31e97,active,scraped
job_scraped_dcb4407908,2026-09-04T15:14:07.841048Z,2026-09-06T21:22:10.962053Z,"Senior Software Engineer, Frontend | Product Engineering",Trmlabs,South America,remote,Full-time,Senior,,,,,USD,Engineering / Development,Product Management,,Product Management,Direct opportunity at Trmlabs. Apply directly via official candidate link.,https://jobs.ashbyhq.com/trm-labs/d0b9bbe2-767e-4c81-9a53-fa513addcfab,active,scraped
job_scraped_20c0ed98ba,2026-09-04T15:14:07.841048Z,2026-09-06T21:22:10.962053Z,"Senior Software Engineer, Frontend | Product Engineering - Canada",Trmlabs,Canada,remote,Full-time,Senior,,,,,USD,Engineering / Development,Product Management,,Product Management,Direct opportunity at Trmlabs. Apply directly via official candidate link.,https://jobs.ashbyhq.com/trm-labs/298ec08c-666b-4cdf-b728-f8abb03a2673,active,scraped
job_scraped_bf71aa08c3,2026-09-04T15:14:07.841048Z,2026-09-06T21:22:10.962053Z,"Senior Software Engineer, Full Stack | Product Engineering",Trmlabs,US,remote,Full-time,Senior,,,,,USD,Engineering / Development,Product Management,,Product Management,Direct opportunity at Trmlabs. Apply directly via official candidate link.,https://jobs.ashbyhq.com/trm-labs/92d3b3fe-284b-4d68-890f-b5b26b64bd98,active,scraped
job_scraped_ba3f13e967,2026-09-04T15:14:07.841048Z,2026-09-06T21:22:10.962053Z,"Senior Software Engineer, Graph Analytics",Trmlabs,North America,remote,Full-time,Senior,,,,,USD,Engineering / Development,Engineering,,Engineering,Direct opportunity at Trmlabs. Apply directly via official candidate link.,https://jobs.ashbyhq.com/trm-labs/5f814d06-0151-4390-94de-9f3e56a59923,active,scraped
job_scraped_74764064d5,2026-09-04T15:14:07.841048Z,2026-09-06T21:22:10.962053Z,"Staff Software Engineer, Agent Engineering - US Remote",Trmlabs,US,remote,Full-time,Lead,,,,,USD,Engineering / Development,Engineering,,Engineering,Direct opportunity at Trmlabs. Apply directly via official candidate link.,https://jobs.ashbyhq.com/trm-labs/eb560943-3adb-4839-bf64-4cbdeee9ae57,active,scraped
job_scraped_3d9c875f16,2026-09-04T15:14:07.841048Z,2026-09-06T21:22:10.962053Z,University Grad – Product Engineer (2026) - Los Angeles Only,Trmlabs,North America,remote,Full-time,Mid-Level,,,,,USD,Engineering / Development,Product Management,,Product Management,Direct opportunity at Trmlabs. Apply directly via official candidate link.,https://jobs.ashbyhq.com/trm-labs/0b8546c0-39ba-44db-aba5-3425bcb2e68d,active,scraped
job_scraped_d8e3b3fdd8,2026-09-04T15:14:07.841048Z,2026-09-06T21:22:10.962053Z,"Senior Product Manager, Financial Institutions",Trmlabs,US,remote,Full-time,Senior,,,,,USD,Product Management,Product Management,,Product Management,Direct opportunity at Trmlabs. Apply directly via official candidate link.,https://jobs.ashbyhq.com/trm-labs/62c75011-1cf1-4c40-85bc-2e2a16d76332,active,scraped
job_scraped_49700cda25,2026-09-04T15:14:07.841048Z,2026-09-06T21:22:10.962053Z,"Senior Product Manager, Threat Intelligence",Trmlabs,US,remote,Full-time,Senior,,,,,USD,Product Management,Product Management,,Product Management,Direct opportunity at Trmlabs. Apply directly via official candidate link.,https://jobs.ashbyhq.com/trm-labs/c00b9659-99ea-41cb-b695-e1f4ce569a96,active,scraped
job_scraped_70d7dc4ebb,2026-09-04T15:14:07.841048Z,2026-09-06T21:22:10.962053Z,"Senior Product Marketing Manager, Public Sector",Trmlabs,North America,remote,Full-time,Senior,,,,,USD,Marketing / PR,Marketing|Product Management,,Marketing|Product Management,Direct opportunity at Trmlabs. Apply directly via official candidate link.,https://jobs.ashbyhq.com/trm-labs/e26723cd-a11e-4e1b-ac79-a55a41ef86e2,active,scraped
job_scraped_0fa39d777b,2026-09-04T15:14:07.841048Z,2026-09-06T21:22:10.962053Z,"VP, Enterprise Products & Solutions EMEA",Blockstream,Zurich; Geneva,remote,Full-time,Mid-Level,,,,,USD,Engineering / Development,Product Management,,Product Management,Direct opportunity at Blockstream. Apply directly via official candidate link.,https://jobs.ashbyhq.com/blockstream/85ac7901-01c0-4658-b653-613cc179c5ee,active,scraped
job_scraped_af46a253e8,2026-09-04T15:14:07.841048Z,2026-09-06T21:22:10.962053Z,Full-Stack Software Engineer,Blockstream,HQ,remote,Full-time,Mid-Level,,,,,USD,Engineering / Development,Engineering,,Engineering,Direct opportunity at Blockstream. Apply directly via official candidate link.,https://jobs.ashbyhq.com/blockstream/e91bb200-dcfe-4fbc-99c2-971d9bebf06a,active,scraped
job_scraped_66c5a859f1,2026-09-04T15:14:07.841048Z,2026-09-06T21:22:10.962053Z,Platform Architect,Blockstream,Menlo Park,remote,Full-time,Mid-Level,,,,,USD,Engineering / Development,Engineering,,Engineering,Direct opportunity at Blockstream. Apply directly via official candidate link.,https://jobs.ashbyhq.com/blockstream/bcfdff58-0439-4f96-89fd-8ce81a1ce153,active,scraped
job_scraped_26dd11638d,2026-09-04T15:14:07.841048Z,2026-09-06T21:22:10.962053Z,QA Engineer,Blockstream,Remote,remote,Full-time,Mid-Level,,,,,USD,Engineering / Development,Engineering,,Engineering,Direct opportunity at Blockstream. Apply directly via official candidate link.,https://jobs.ashbyhq.com/blockstream/5c28d417-ea14-40b5-a615-5d51c4f0d3a3,active,scraped
job_scraped_9f387850df,2026-09-04T15:14:07.841048Z,2026-09-06T21:22:10.962053Z,QA Engineering Manager,Blockstream,Remote,remote,Full-time,Mid-Level,,,,,USD,Engineering / Development,Engineering,,Engineering,Direct opportunity at Blockstream. Apply directly via official candidate link.,https://jobs.ashbyhq.com/blockstream/e01609d4-4668-4a1b-b4e4-a040ffcbd02f,active,scraped
job_scraped_0648da0ea4,2026-09-04T15:14:07.841048Z,2026-09-06T21:22:10.962053Z,Security Architect,Blockstream,Remote,remote,Full-time,Mid-Level,,,,,USD,Security,Security,,Security,Direct opportunity at Blockstream. Apply directly via official candidate link.,https://jobs.ashbyhq.com/blockstream/5944eb5a-4d26-459d-9de9-d8ba5f12cd62,active,scraped
job_scraped_c40422ac39,2026-09-04T15:14:07.841048Z,2026-09-06T21:22:10.962053Z,"Software Engineer, Enterprise Custody",Blockstream,US,remote,Full-time,Mid-Level,,,,,USD,Engineering / Development,Engineering,,Engineering,Direct opportunity at Blockstream. Apply directly via official candidate link.,https://jobs.ashbyhq.com/blockstream/5da66738-0b81-4015-b3c7-c0326a8ffc76,active,scraped
job_scraped_31e74927cc,2026-09-04T15:14:07.841048Z,2026-09-06T21:22:10.962053Z,Business Analyst,Blockstream,Zurich; Geneva,remote,Full-time,Mid-Level,,,,,USD,Research / Economics,Research,,Research,Direct opportunity at Blockstream. Apply directly via official candidate link.,https://jobs.ashbyhq.com/blockstream/79276e4f-68df-422e-b4ec-97924730321a,active,scraped
job_scraped_ae9851177c,2026-09-04T15:14:07.841048Z,2026-09-06T21:22:10.962053Z,Business Development Manager,Blockstream,Remote,remote,Full-time,Mid-Level,,,,,USD,Sales / Business Development,Sales,,Sales,Direct opportunity at Blockstream. Apply directly via official candidate link.,https://jobs.ashbyhq.com/blockstream/b6b26925-b078-4012-9138-963a5c75d9aa,active,scraped
job_scraped_7fe9c7c078,2026-09-04T15:14:07.841048Z,2026-09-06T21:22:10.962053Z,Business Development Representative,Blockstream,Remote,remote,Full-time,Mid-Level,,,,,USD,Sales / Business Development,Sales,,Sales,Direct opportunity at Blockstream. Apply directly via official candidate link.,https://jobs.ashbyhq.com/blockstream/8237b5c4-d59f-42bc-a016-4ac2b81c6ca5,active,scraped
job_scraped_74127dcd47,2026-09-04T15:14:07.841048Z,2026-09-06T21:22:10.962053Z,"Consultant, Delivery",Blockstream,Zurich,remote,Full-time,Mid-Level,,,,,USD,Engineering / Development,Engineering,,Engineering,Direct opportunity at Blockstream. Apply directly via official candidate link.,https://jobs.ashbyhq.com/blockstream/72a34e96-3b47-4604-a581-96d32fc81aba,active,scraped
job_scraped_af836b7a05,2026-09-04T15:14:07.841048Z,2026-09-06T21:22:10.962053Z,Delivery Project Manager,Blockstream,Zurich,remote,Full-time,Mid-Level,,,,,USD,Engineering / Development,Engineering,,Engineering,Direct opportunity at Blockstream. Apply directly via official candidate link.,https://jobs.ashbyhq.com/blockstream/a00b13e2-2ca5-4aee-84a5-172fba5b5328,active,scraped
job_scraped_c9e7bc7259,2026-09-04T15:14:07.841048Z,2026-09-06T21:22:10.962053Z,DevOps Engineer,Blockstream,Zurich,remote,Full-time,Mid-Level,,,,,USD,Engineering / Development,Engineering,,Engineering,Direct opportunity at Blockstream. Apply directly via official candidate link.,https://jobs.ashbyhq.com/blockstream/4bd6e458-a98f-4f3d-8c0e-a50e4735e32f,active,scraped
job_scraped_0b56dc16cf,2026-09-04T15:14:07.841048Z,2026-09-06T21:22:10.962053Z,Director of Enterprise Solutions,Blockstream,Remote,remote,Full-time,Mid-Level,,,,,USD,Executive / Leadership,Executive,,Executive,Direct opportunity at Blockstream. Apply directly via official candidate link.,https://jobs.ashbyhq.com/blockstream/910e6c3e-2323-43b2-b67c-1325f54e1a98,active,scraped
job_scraped_75bf3cef09,2026-09-04T15:14:07.841048Z,2026-09-06T21:22:10.962053Z,"Director, Platform and Integration Lead",Blockstream,Zurich,remote,Full-time,Lead,,,,,USD,Executive / Leadership,Executive,,Executive,Direct opportunity at Blockstream. Apply directly via official candidate link.,https://jobs.ashbyhq.com/blockstream/0e424cde-0508-4112-ab4a-258a377ecb92,active,scraped
job_scraped_b4f4fd1430,2026-09-04T15:14:07.841048Z,2026-09-06T21:22:10.962053Z,Industry Process Expert,Blockstream,Zurich,remote,Full-time,Mid-Level,,,,,USD,Engineering / Development,Engineering,,Engineering,Direct opportunity at Blockstream. Apply directly via official candidate link.,https://jobs.ashbyhq.com/blockstream/29626548-52fd-40d8-a279-4f4f3bd51df9,active,scraped
job_scraped_38bdee5d5f,2026-09-04T15:14:07.841048Z,2026-09-06T21:22:10.962053Z,Junior Solutions Architect,Blockstream,Lugano,remote,Full-time,Junior,,,,,USD,Engineering / Development,Engineering,,Engineering,Direct opportunity at Blockstream. Apply directly via official candidate link.,https://jobs.ashbyhq.com/blockstream/4b0ce32c-7523-4954-ab07-80d7eb40a67f,active,scraped
job_scraped_eed7d12f45,2026-09-04T15:14:07.841048Z,2026-09-06T21:22:10.962053Z,PMO,Blockstream,Lugano,remote,Full-time,Mid-Level,,,,,USD,Engineering / Development,Engineering,,Engineering,Direct opportunity at Blockstream. Apply directly via official candidate link.,https://jobs.ashbyhq.com/blockstream/d8729269-f174-47d4-9c71-6d2c0f175f2e,active,scraped
job_scraped_25f3e5500c,2026-09-04T15:14:07.841048Z,2026-09-06T21:22:10.962053Z,Product Owner,Blockstream,Zurich; Geneva,remote,Full-time,Mid-Level,,,,,USD,Product Management,Product Management,,Product Management,Direct opportunity at Blockstream. Apply directly via official candidate link.,https://jobs.ashbyhq.com/blockstream/4cf529b6-ea59-46b0-a95d-7e2afbd5d02e,active,scraped
job_scraped_670774d932,2026-09-04T15:14:07.841048Z,2026-09-06T21:22:10.962053Z,Project Manager,Blockstream,Lugano,remote,Full-time,Mid-Level,,,,,USD,Engineering / Development,Engineering,,Engineering,Direct opportunity at Blockstream. Apply directly via official candidate link.,https://jobs.ashbyhq.com/blockstream/7b3cd68e-331a-4b4f-8bed-02e1354e9197,active,scraped
job_scraped_e2c2947330,2026-09-04T15:14:07.841048Z,2026-09-06T21:22:10.962053Z,Senior Consultant,Blockstream,Zurich,remote,Full-time,Senior,,,,,USD,Engineering / Development,Engineering,,Engineering,Direct opportunity at Blockstream. Apply directly via official candidate link.,https://jobs.ashbyhq.com/blockstream/a9070dfb-2176-496f-980b-5e93db52d112,active,scraped
job_scraped_486ecca620,2026-09-04T15:14:07.841048Z,2026-09-06T21:22:10.962053Z,"Senior Manager, Client Lead",Blockstream,Lugano,remote,Full-time,Lead,,,,,USD,Engineering / Development,Engineering,,Engineering,Direct opportunity at Blockstream. Apply directly via official candidate link.,https://jobs.ashbyhq.com/blockstream/17b9025f-66b7-4331-a0a0-a7f0c93be132,active,scraped
job_scraped_c4d2e129c2,2026-09-04T15:14:07.841048Z,2026-09-06T21:22:10.962053Z,Senior Project Manager Delivery,Blockstream,Geneva,remote,Full-time,Senior,,,,,USD,Engineering / Development,Engineering,,Engineering,Direct opportunity at Blockstream. Apply directly via official candidate link.,https://jobs.ashbyhq.com/blockstream/643e12ae-dced-46aa-bdb9-c91ee58a1353,active,scraped
job_scraped_dedb18c11a,2026-09-04T15:14:07.841048Z,2026-09-06T21:22:10.962053Z,"Senior Project Manager, Delivery",Blockstream,Zurich,remote,Full-time,Senior,,,,,USD,Engineering / Development,Engineering,,Engineering,Direct opportunity at Blockstream. Apply directly via official candidate link.,https://jobs.ashbyhq.com/blockstream/92804594-5d60-44ed-8154-6b8d87229fc7,active,scraped
job_scraped_364ed7eeaa,2026-09-04T15:14:07.841048Z,2026-09-06T21:22:10.962053Z,"Software Engineer, Blockchain & Distributed Systems",Blockstream,Lugano,remote,Full-time,Mid-Level,,,,,USD,Engineering / Development,Engineering,,Engineering,Direct opportunity at Blockstream. Apply directly via official candidate link.,https://jobs.ashbyhq.com/blockstream/c9b689fc-cb3a-41c3-a465-11169d251326,active,scraped
job_scraped_4012036265,2026-09-04T15:14:07.841048Z,2026-09-06T21:22:10.962053Z,Solutions Architect,Blockstream,Zurich,remote,Full-time,Mid-Level,,,,,USD,Engineering / Development,Engineering,,Engineering,Direct opportunity at Blockstream. Apply directly via official candidate link.,https://jobs.ashbyhq.com/blockstream/702c6c65-c38d-4c80-98e9-a4e42afddc1b,active,scraped
job_scraped_c2ecefc949,2026-09-04T15:14:07.841048Z,2026-09-06T21:22:10.962053Z,Accounts Payable & Staff Accountant,Blockstream,Montreal,remote,Full-time,Lead,,,,,USD,Engineering / Development,Engineering,,Engineering,Direct opportunity at Blockstream. Apply directly via official candidate link.,https://jobs.ashbyhq.com/blockstream/a25901c4-5037-4d2c-a668-fdc3970cf532,active,scraped
job_scraped_2ca93619b4,2026-09-04T15:14:07.841048Z,2026-09-06T21:22:10.962053Z,Senior Financial Analyst,Blockstream,Los Angeles,remote,Full-time,Senior,,,,,USD,Research / Economics,Research,,Research,Direct opportunity at Blockstream. Apply directly via official candidate link.,https://jobs.ashbyhq.com/blockstream/c67b714f-7b9c-49c2-aa32-57b5a8a848d8,active,scraped
job_scraped_67f5472c9e,2026-09-04T15:14:07.841048Z,2026-09-06T21:22:10.962053Z,Don't see an open position that fits? Apply Here!,Blockstream,Remote (GH),remote,Full-time,Mid-Level,,,,,USD,Engineering / Development,Engineering,,Engineering,Direct opportunity at Blockstream. Apply directly via official candidate link.,https://jobs.ashbyhq.com/blockstream/2f728cbd-1164-48af-b9fe-4d4665d209df,active,scraped
job_scraped_582938830f,2026-09-04T15:14:07.841048Z,2026-09-06T21:22:10.962053Z,General Counsel,Blockstream,Menlo Park,remote,Full-time,Mid-Level,,,,,USD,Legal / Compliance,Legal,,Legal,Direct opportunity at Blockstream. Apply directly via official candidate link.,https://jobs.ashbyhq.com/blockstream/b2d86bc3-6b4f-44e1-bf52-345039443a85,active,scraped
job_scraped_2ee843bfab,2026-09-04T15:14:07.841048Z,2026-09-06T21:22:10.962053Z,Director of Enterprise Marketing,Blockstream,Menlo Park,remote,Full-time,Mid-Level,,,,,USD,Marketing / PR,Marketing,,Marketing,Direct opportunity at Blockstream. Apply directly via official candidate link.,https://jobs.ashbyhq.com/blockstream/4cb84e26-e733-48c6-9abd-0076fe5fb982,active,scraped
job_scraped_8e22e0d74c,2026-09-04T15:14:07.841048Z,2026-09-06T21:22:10.962053Z,Marketing Content Manager,Blockstream,Remote,remote,Full-time,Mid-Level,,,,,USD,Marketing / PR,Marketing,,Marketing,Direct opportunity at Blockstream. Apply directly via official candidate link.,https://jobs.ashbyhq.com/blockstream/680e9db3-5516-4dc2-993b-0909f32596b3,active,scraped
job_scraped_ef92adb7eb,2026-09-04T15:14:07.841048Z,2026-09-06T21:22:10.962053Z,Marketing Coordinator,Blockstream,Menlo Park,remote,Full-time,Mid-Level,,,,,USD,Marketing / PR,Marketing,,Marketing,Direct opportunity at Blockstream. Apply directly via official candidate link.,https://jobs.ashbyhq.com/blockstream/b2435948-a325-49a7-bada-010c23f9c156,active,scraped
job_scraped_1dd68d1b2a,2026-09-04T15:14:07.841048Z,2026-09-06T21:22:10.962053Z,Office & Workplace Experience Specialist,Blockstream,Lugano,remote,Full-time,Mid-Level,,,,,USD,Engineering / Development,Engineering,,Engineering,Direct opportunity at Blockstream. Apply directly via official candidate link.,https://jobs.ashbyhq.com/blockstream/9783fea5-976e-40a0-b4a0-dd8f2c210006,active,scraped
job_scraped_fb929eb938,2026-09-04T15:14:07.841048Z,2026-09-06T21:22:10.962053Z,People Operations Specialist EMEA,Blockstream,Lugano,remote,Full-time,Mid-Level,,,,,USD,Operations / Strategy,Operations,,Operations,Direct opportunity at Blockstream. Apply directly via official candidate link.,https://jobs.ashbyhq.com/blockstream/5d2d7b16-9f47-4242-9082-6b8ab246f3c1,active,scraped
job_scraped_41b0ee221a,2026-09-04T15:14:07.841048Z,2026-09-06T21:22:10.962053Z,"Senior Technical Recruiter, EMEA",Blockstream,Lugano,remote,Full-time,Senior,,,,,USD,HR / Recruiting,HR,,HR,Direct opportunity at Blockstream. Apply directly via official candidate link.,https://jobs.ashbyhq.com/blockstream/d3bb6783-13d8-494d-9f31-1cc8d3403f0a,active,scraped
job_scraped_4d37868508,2026-09-04T15:14:07.841048Z,2026-09-06T21:22:10.962053Z,Brand Design Manager,Blockstream,Menlo Park,remote,Full-time,Mid-Level,,,,,USD,Engineering / Development,Engineering,,Engineering,Direct opportunity at Blockstream. Apply directly via official candidate link.,https://jobs.ashbyhq.com/blockstream/a8c50ba9-5dbf-46c2-9a44-fd69628b269c,active,scraped
job_scraped_22a389bdbe,2026-09-04T15:14:07.841048Z,2026-09-06T21:22:10.962053Z,"Senior Product Manager, Enterprise",Blockstream,Remote,remote,Full-time,Senior,,,,,USD,Product Management,Product Management,,Product Management,Direct opportunity at Blockstream. Apply directly via official candidate link.,https://jobs.ashbyhq.com/blockstream/db997f96-5bb3-4597-a841-9273ab664d78,active,scraped
job_scraped_93387ce92f,2026-09-04T15:14:07.841048Z,2026-09-06T21:22:10.962053Z,Rust-Simplicity Maintainer,Blockstream,Remote,remote,Full-time,Mid-Level,,,,,USD,Smart Contracts / Auditing,Rust,,Rust,Direct opportunity at Blockstream. Apply directly via official candidate link.,https://jobs.ashbyhq.com/blockstream/6d5c33ed-e473-4e1f-a19e-cde337d66eaa,active,scraped
job_scraped_45678ee9da,2026-09-04T15:14:07.841048Z,2026-09-06T21:22:10.962053Z,"Senior Software Engineer, Backend (Money Movement)",Phantom,Remote,remote,Full-time,Senior,,,,,USD,Engineering / Development,Engineering,,Engineering,Direct opportunity at Phantom. Apply directly via official candidate link.,https://jobs.ashbyhq.com/phantom/01acfd54-49c2-4913-a968-fc70fcf61e12,active,scraped
job_scraped_fa6a18a0b6,2026-09-04T15:14:07.841048Z,2026-09-06T21:22:10.962053Z,"Senior Software Engineer, Frontend",Phantom,Remote,remote,Full-time,Senior,,,,,USD,Engineering / Development,Engineering,,Engineering,Direct opportunity at Phantom. Apply directly via official candidate link.,https://jobs.ashbyhq.com/phantom/e7b83c02-55c2-4037-9209-93deb3b7492c,active,scraped
job_scraped_37fc52f176,2026-09-04T15:14:07.841048Z,2026-09-06T21:22:10.962053Z,"Software Engineer, Backend (Trading)",Phantom,Remote,remote,Full-time,Mid-Level,,,,,USD,Engineering / Development,Trading,,Trading,Direct opportunity at Phantom. Apply directly via official candidate link.,https://jobs.ashbyhq.com/phantom/d8ee7f59-0f80-437f-908e-bfe603cb078a,active,scraped
job_scraped_0c2f1069ea,2026-09-04T15:14:07.841048Z,2026-09-06T21:22:10.962053Z,"Software Engineer, Frontend / Full Stack (Identity Platform)",Phantom,Remote,remote,Full-time,Mid-Level,,,,,USD,Engineering / Development,Engineering,,Engineering,Direct opportunity at Phantom. Apply directly via official candidate link.,https://jobs.ashbyhq.com/phantom/be5a838e-a6f4-4d99-be08-e6419a857289,active,scraped
job_scraped_3252688c34,2026-09-04T15:14:07.841048Z,2026-09-06T21:22:10.962053Z,"Software Engineer, Frontend / Full Stack (Trading)",Phantom,Remote,remote,Full-time,Mid-Level,,,,,USD,Engineering / Development,Trading,,Trading,Direct opportunity at Phantom. Apply directly via official candidate link.,https://jobs.ashbyhq.com/phantom/e213be58-ba98-486d-93bc-a7716f33003e,active,scraped
job_scraped_c8fbae65a5,2026-09-04T15:14:07.841048Z,2026-09-06T21:22:10.962053Z,Staff Software Engineer (SRE),Phantom,Remote,remote,Full-time,Lead,,,,,USD,Engineering / Development,Engineering,,Engineering,Direct opportunity at Phantom. Apply directly via official candidate link.,https://jobs.ashbyhq.com/phantom/d480082b-a446-40fb-be24-f364c07ef8a9,active,scraped
job_scraped_aaf7f46185,2026-09-04T15:14:07.841048Z,2026-09-06T21:22:10.962053Z,DeFi Researcher,Paxoslabs,In-Person or Remote | NYC Preferred,remote,Full-time,Mid-Level,,,,,USD,Research / Economics,Research,,Research,Direct opportunity at Paxoslabs. Apply directly via official candidate link.,https://jobs.ashbyhq.com/paxoslabs/affdb43c-5a07-4964-ba97-049eb7bfcdd5,active,scraped
job_scraped_38e622cd6c,2026-09-04T15:14:07.841048Z,2026-09-06T21:22:10.962053Z,Fullstack Product Engineer,Paxoslabs,In-Person NYC,remote,Full-time,Mid-Level,,,,,USD,Engineering / Development,Product Management,,Product Management,Direct opportunity at Paxoslabs. Apply directly via official candidate link.,https://jobs.ashbyhq.com/paxoslabs/5caa6fbf-3f7c-4b67-88cf-653db51fdf2b,active,scraped
job_scraped_8b7b780209,2026-09-04T15:14:07.841048Z,2026-09-06T21:22:10.962053Z,Lead Security Engineer,Paxoslabs,In-Person NYC,remote,Full-time,Lead,,,,,USD,Engineering / Development,Engineering,,Engineering,Direct opportunity at Paxoslabs. Apply directly via official candidate link.,https://jobs.ashbyhq.com/paxoslabs/ad5179f9-c859-43bb-a7d3-2ab8ef8c9884,active,scraped
job_scraped_a41cb541f5,2026-09-04T15:14:07.841048Z,2026-09-06T21:22:10.962053Z,Smart Contract Engineer,Paxoslabs,In-Person or Remote | NYC Preferred,remote,Full-time,Mid-Level,,,,,USD,Smart Contracts / Auditing,Smart Contracts,,Smart Contracts,Direct opportunity at Paxoslabs. Apply directly via official candidate link.,https://jobs.ashbyhq.com/paxoslabs/c898bc47-a0c7-49c4-9d89-5953b88e16e2,active,scraped
job_scraped_774f5e9f69,2026-09-04T15:14:07.841048Z,2026-09-06T21:22:10.962053Z,3D Motion & Marketing Designer,Paxoslabs,US - Remote,remote,Full-time,Mid-Level,,,,,USD,Design / UI / UX,Marketing,,Marketing,Direct opportunity at Paxoslabs. Apply directly via official candidate link.,https://jobs.ashbyhq.com/paxoslabs/3b8a5eb3-597d-4ba4-a3db-a6805741c924,active,scraped
job_scraped_e23462c2fe,2026-09-04T15:14:07.841048Z,2026-09-06T21:22:10.962053Z,Content & Social Manager,Paxoslabs,SF Bay Area,remote,Full-time,Mid-Level,,,,,USD,Marketing / PR,Marketing,,Marketing,Direct opportunity at Paxoslabs. Apply directly via official candidate link.,https://jobs.ashbyhq.com/paxoslabs/409a0ba3-f6f1-42fc-afbc-f80efe0a4fb2,active,scraped
job_scraped_848465b35c,2026-09-04T15:14:07.841048Z,2026-09-06T21:22:10.962053Z,"Senior Engineering Manager, Dev Tools",Nomic.foundation,EMEA; Americas,remote,Full-time,Senior,,,,,USD,Engineering / Development,Engineering,,Engineering,Direct opportunity at Nomic.foundation. Apply directly via official candidate link.,https://jobs.ashbyhq.com/nomic.foundation/3eb38f38-9fdc-40fc-964d-be4c7312ca04,active,scraped
job_scraped_89e3b8562e,2026-09-04T15:14:07.841048Z,2026-09-06T21:22:10.962053Z,Senior Technical Product Manager,Nomic.foundation,EMEA; Americas,remote,Full-time,Senior,,,,,USD,Product Management,Product Management,,Product Management,Direct opportunity at Nomic.foundation. Apply directly via official candidate link.,https://jobs.ashbyhq.com/nomic.foundation/091981e1-a6d9-456f-8e9d-5af1d3a4236d,active,scraped
job_scraped_e81ca9b03c,2026-09-04T15:14:07.841048Z,2026-09-06T21:22:10.962053Z,Backend Engineer - Card Transaction Processing,Ether-fi,New York; Cayman; Denver,remote,Full-time,Mid-Level,,,,,USD,Engineering / Development,Engineering,,Engineering,Direct opportunity at Ether-fi. Apply directly via official candidate link.,https://jobs.ashbyhq.com/ether.fi/d273dd53-48a2-4e6d-9cb3-e3c1b383b049,active,scraped
job_scraped_3ed0ada77c,2026-09-04T15:14:07.841048Z,2026-09-06T21:22:10.962053Z,Fraud Engineer (Scam Hunter),Ether-fi,New York,remote,Full-time,Mid-Level,,,,,USD,Engineering / Development,Engineering,,Engineering,Direct opportunity at Ether-fi. Apply directly via official candidate link.,https://jobs.ashbyhq.com/ether.fi/136fc01e-1cc2-4d58-9cb7-e1ea85f99805,active,scraped
job_scraped_8efb047803,2026-09-04T15:14:07.841048Z,2026-09-06T21:22:10.962053Z,Front End Engineer,Ether-fi,New York; Cayman; Denver,remote,Full-time,Mid-Level,,,,,USD,Engineering / Development,Engineering,,Engineering,Direct opportunity at Ether-fi. Apply directly via official candidate link.,https://jobs.ashbyhq.com/ether.fi/57fd6a2d-abc8-426b-9c0c-89487a2a29c9,active,scraped
job_scraped_8b7b30ec00,2026-09-04T15:14:07.841048Z,2026-09-06T21:22:10.962053Z,Security Engineer,Ether-fi,Cayman; Denver; New York,remote,Full-time,Mid-Level,,,,,USD,Engineering / Development,Engineering,,Engineering,Direct opportunity at Ether-fi. Apply directly via official candidate link.,https://jobs.ashbyhq.com/ether.fi/64b9a6e8-9173-4551-a229-d25b28b9d081,active,scraped
job_scraped_d709442664,2026-09-04T15:14:07.841048Z,2026-09-06T21:22:10.962053Z,Senior Full Stack Software Engineer,Ether-fi,New York; Cayman; Denver,remote,Full-time,Senior,,,,,USD,Engineering / Development,Engineering,,Engineering,Direct opportunity at Ether-fi. Apply directly via official candidate link.,https://jobs.ashbyhq.com/ether.fi/187143a7-922b-4622-a0d2-e5b6f4b59e4c,active,scraped
job_scraped_e0286ce288,2026-09-04T15:14:07.841048Z,2026-09-06T21:22:10.962053Z,Senior Software Engineer - Backend,Ether-fi,New York; Cayman; Denver,remote,Full-time,Senior,,,,,USD,Engineering / Development,Engineering,,Engineering,Direct opportunity at Ether-fi. Apply directly via official candidate link.,https://jobs.ashbyhq.com/ether.fi/ad7d37b7-b4f2-462f-8fb9-fa5f54b2b2b1,active,scraped
job_scraped_6194961120,2026-09-04T15:14:07.841048Z,2026-09-06T21:22:10.962053Z,Smart Contract Engineer,Ether-fi,Cayman; Denver; New York,remote,Full-time,Mid-Level,,,,,USD,Smart Contracts / Auditing,Smart Contracts,,Smart Contracts,Direct opportunity at Ether-fi. Apply directly via official candidate link.,https://jobs.ashbyhq.com/ether.fi/1de21faf-5280-4565-9d81-eb8d21f0e0a3,active,scraped
job_scraped_40ebb5ef4b,2026-09-04T15:14:07.841048Z,2026-09-06T21:22:10.962053Z,Smart Contract Lead,Ether-fi,New York; Cayman; Denver; Dubai,remote,Full-time,Lead,,,,,USD,Smart Contracts / Auditing,Smart Contracts,,Smart Contracts,Direct opportunity at Ether-fi. Apply directly via official candidate link.,https://jobs.ashbyhq.com/ether.fi/135a1e14-242b-4100-9903-68e1d70d6368,active,scraped
job_scraped_293df4dccc,2026-09-04T15:14:07.841048Z,2026-09-06T21:22:10.962053Z,KYC Analyst – Ether.fi Cash Program,Ether-fi,Cayman; Denver; New York,remote,Full-time,Mid-Level,,,,,USD,Legal / Compliance,Legal,,Legal,Direct opportunity at Ether-fi. Apply directly via official candidate link.,https://jobs.ashbyhq.com/ether.fi/b118b99a-98c7-4823-a3be-e46208a54b14,active,scraped
job_scraped_64857aa162,2026-09-04T15:14:07.841048Z,2026-09-06T21:22:10.962053Z,Customer Service Representative,Ether-fi,Cayman; Denver; New York,remote,Full-time,Mid-Level,,,,,USD,Engineering / Development,Engineering,,Engineering,Direct opportunity at Ether-fi. Apply directly via official candidate link.,https://jobs.ashbyhq.com/ether.fi/6eb1e350-71ce-47f7-a363-3fa3c521dacb,active,scraped
job_scraped_2a59c09b6c,2026-09-04T15:14:07.841048Z,2026-09-06T21:22:10.962053Z,Data Engineer,Luxor,"Worldwide, Remote; Argentina, Remote; Brazil, Remote; Mexico, Remote; Philippines, Remote; Uruguay, Remote",remote,Full-time,Mid-Level,,,,,USD,Engineering / Development,Engineering,,Engineering,Direct opportunity at Luxor. Apply directly via official candidate link.,https://jobs.ashbyhq.com/luxor/710287ed-5596-47a1-b0bc-3fb44ba720b0,active,scraped
job_scraped_6264be6833,2026-09-04T15:14:07.841048Z,2026-09-06T21:22:10.962053Z,Golang Engineer: Cloud Platform,Luxor,"Philippines, Remote; APAC, Remote; LATAM, Remote",remote,Full-time,Mid-Level,,,,,USD,Engineering / Development,Go,,Go,Direct opportunity at Luxor. Apply directly via official candidate link.,https://jobs.ashbyhq.com/luxor/b2b27de6-07ce-4832-abaf-e00d83b2dc93,active,scraped
job_scraped_9cea3d243f,2026-09-04T15:14:07.841048Z,2026-09-06T21:22:10.962053Z,Boys Club - Content Project Manager,Polygon,USA - Remote,remote,Full-time,Mid-Level,,,,,USD,Marketing / PR,Marketing,,Marketing,Direct opportunity at Polygon. Apply directly via official candidate link.,https://jobs.ashbyhq.com/polygon-labs/bd8cd97a-4eed-468e-b87f-4cac59e5c6c2,active,scraped
job_scraped_5031d1648d,2026-09-04T15:14:07.841048Z,2026-09-06T21:22:10.962053Z,Enterprise Partnerships Lead (Financial Markets),Risklabs,US - Remote,remote,Full-time,Lead,,,,,USD,Sales / Business Development,Sales,,Sales,Direct opportunity at Risklabs. Apply directly via official candidate link.,https://jobs.ashbyhq.com/risklabs/08e0c4c0-8e4f-4489-b98b-6b746f1c6546,active,scraped
job_scraped_f96a9452b8,2026-09-04T15:14:07.841048Z,2026-09-06T21:22:10.962053Z,Growth Owner - Partnerships,Cryptio,New York,remote,Full-time,Mid-Level,,,,,USD,Sales / Business Development,Sales,,Sales,Direct opportunity at Cryptio. Apply directly via official candidate link.,https://jobs.ashbyhq.com/cryptio/da41b495-db0d-4b57-8062-72f2e94ae07c,active,scraped
job_scraped_990a02f064,2026-09-04T15:14:07.841048Z,2026-09-06T21:22:10.962053Z,Senior Infrastructure Security Engineer,Matterlabs,US,remote,Full-time,Senior,,,,,USD,Engineering / Development,Engineering,,Engineering,Direct opportunity at Matterlabs. Apply directly via official candidate link.,https://jobs.ashbyhq.com/matter-labs/c193ea99-6a1d-4b4a-845d-5ae69816076d,active,scraped
job_scraped_2a6638a810,2026-09-04T15:14:07.841048Z,2026-09-06T21:22:10.962053Z,Backend Software Engineer - Incubations,Seilabs,New York City,remote,Full-time,Mid-Level,,,,,USD,Engineering / Development,Engineering,,Engineering,Direct opportunity at Seilabs. Apply directly via official candidate link.,https://jobs.ashbyhq.com/sei-labs/0111566c-1da6-432b-b813-f5b0a12bdcf0,active,scraped
job_scraped_64d404aad0,2026-09-04T15:14:07.841048Z,2026-09-06T21:22:10.962053Z,Fullstack Software Engineer - Incubations,Seilabs,New York City,remote,Full-time,Mid-Level,,,,,USD,Engineering / Development,Engineering,,Engineering,Direct opportunity at Seilabs. Apply directly via official candidate link.,https://jobs.ashbyhq.com/sei-labs/4b01c2d8-1c06-4976-b2dc-f9a955e30beb,active,scraped
job_scraped_490cb17ee3,2026-09-04T15:14:07.841048Z,2026-09-06T21:22:10.962053Z,Protocol Software Engineer - Consensus,Seilabs,New York City,remote,Full-time,Mid-Level,,,,,USD,Engineering / Development,Engineering,,Engineering,Direct opportunity at Seilabs. Apply directly via official candidate link.,https://jobs.ashbyhq.com/sei-labs/72cd8b10-46a3-4eff-a7ec-209843640ecc,active,scraped
job_scraped_d349d16123,2026-09-04T15:14:07.841048Z,2026-09-06T21:22:10.962053Z,Protocol Software Engineer - Storage,Seilabs,New York City,remote,Full-time,Mid-Level,,,,,USD,Engineering / Development,Engineering,,Engineering,Direct opportunity at Seilabs. Apply directly via official candidate link.,https://jobs.ashbyhq.com/sei-labs/765a0eca-f868-4ed2-a1ac-98911e1e2b7b,active,scraped
job_scraped_4d4bfe072d,2026-09-04T15:14:07.841048Z,2026-09-06T21:22:10.962053Z,Senior / Staff Engineer - Platform,Seilabs,New York City; Remote / San Francisco,remote,Full-time,Lead,,,,,USD,Engineering / Development,Engineering,,Engineering,Direct opportunity at Seilabs. Apply directly via official candidate link.,https://jobs.ashbyhq.com/sei-labs/e2745342-440d-4303-9ecf-4b0f10627afb,active,scraped
job_scraped_144751b92f,2026-09-04T15:14:07.841048Z,2026-09-06T21:22:10.962053Z,Sr. Software Engineer - Trading Infrastructure,Seilabs,New York City,remote,Full-time,Senior,,,,,USD,Engineering / Development,Trading,,Trading,Direct opportunity at Seilabs. Apply directly via official candidate link.,https://jobs.ashbyhq.com/sei-labs/7ff2c817-db4b-43c4-8d96-7cb2f0a57f3a,active,scraped
job_scraped_ecd26145ad,2026-09-04T15:14:07.841048Z,2026-09-06T21:22:10.962053Z,Open Application,Orca,Remote,remote,Full-time,Mid-Level,,,,,USD,Engineering / Development,Engineering,,Engineering,Direct opportunity at Orca. Apply directly via official candidate link.,https://jobs.ashbyhq.com/orca/67824dda-de40-448e-ba76-87ed4e06d05f,active,scraped
job_scraped_52101a7c6f,2026-09-04T15:14:07.841048Z,2026-09-06T21:22:10.962053Z,General Application,Succinct,San Francisco (Preferred),remote,Full-time,Mid-Level,,,,,USD,Engineering / Development,Engineering,,Engineering,Direct opportunity at Succinct. Apply directly via official candidate link.,https://jobs.ashbyhq.com/succinct/6f3cc325-7d8f-4103-942f-3725c69981b5,active,scraped
job_scraped_e710814bca,2026-09-04T15:14:07.841048Z,2026-09-06T21:22:10.962053Z,Senior Brand Designer,Uniswaplabs,New York,remote,Full-time,Senior,,,,,USD,Design / UI / UX,Design,,Design,Direct opportunity at Uniswaplabs. Apply directly via official candidate link.,https://jobs.ashbyhq.com/uniswap/a676396a-9cfe-4c88-8bf3-7a9a09e9e4a5,active,scraped
job_scraped_f61a68a221,2026-09-04T15:14:07.841048Z,2026-09-06T21:22:10.962053Z,Senior Backend Engineer,Uniswaplabs,New York,remote,Full-time,Senior,,,,,USD,Engineering / Development,Engineering,,Engineering,Direct opportunity at Uniswaplabs. Apply directly via official candidate link.,https://jobs.ashbyhq.com/uniswap/cfd492ff-dd07-432a-84b8-8aef0e8984ec,active,scraped
job_scraped_a127dd92b4,2026-09-04T15:14:07.841048Z,2026-09-06T21:22:10.962053Z,"Senior Backend Engineer, Platform",Uniswaplabs,New York,remote,Full-time,Senior,,,,,USD,Engineering / Development,Engineering,,Engineering,Direct opportunity at Uniswaplabs. Apply directly via official candidate link.,https://jobs.ashbyhq.com/uniswap/f475ea4a-b8be-442a-b8e2-9a6003d1a51a,active,scraped
job_scraped_7447b901cb,2026-09-04T15:14:07.841048Z,2026-09-06T21:22:10.962053Z,Senior Frontend Infrastructure Engineer,Uniswaplabs,New York,remote,Full-time,Senior,,,,,USD,Engineering / Development,Engineering,,Engineering,Direct opportunity at Uniswaplabs. Apply directly via official candidate link.,https://jobs.ashbyhq.com/uniswap/c9fe612e-7c29-47a4-b2a3-2a9d1185f5ef,active,scraped
job_scraped_36472dbeaf,2026-09-04T15:14:07.841048Z,2026-09-06T21:22:10.962053Z,Senior Smart Contract Engineer,Uniswaplabs,New York,remote,Full-time,Senior,,,,,USD,Smart Contracts / Auditing,Smart Contracts,,Smart Contracts,Direct opportunity at Uniswaplabs. Apply directly via official candidate link.,https://jobs.ashbyhq.com/uniswap/9a047e27-54dd-44df-9c0c-4ca6bc2d57bf,active,scraped
job_scraped_c3a08cb0b2,2026-09-04T15:14:07.841048Z,2026-09-06T21:22:10.962053Z,Staff Backend Engineer,Uniswaplabs,New York,remote,Full-time,Lead,,,,,USD,Engineering / Development,Engineering,,Engineering,Direct opportunity at Uniswaplabs. Apply directly via official candidate link.,https://jobs.ashbyhq.com/uniswap/f1dab839-ecb6-4061-b475-b5d8cf264adb,active,scraped
job_scraped_b9a3b050d3,2026-09-04T15:14:07.841048Z,2026-09-06T21:22:10.962053Z,Senior Software Engineer,Bastion,New York City,remote,Full-time,Senior,,,,,USD,Engineering / Development,Engineering,,Engineering,Direct opportunity at Bastion. Apply directly via official candidate link.,https://jobs.ashbyhq.com/Bastion/fc523fc6-78a4-4f02-807f-de5218f593e3,active,scraped
job_scraped_fe17279f6d,2026-09-04T15:14:07.841048Z,2026-09-06T21:22:10.962053Z,Talent Network,Bastion,US Remote,remote,Full-time,Mid-Level,,,,,USD,HR / Recruiting,HR,,HR,Direct opportunity at Bastion. Apply directly via official candidate link.,https://jobs.ashbyhq.com/Bastion/c8370c4d-34cb-422a-a4a3-566620270f25,active,scraped
job_scraped_cf053e7ed5,2026-09-04T15:14:07.841048Z,2026-09-06T21:22:10.962053Z,The WildCard,Dourolabs,Worldwide - Remote,remote,Full-time,Mid-Level,,,,,USD,Engineering / Development,Engineering,,Engineering,Direct opportunity at Dourolabs. Apply directly via official candidate link.,https://jobs.ashbyhq.com/dourolabs.xyz/2fb41cbd-cec9-4e81-9b2f-d7bcc01abe9e,active,scraped
job_scraped_1f153c8b9b,2026-09-04T15:14:07.841048Z,2026-09-06T21:22:10.962053Z,Financial Crimes & Risk Data Analyst,Rain,District of Columbia,remote,Full-time,Mid-Level,,,,,USD,Research / Economics,Research,,Research,Direct opportunity at Rain. Apply directly via official candidate link.,https://jobs.ashbyhq.com/rain/acfe80ba-5983-4d35-9375-870b1f906acf,active,scraped
job_scraped_5aaf74c2df,2026-09-04T15:14:07.841048Z,2026-09-06T21:22:10.962053Z,Regulatory & Security Compliance Manager,Rain,"New York, NY",remote,Full-time,Mid-Level,,,,,USD,Legal / Compliance,Compliance,,Compliance,Direct opportunity at Rain. Apply directly via official candidate link.,https://jobs.ashbyhq.com/rain/a2c15a82-971e-4b96-88ce-36ce468cd18a,active,scraped
job_scraped_2d3ac377bf,2026-09-04T15:14:07.841048Z,2026-09-06T21:22:10.962053Z,Backend Engineer,Rain,"New York, NY",remote,Full-time,Mid-Level,,,,,USD,Engineering / Development,Engineering,,Engineering,Direct opportunity at Rain. Apply directly via official candidate link.,https://jobs.ashbyhq.com/rain/482b165f-2ef9-41ff-8b88-87e7e6714dc8,active,scraped
job_scraped_6133aee331,2026-09-04T15:14:07.841048Z,2026-09-06T21:22:10.962053Z,"Backend Engineer, AI",Rain,"New York, NY",remote,Full-time,Mid-Level,,,,,USD,Engineering / Development,Engineering,,Engineering,Direct opportunity at Rain. Apply directly via official candidate link.,https://jobs.ashbyhq.com/rain/2cef52c3-cd7a-42f2-9d86-3f13185ef205,active,scraped
job_scraped_7ae400adcd,2026-09-04T15:14:07.841048Z,2026-09-06T21:22:10.962053Z,CISO,Rain,"New York, NY",remote,Full-time,Mid-Level,,,,,USD,Engineering / Development,Engineering,,Engineering,Direct opportunity at Rain. Apply directly via official candidate link.,https://jobs.ashbyhq.com/rain/bfefd59a-0f27-4201-ade3-31a8d184de40,active,scraped
job_scraped_b0153e96fa,2026-09-04T15:14:07.841048Z,2026-09-06T21:22:10.962053Z,Customer Engineering Lead,Rain,"New York, NY",remote,Full-time,Lead,,,,,USD,Engineering / Development,Engineering,,Engineering,Direct opportunity at Rain. Apply directly via official candidate link.,https://jobs.ashbyhq.com/rain/9d2ee27c-8b19-48ac-b595-a01860eda697,active,scraped
job_scraped_af6c7494b1,2026-09-04T15:14:07.841048Z,2026-09-06T21:22:10.962053Z,Forward Deployed Engineer,Rain,"New York, NY",remote,Full-time,Mid-Level,,,,,USD,Engineering / Development,Engineering,,Engineering,Direct opportunity at Rain. Apply directly via official candidate link.,https://jobs.ashbyhq.com/rain/c058e0d1-b1a0-4cf2-bad4-f4f6dae455a5,active,scraped
job_scraped_13af7154d0,2026-09-04T15:14:07.841048Z,2026-09-06T21:22:10.962053Z,iOS Engineer,Rain,"New York, NY",remote,Full-time,Mid-Level,,,,,USD,Engineering / Development,Engineering,,Engineering,Direct opportunity at Rain. Apply directly via official candidate link.,https://jobs.ashbyhq.com/rain/58462619-2bbd-46d8-9ab3-92b2ba2b61d2,active,scraped
job_scraped_a0231afc17,2026-09-04T15:14:07.841048Z,2026-09-06T21:22:10.962053Z,Machine Learning Engineer - Fraud Risk,Rain,"New York, NY",remote,Full-time,Mid-Level,,,,,USD,Engineering / Development,Engineering,,Engineering,Direct opportunity at Rain. Apply directly via official candidate link.,https://jobs.ashbyhq.com/rain/21bbb841-fe8c-41e3-abde-da66086e08f0,active,scraped
job_scraped_6358697f35,2026-09-04T15:14:07.841048Z,2026-09-06T21:22:10.962053Z,Security Engineer,Rain,"New York, NY",remote,Full-time,Mid-Level,,,,,USD,Engineering / Development,Engineering,,Engineering,Direct opportunity at Rain. Apply directly via official candidate link.,https://jobs.ashbyhq.com/rain/9044a08f-f19b-47fe-a2cd-791f0675434d,active,scraped
job_scraped_59762600ab,2026-09-04T15:14:07.841048Z,2026-09-06T21:22:10.962053Z,Software Engineer - Compliance,Rain,"New York, NY",remote,Full-time,Mid-Level,,,,,USD,Engineering / Development,Compliance,,Compliance,Direct opportunity at Rain. Apply directly via official candidate link.,https://jobs.ashbyhq.com/rain/7b63374b-f45b-4bcb-8006-a37a2a971f12,active,scraped
job_scraped_529f7cc649,2026-09-04T15:14:07.841048Z,2026-09-06T21:22:10.962053Z,Software Engineer - EVM,Rain,"New York, NY; Remote",remote,Full-time,Mid-Level,,,,,USD,Smart Contracts / Auditing,EVM,,EVM,Direct opportunity at Rain. Apply directly via official candidate link.,https://jobs.ashbyhq.com/rain/2e5bcf13-fadd-4b4f-a079-1535b9615aa5,active,scraped
job_scraped_3aae281765,2026-09-04T15:14:07.841048Z,2026-09-06T21:22:10.962053Z,Software Engineer - Solana,Rain,"New York, NY; Remote",remote,Full-time,Mid-Level,,,,,USD,Engineering / Development,Solana,,Solana,Direct opportunity at Rain. Apply directly via official candidate link.,https://jobs.ashbyhq.com/rain/71212e62-8e54-43db-b2ba-a02b9a91b607,active,scraped
job_scraped_d869cae0e4,2026-09-04T15:14:07.841048Z,2026-09-06T21:22:10.962053Z,Software Engineer - Stellar,Rain,"New York, NY; Remote",remote,Full-time,Mid-Level,,,,,USD,Engineering / Development,Engineering,,Engineering,Direct opportunity at Rain. Apply directly via official candidate link.,https://jobs.ashbyhq.com/rain/3245e266-c1d2-40b2-bc25-588368d833bd,active,scraped
job_scraped_d8773c7f28,2026-09-04T15:14:07.841048Z,2026-09-06T21:22:10.962053Z,Solutions Engineer,Rain,"New York, NY",remote,Full-time,Mid-Level,,,,,USD,Engineering / Development,Engineering,,Engineering,Direct opportunity at Rain. Apply directly via official candidate link.,https://jobs.ashbyhq.com/rain/72a6f4e7-d40d-4c0f-9d83-7f5fc1856e49,active,scraped
job_scraped_c6bbd0e715,2026-09-04T15:14:07.841048Z,2026-09-06T21:22:10.962053Z,Senior Accountant,Rain,"Remote; New York, NY",remote,Full-time,Senior,,,,,USD,Engineering / Development,Engineering,,Engineering,Direct opportunity at Rain. Apply directly via official candidate link.,https://jobs.ashbyhq.com/rain/a643374e-3e3e-4bd4-9408-2a5d5817a91b,active,scraped
job_scraped_f5e63f81bf,2026-09-04T15:14:07.841048Z,2026-09-06T21:22:10.962053Z,Pitch your own role!,Rain,"New York, NY",remote,Full-time,Mid-Level,,,,,USD,Engineering / Development,Engineering,,Engineering,Direct opportunity at Rain. Apply directly via official candidate link.,https://jobs.ashbyhq.com/rain/089a847f-4985-4c18-80d3-7d46e73acdd4,active,scraped
job_scraped_2ec54df4e8,2026-09-04T15:14:07.841048Z,2026-09-06T21:22:10.962053Z,"Director, Financial Patnerships",Rain,"New York, NY",remote,Full-time,Mid-Level,,,,,USD,Executive / Leadership,Executive,,Executive,Direct opportunity at Rain. Apply directly via official candidate link.,https://jobs.ashbyhq.com/rain/6354380b-0370-48e0-9639-bd1427e8de56,active,scraped
job_scraped_ddd2768dfd,2026-09-04T15:14:07.841048Z,2026-09-06T21:22:10.962053Z,Senior Director of Sales,Rain,"New York, NY",remote,Full-time,Senior,,,,,USD,Sales / Business Development,Sales,,Sales,Direct opportunity at Rain. Apply directly via official candidate link.,https://jobs.ashbyhq.com/rain/c7836acc-35b7-45bc-8d65-6a1bc12f6e4a,active,scraped
job_scraped_398bd5bfd4,2026-09-04T15:14:07.841048Z,2026-09-06T21:22:10.962053Z,Head of Licensing,Rain,District of Columbia; Remote,remote,Full-time,Lead,,,,,USD,Engineering / Development,Engineering,,Engineering,Direct opportunity at Rain. Apply directly via official candidate link.,https://jobs.ashbyhq.com/rain/91d393e1-b534-4264-a515-e4a368697124,active,scraped
job_scraped_5de5eda039,2026-09-04T15:14:07.841048Z,2026-09-06T21:22:10.962053Z,Marketing Manager LATAM,Rain,Latin America,remote,Full-time,Mid-Level,,,,,USD,Marketing / PR,Marketing,,Marketing,Direct opportunity at Rain. Apply directly via official candidate link.,https://jobs.ashbyhq.com/rain/209bc01f-ff2d-4390-9f78-47bb5a08cc6c,active,scraped
job_scraped_930046476b,2026-09-04T15:14:07.841048Z,2026-09-06T21:22:10.962053Z,AI Operations Lead,Rain,"New York, NY",remote,Full-time,Lead,,,,,USD,AI / Machine Learning,AI,,AI,Direct opportunity at Rain. Apply directly via official candidate link.,https://jobs.ashbyhq.com/rain/5be1852f-94f0-4225-a81c-75d44c71a7b4,active,scraped
job_scraped_8b74c69e28,2026-09-04T15:14:07.841048Z,2026-09-06T21:22:10.962053Z,Strategy Associate,Rain,"New York, NY",remote,Full-time,Mid-Level,,,,,USD,Engineering / Development,Engineering,,Engineering,Direct opportunity at Rain. Apply directly via official candidate link.,https://jobs.ashbyhq.com/rain/4ca130ae-7475-47e0-a01c-d36c56be8909,active,scraped
job_scraped_a7c816e1d7,2026-09-04T15:14:07.841048Z,2026-09-06T21:22:10.962053Z,People Operations Manager,Rain,"New York, NY",remote,Full-time,Mid-Level,,,,,USD,Operations / Strategy,Operations,,Operations,Direct opportunity at Rain. Apply directly via official candidate link.,https://jobs.ashbyhq.com/rain/6e5050b3-a5f7-4dd8-bdbd-e55e06bbda35,active,scraped
job_scraped_2e0f5d27c2,2026-09-04T15:14:07.841048Z,2026-09-06T21:22:10.962053Z,"Product Manager, Cards",Rain,"New York, NY",remote,Full-time,Mid-Level,,,,,USD,Product Management,Product Management,,Product Management,Direct opportunity at Rain. Apply directly via official candidate link.,https://jobs.ashbyhq.com/rain/95ae1a01-a3a7-4059-847d-e842fa7e13cb,active,scraped
job_scraped_64e2db8d49,2026-09-04T15:14:07.841048Z,2026-09-06T21:22:10.962053Z,Senior Product Data Analyst,Rain,"New York, NY",remote,Full-time,Senior,,,,,USD,Research / Economics,Product Management,,Product Management,Direct opportunity at Rain. Apply directly via official candidate link.,https://jobs.ashbyhq.com/rain/8bd71e0a-0bb1-4b30-baa0-fa7a814b224a,active,scraped
job_scraped_dd9316bc6e,2026-09-04T15:14:07.841048Z,2026-09-06T21:22:10.962053Z,Senior Product Operations Manager,Rain,"New York, NY",remote,Full-time,Senior,,,,,USD,Operations / Strategy,Product Management,,Product Management,Direct opportunity at Rain. Apply directly via official candidate link.,https://jobs.ashbyhq.com/rain/1cce2a69-bd19-4be2-96bc-43a455a88dd3,active,scraped
job_scraped_30d9d6f8ac,2026-09-04T15:14:07.841048Z,2026-09-06T21:22:10.962053Z,"Strategic Partnerships Dealmaker, Walrus",Mystenlabs,USA (Remote); Europe (Remote),remote,Full-time,Mid-Level,,,,,USD,Sales / Business Development,Sales,,Sales,Direct opportunity at Mystenlabs. Apply directly via official candidate link.,https://jobs.ashbyhq.com/mystenlabs/6f742700-d81d-453f-9898-9b7d8efc906e,active,scraped
job_scraped_cc88760a75,2026-09-04T15:14:07.841048Z,2026-09-06T21:22:10.962053Z,General Application,Conduit,San Francisco,remote,Full-time,Mid-Level,,,,,USD,Engineering / Development,Engineering,,Engineering,Direct opportunity at Conduit. Apply directly via official candidate link.,https://jobs.ashbyhq.com/Conduit/6ecee07a-09e4-49bd-9de3-4ff00fd9b601,active,scraped
job_scraped_ac326580c7,2026-09-04T15:14:07.841048Z,2026-09-06T21:22:10.962053Z,Lead Performance Web Engineer,Polymarket,New York; Remote,remote,Full-time,Lead,,,,,USD,Engineering / Development,Engineering,,Engineering,Direct opportunity at Polymarket. Apply directly via official candidate link.,https://jobs.ashbyhq.com/polymarket/a3a5b27e-a3b7-4096-ba62-d78a7bd24013,active,scraped
job_scraped_8a7a5e366e,2026-09-04T15:14:07.841048Z,2026-09-06T21:22:10.962053Z,"Senior Backend Engineer, Exchange Systems",Polymarket,Remote; New York,remote,Full-time,Senior,,,,,USD,Engineering / Development,Engineering,,Engineering,Direct opportunity at Polymarket. Apply directly via official candidate link.,https://jobs.ashbyhq.com/polymarket/face70ab-860c-44c3-bc92-2c9784dd31a1,active,scraped
job_scraped_afc8525b07,2026-09-04T15:14:07.841048Z,2026-09-06T21:22:10.962053Z,"Senior Backend Engineer, Markets Engineering",Polymarket,New York,remote,Full-time,Senior,,,,,USD,Engineering / Development,Engineering,,Engineering,Direct opportunity at Polymarket. Apply directly via official candidate link.,https://jobs.ashbyhq.com/polymarket/9d61fea9-65d6-43f1-a560-6fe819b25abb,active,scraped
job_scraped_94ebec94d3,2026-09-04T15:14:07.841048Z,2026-09-06T21:22:10.962053Z,"Senior Backend Engineer, US Exchange",Polymarket,New York,remote,Full-time,Senior,,,,,USD,Engineering / Development,Engineering,,Engineering,Direct opportunity at Polymarket. Apply directly via official candidate link.,https://jobs.ashbyhq.com/polymarket/27509c31-5cfe-4191-87eb-e993cb500b8a,active,scraped
job_scraped_1b887508b6,2026-09-04T15:14:07.841048Z,2026-09-06T21:22:10.962053Z,"Senior C/C++ Engineer, US Exchange",Polymarket,New York,remote,Full-time,Senior,,,,,USD,Engineering / Development,Engineering,,Engineering,Direct opportunity at Polymarket. Apply directly via official candidate link.,https://jobs.ashbyhq.com/polymarket/81824799-1f27-4210-89a3-278ba1252da2,active,scraped
job_scraped_ba17408c4a,2026-09-04T15:14:07.841048Z,2026-09-06T21:22:10.962053Z,"Senior Software Engineer, Perpetuals",Polymarket,New York; Remote,remote,Full-time,Senior,,,,,USD,Engineering / Development,Engineering,,Engineering,Direct opportunity at Polymarket. Apply directly via official candidate link.,https://jobs.ashbyhq.com/polymarket/2ce7eeb4-e294-40d4-b437-2b6656215245,active,scraped
job_scraped_2ef3927cf2,2026-09-04T15:14:07.841048Z,2026-09-06T21:22:10.962053Z,Senior Web Engineer,Polymarket,New York; Remote,remote,Full-time,Senior,,,,,USD,Engineering / Development,Engineering,,Engineering,Direct opportunity at Polymarket. Apply directly via official candidate link.,https://jobs.ashbyhq.com/polymarket/80a2f94a-2c20-492a-8878-608671bd6c35,active,scraped
job_scraped_c68a376b0f,2026-09-04T15:14:07.841048Z,2026-09-06T21:22:10.962053Z,"Software Engineer, Mission Control",Polymarket,New York,remote,Full-time,Mid-Level,,,,,USD,Engineering / Development,Engineering,,Engineering,Direct opportunity at Polymarket. Apply directly via official candidate link.,https://jobs.ashbyhq.com/polymarket/e353d1bc-9b67-476f-846c-961e1db8c49b,active,scraped
job_scraped_a88a2bd3cc,2026-09-04T15:14:07.841048Z,2026-09-06T21:22:10.962053Z,"Software Engineer, Polymarket US",Polymarket,New York,remote,Full-time,Mid-Level,,,,,USD,Engineering / Development,Engineering,,Engineering,Direct opportunity at Polymarket. Apply directly via official candidate link.,https://jobs.ashbyhq.com/polymarket/16104382-b3a3-4e6d-934e-6d242afbf1c8,active,scraped
job_scraped_ecb9ccd9b3,2026-09-04T15:14:07.841048Z,2026-09-06T21:22:10.962053Z,Staff iOS Engineer,Polymarket,New York; Remote,remote,Full-time,Lead,,,,,USD,Engineering / Development,Engineering,,Engineering,Direct opportunity at Polymarket. Apply directly via official candidate link.,https://jobs.ashbyhq.com/polymarket/e22d45ae-c68d-40d2-997a-1139121fcb6a,active,scraped
job_scraped_47fa2904a4,2026-09-04T15:14:07.841048Z,2026-09-06T21:22:10.962053Z,Institutional Sales Associate,Polymarket,New York,remote,Full-time,Mid-Level,,,,,USD,Sales / Business Development,Sales,,Sales,Direct opportunity at Polymarket. Apply directly via official candidate link.,https://jobs.ashbyhq.com/polymarket/5c5260b4-7e1c-4396-821a-be1c30dd2f5f,active,scraped
job_scraped_f5ecb1f39b,2026-09-04T15:14:07.841048Z,2026-09-06T21:22:10.962053Z,Technical Account Manager,Polymarket,New York,remote,Full-time,Mid-Level,,,,,USD,Engineering / Development,Engineering,,Engineering,Direct opportunity at Polymarket. Apply directly via official candidate link.,https://jobs.ashbyhq.com/polymarket/9d54dede-9ca1-4c3e-a404-270b8e3d523c,active,scraped
job_scraped_8bc966e75d,2026-09-04T15:14:07.841048Z,2026-09-06T21:22:10.962053Z,Regulatory Attorney,Polymarket,New York,remote,Full-time,Mid-Level,,,,,USD,Legal / Compliance,Legal,,Legal,Direct opportunity at Polymarket. Apply directly via official candidate link.,https://jobs.ashbyhq.com/polymarket/67be8a23-e5f3-4701-9e1e-581300ad987b,active,scraped
job_scraped_8c3cb3c80e,2026-09-04T15:14:07.841048Z,2026-09-06T21:22:10.962053Z,Trade Surveillance Analyst,Polymarket,New York,remote,Full-time,Mid-Level,,,,,USD,Research / Economics,Research,,Research,Direct opportunity at Polymarket. Apply directly via official candidate link.,https://jobs.ashbyhq.com/polymarket/82d6403d-a0a0-4032-a666-2bdf4e694687,active,scraped
job_scraped_b5aa9a93c4,2026-09-04T15:14:07.841048Z,2026-09-06T21:22:10.962053Z,Junior Designer (Freelance),Polymarket,New York,remote,Full-time,Junior,,,,,USD,Design / UI / UX,Design,,Design,Direct opportunity at Polymarket. Apply directly via official candidate link.,https://jobs.ashbyhq.com/polymarket/a3c78629-71b3-45ba-bb28-d54b0feb4204,active,scraped
job_scraped_7c4bd2004a,2026-09-04T15:14:07.841048Z,2026-09-06T21:22:10.962053Z,Polymarket 2026 Summer Internship — Marketing & Finance,Polymarket,Remote,remote,Full-time,Student,,,,,USD,Marketing / PR,Marketing,,Marketing,Direct opportunity at Polymarket. Apply directly via official candidate link.,https://jobs.ashbyhq.com/polymarket/9fbf8f68-5f92-434d-a00b-c79f99f5a10e,active,scraped
job_scraped_c3484d6a5a,2026-09-04T15:14:07.841048Z,2026-09-06T21:22:10.962053Z,Retention Strategy Manager,Polymarket,New York,remote,Full-time,Mid-Level,,,,,USD,Engineering / Development,Engineering,,Engineering,Direct opportunity at Polymarket. Apply directly via official candidate link.,https://jobs.ashbyhq.com/polymarket/54122c9f-f0fb-4ef9-9226-f3bea247502a,active,scraped
job_scraped_39883373d8,2026-09-04T15:14:07.841048Z,2026-09-06T21:22:10.962053Z,Control Desk Operator/Analyst,Polymarket,Remote,remote,Full-time,Mid-Level,,,,,USD,Research / Economics,Research,,Research,Direct opportunity at Polymarket. Apply directly via official candidate link.,https://jobs.ashbyhq.com/polymarket/e6c0a776-6732-4f07-a647-c2d736a3eb0d,active,scraped
job_scraped_ca1ed744e9,2026-09-04T15:14:07.841048Z,2026-09-06T21:22:10.962053Z,Senior Product Manager,Polymarket,New York,remote,Full-time,Senior,,,,,USD,Product Management,Product Management,,Product Management,Direct opportunity at Polymarket. Apply directly via official candidate link.,https://jobs.ashbyhq.com/polymarket/b344e5c0-c6d2-4935-8b5e-762cca57cf8b,active,scraped
job_scraped_2137e78ce3,2026-09-04T15:14:07.841048Z,2026-09-06T21:22:10.962053Z,Design - Paradigm Portfolio,Paradigm.xyz,Remote,remote,Full-time,Mid-Level,,,,,USD,Engineering / Development,Engineering,,Engineering,Direct opportunity at Paradigm.xyz. Apply directly via official candidate link.,https://jobs.ashbyhq.com/paradigm/e1446f34-a963-4df9-bab8-e49e7fcdb16f,active,scraped
job_scraped_becee221ec,2026-09-04T15:14:07.841048Z,2026-09-06T21:22:10.962053Z,Engineering - Paradigm Portfolio,Paradigm.xyz,Remote,remote,Full-time,Mid-Level,,,,,USD,Engineering / Development,Engineering,,Engineering,Direct opportunity at Paradigm.xyz. Apply directly via official candidate link.,https://jobs.ashbyhq.com/paradigm/2c506a66-05c2-4df0-a1ae-751f44b08ce0,active,scraped
job_scraped_5d38af906f,2026-09-04T15:14:07.841048Z,2026-09-06T21:22:10.962053Z,Growth - Paradigm Portfolio,Paradigm.xyz,Remote,remote,Full-time,Mid-Level,,,,,USD,Engineering / Development,Engineering,,Engineering,Direct opportunity at Paradigm.xyz. Apply directly via official candidate link.,https://jobs.ashbyhq.com/paradigm/80eee80a-aecb-4888-b219-fba7b99dcb1b,active,scraped
job_scraped_fd3e9fce05,2026-09-04T15:14:07.841048Z,2026-09-06T21:22:10.962053Z,Institutional Growth Lead- Greater China,Solanafoundation,Hong Kong,remote,Full-time,Lead,,,,,USD,Engineering / Development,Engineering,,Engineering,Direct opportunity at Solanafoundation. Apply directly via official candidate link.,https://jobs.ashbyhq.com/Solana%20Foundation/bf30f9d1-0ca5-4ebd-82ba-a9be712e9a89,active,scraped
job_scraped_b0bd233e8d,2026-09-04T15:14:07.841048Z,2026-09-06T21:22:10.962053Z,Institutional Growth Lead- Japan,Solanafoundation,Japan,remote,Full-time,Lead,,,,,USD,Engineering / Development,Engineering,,Engineering,Direct opportunity at Solanafoundation. Apply directly via official candidate link.,https://jobs.ashbyhq.com/Solana%20Foundation/46720f41-a467-4787-bba4-1838884e8af8,active,scraped
job_scraped_9313218fd0,2026-09-04T15:14:07.841048Z,2026-09-06T21:22:10.962053Z,Product Partnerships Manager,Solanafoundation,Remote-US,remote,Full-time,Mid-Level,,,,,USD,Sales / Business Development,Product Management,,Product Management,Direct opportunity at Solanafoundation. Apply directly via official candidate link.,https://jobs.ashbyhq.com/Solana%20Foundation/35ec193f-cb4d-4df9-ab8e-ba70d4c54d28,active,scraped
job_scraped_c3515535bd,2026-09-04T15:14:07.841048Z,2026-09-06T21:22:10.962053Z,Solana Program Engineer,Solanafoundation,Remote-International,remote,Full-time,Mid-Level,,,,,USD,Engineering / Development,Solana,,Solana,Direct opportunity at Solanafoundation. Apply directly via official candidate link.,https://jobs.ashbyhq.com/Solana%20Foundation/6be29283-a2e0-48f4-b388-d06f48e240b3,active,scraped
job_scraped_f24cde04d9,2026-09-04T15:14:07.841048Z,2026-09-06T21:22:10.962053Z,Research Manager,Syndica,Remote,remote,Full-time,Mid-Level,,,,,USD,Research / Economics,Research,,Research,Direct opportunity at Syndica. Apply directly via official candidate link.,https://jobs.ashbyhq.com/syndica/1e21d4e9-a888-45ef-95a6-1aeb76b5c5a9,active,scraped
job_scraped_e77457868e,2026-09-04T15:14:07.841048Z,2026-09-06T21:22:10.962053Z,Senior Software Engineer (Zig/Rust),Syndica,Remote,remote,Full-time,Senior,,,,,USD,Smart Contracts / Auditing,Rust,,Rust,Direct opportunity at Syndica. Apply directly via official candidate link.,https://jobs.ashbyhq.com/syndica/15ab4e32-0f32-41a0-b8b0-16b6518158e9,active,scraped
job_scraped_41eac4eafa,2026-09-04T15:14:07.841048Z,2026-09-06T21:22:10.962053Z,Don't See A Perfect Fit?,Syndica,Syndica,remote,Full-time,Mid-Level,,,,,USD,Engineering / Development,Engineering,,Engineering,Direct opportunity at Syndica. Apply directly via official candidate link.,https://jobs.ashbyhq.com/syndica/3bb5b2f3-bf8b-4774-8add-491e7106798f,active,scraped
job_scraped_9cd47bca5d,2026-09-04T15:14:07.841048Z,2026-09-06T21:22:10.962053Z,Revenue Growth Manager (B2B Sales),Syndica,Remote (US only),remote,Full-time,Mid-Level,,,,,USD,Sales / Business Development,Sales,,Sales,Direct opportunity at Syndica. Apply directly via official candidate link.,https://jobs.ashbyhq.com/syndica/27ff63f6-a750-4028-b3ac-fd11388ba6ab,active,scraped
job_scraped_1b830c6847,2026-09-04T15:14:07.841048Z,2026-09-06T21:22:10.962053Z,Senior Backend Engineer,Blockworks,New York,remote,Full-time,Senior,,,,,USD,Engineering / Development,Engineering,,Engineering,Direct opportunity at Blockworks. Apply directly via official candidate link.,https://jobs.ashbyhq.com/Blockworks/86416d5e-8ae0-453a-abf3-4ac369a14bb4,active,scraped
job_scraped_95e70f4467,2026-09-04T15:14:07.841048Z,2026-09-06T21:22:10.962053Z,Senior Data Engineer,Blockworks,New York,remote,Full-time,Senior,,,,,USD,Engineering / Development,Engineering,,Engineering,Direct opportunity at Blockworks. Apply directly via official candidate link.,https://jobs.ashbyhq.com/Blockworks/6b0b650d-fae6-4cf1-b70f-8225eb7f77f3,active,scraped
job_scraped_a84238b31a,2026-09-04T15:14:07.841048Z,2026-09-06T21:22:10.962053Z,Senior Backend Engineer,Ellipsislabs,"New York, New York",remote,Full-time,Senior,,,,,USD,Engineering / Development,Engineering,,Engineering,Direct opportunity at Ellipsislabs. Apply directly via official candidate link.,https://jobs.ashbyhq.com/ellipsislabs/a6322c32-9142-4146-9429-bcf5cb52b3b7,active,scraped
job_scraped_763fd22aa0,2026-09-04T15:14:07.841048Z,2026-09-06T21:22:10.962053Z,Senior Performance Engineer,Ellipsislabs,"New York, New York",remote,Full-time,Senior,,,,,USD,Engineering / Development,Engineering,,Engineering,Direct opportunity at Ellipsislabs. Apply directly via official candidate link.,https://jobs.ashbyhq.com/ellipsislabs/1a9808b7-7630-4433-afb8-78ab4570d9a7,active,scraped
job_scraped_b0efa9e96a,2026-09-04T15:14:07.841048Z,2026-09-06T21:22:10.962053Z,Senior Product Engineer,Ellipsislabs,"New York, New York",remote,Full-time,Senior,,,,,USD,Engineering / Development,Product Management,,Product Management,Direct opportunity at Ellipsislabs. Apply directly via official candidate link.,https://jobs.ashbyhq.com/ellipsislabs/65fbf6df-c55c-43fc-9381-9cfb43ff85f6,active,scraped
job_scraped_322fe384ba,2026-09-04T15:14:07.841048Z,2026-09-06T21:22:10.962053Z,Senior Smart Contract Engineer (EVM),Ellipsislabs,"New York, New York",remote,Full-time,Senior,,,,,USD,Smart Contracts / Auditing,EVM,,EVM,Direct opportunity at Ellipsislabs. Apply directly via official candidate link.,https://jobs.ashbyhq.com/ellipsislabs/f5200c58-cada-4e8b-b398-67175ec4bd6b,active,scraped
job_scraped_d4ec406c75,2026-09-04T15:14:07.841048Z,2026-09-06T21:22:10.962053Z,Senior Smart Contract Engineer (SVM),Ellipsislabs,"New York, New York",remote,Full-time,Senior,,,,,USD,Smart Contracts / Auditing,Smart Contracts,,Smart Contracts,Direct opportunity at Ellipsislabs. Apply directly via official candidate link.,https://jobs.ashbyhq.com/ellipsislabs/35aad59f-fa9d-4624-9efd-71c6a4f3fd15,active,scraped
job_scraped_623eb3e60d,2026-09-04T15:14:07.841048Z,2026-09-06T21:22:10.962053Z,Senior Software Engineer,Ellipsislabs,"New York, New York",remote,Full-time,Senior,,,,,USD,Engineering / Development,Engineering,,Engineering,Direct opportunity at Ellipsislabs. Apply directly via official candidate link.,https://jobs.ashbyhq.com/ellipsislabs/f37f17f9-004b-4582-b397-d437c522aa59,active,scraped
job_scraped_bfc7f781e9,2026-09-04T15:14:07.841048Z,2026-09-06T21:22:10.962053Z,Software Engineer - 2027 Interns,Ellipsislabs,"New York, New York",remote,Full-time,Student,,,,,USD,Engineering / Development,Engineering,,Engineering,Direct opportunity at Ellipsislabs. Apply directly via official candidate link.,https://jobs.ashbyhq.com/ellipsislabs/02136b22-35b1-4b3d-8bef-567c3380a849,active,scraped
job_scraped_c1d524a42b,2026-09-04T15:14:07.841048Z,2026-09-06T21:22:10.962053Z,Software Engineer - 2027 New Grads,Ellipsislabs,"New York, New York",remote,Full-time,Mid-Level,,,,,USD,Engineering / Development,Engineering,,Engineering,Direct opportunity at Ellipsislabs. Apply directly via official candidate link.,https://jobs.ashbyhq.com/ellipsislabs/256c2ec2-01c8-4ff6-9ad0-b926fe40472d,active,scraped
job_scraped_289b1f1177,2026-09-04T15:14:07.841048Z,2026-09-06T21:22:10.962053Z,Staff Infrastructure Engineer,Ellipsislabs,"New York, New York",remote,Full-time,Lead,,,,,USD,Engineering / Development,Engineering,,Engineering,Direct opportunity at Ellipsislabs. Apply directly via official candidate link.,https://jobs.ashbyhq.com/ellipsislabs/53f2b34d-2c98-4a88-9da1-aa1230746377,active,scraped
job_scraped_215e39f8fd,2026-09-04T15:14:07.841048Z,2026-09-06T21:22:10.962053Z,Growth Manager - Asia,Ellipsislabs,Asia,remote,Full-time,Mid-Level,,,,,USD,Engineering / Development,Engineering,,Engineering,Direct opportunity at Ellipsislabs. Apply directly via official candidate link.,https://jobs.ashbyhq.com/ellipsislabs/ad7d62ed-7587-4ec5-b236-d4df64b223bc,active,scraped
job_scraped_7343a7195f,2026-09-04T15:14:07.841048Z,2026-09-06T21:22:10.962053Z,Senior Visual Designer,Ellipsislabs,"New York, New York",remote,Full-time,Senior,,,,,USD,Design / UI / UX,Design,,Design,Direct opportunity at Ellipsislabs. Apply directly via official candidate link.,https://jobs.ashbyhq.com/ellipsislabs/d099bdee-5f4f-4d36-89b0-15e31311d9bf,active,scraped
job_scraped_2e920386cb,2026-09-04T15:14:07.841048Z,2026-09-06T21:22:10.962053Z,Senior Data Engineer,Keyrock,Brussels; Abu Dhabi; Amsterdam; Antwerp; Athens; Barcelona; Berlin; Budapest; Cape Town; Copenhagen; Dubai; Dublin; Eindhoven; Frankfurt; Geneva; Istanbul; Johannesburg; Krakow; Lisbon; London; London; London OR Brussels; Luxembourg; Madrid; Manama; Milan; Paris; Porto; Prague; Remote; Rome; Rotterdam; Seychelles; Sofia; Tallinn; Vienna ; Warsaw; Zagreb; Zug; Zurich,remote,Full-time,Senior,,,,,USD,Engineering / Development,Engineering,,Engineering,Direct opportunity at Keyrock. Apply directly via official candidate link.,https://jobs.ashbyhq.com/Keyrock/d21747c4-510c-4fd4-ade3-0c9cc1304e53,active,scraped
job_scraped_db89541be7,2026-09-04T15:14:07.841048Z,2026-09-06T21:22:10.962053Z,Engineering Lead- Options,Keyrock,New York; Abu Dhabi; Amsterdam; Athens; Barcelona; Brussels; Budapest; Cape Town; Copenhagen; Dubai; Dublin; Eindhoven; EMEA; Florida; Frankfurt; Geneva; Johannesburg; Krakow; Lisbon; London; London; London OR Brussels; Luxembourg; Madrid; Manama; Milan; New Jersey; Ontario; Paris; Porto; Prague; Remote; Rome; Rotterdam; Sofia; Tallinn; US of America; Victoria; Vienna ; Warsaw; Zagreb; Zug; Zurich,remote,Full-time,Lead,,,,,USD,Engineering / Development,Engineering,,Engineering,Direct opportunity at Keyrock. Apply directly via official candidate link.,https://jobs.ashbyhq.com/Keyrock/638f8c1e-381f-481f-9bc7-5b34fc694aae,active,scraped
job_scraped_f2c0a21cfe,2026-09-04T15:14:07.841048Z,2026-09-06T21:22:10.962053Z,Head of Engineering - Options,Keyrock,New York; Abu Dhabi; Amsterdam; Athens; Barcelona; Brussels; Budapest; Cape Town; Copenhagen; Dubai; Dublin; Eindhoven; EMEA; Florida; Frankfurt; Geneva; Johannesburg; Krakow; Lisbon; London; London; London OR Brussels; Luxembourg; Madrid; Manama; Milan; New Jersey; Ontario; Paris; Porto; Prague; Remote; Rome; Rotterdam; Sofia; Tallinn; US of America; Vienna ; Warsaw; Zagreb; Zug; Zurich,remote,Full-time,Lead,,,,,USD,Engineering / Development,Engineering,,Engineering,Direct opportunity at Keyrock. Apply directly via official candidate link.,https://jobs.ashbyhq.com/Keyrock/8a08f877-6fa7-4d00-9720-905cdcd4295f,active,scraped
job_scraped_25c904e1fc,2026-09-04T15:14:07.841048Z,2026-09-06T21:22:10.962053Z,Compliance Officer / MLRO Switzerland & Liechtenstein,Keyrock,Zurich; Zug,remote,Full-time,Mid-Level,,,,,USD,Legal / Compliance,Compliance,,Compliance,Direct opportunity at Keyrock. Apply directly via official candidate link.,https://jobs.ashbyhq.com/Keyrock/8866e34a-248b-4ee3-9c5d-2df175463920,active,scraped
job_scraped_ca6d1af542,2026-09-04T15:14:07.841048Z,2026-09-06T21:22:10.962053Z,"Staff Software Engineer, Backend",Sound.xyz,Remote,remote,Full-time,Lead,,,,,USD,Engineering / Development,Engineering,,Engineering,Direct opportunity at Sound.xyz. Apply directly via official candidate link.,https://jobs.ashbyhq.com/sound.xyz/2a4902d6-cb58-4453-a997-d805be386b6d,active,scraped
job_scraped_93e2d98870,2026-09-04T15:14:07.841048Z,2026-09-06T21:22:10.962053Z,"Staff Software Engineer, Frontend",Sound.xyz,Remote,remote,Full-time,Lead,,,,,USD,Engineering / Development,Engineering,,Engineering,Direct opportunity at Sound.xyz. Apply directly via official candidate link.,https://jobs.ashbyhq.com/sound.xyz/e4a837d6-f755-45f6-bbf2-a3e8effb421f,active,scraped
job_scraped_12144c268f,2026-09-04T15:14:07.841048Z,2026-09-06T21:22:10.962053Z,"Senior Counsel, iGaming & Sportsbook",Magiceden,Remote,remote,Full-time,Senior,,,,,USD,Legal / Compliance,Legal,,Legal,Direct opportunity at Magiceden. Apply directly via official candidate link.,https://jobs.ashbyhq.com/magiceden/94dc960c-fb7b-40dc-a573-941cb61f80aa,active,scraped
job_scraped_d1d8eaf38c,2026-09-04T15:14:07.841048Z,2026-09-06T21:22:10.962053Z,Social Media Manager (Crypto),Chainalysis,New York Office,remote,Full-time,Mid-Level,,,,,USD,Marketing / PR,Marketing,,Marketing,Direct opportunity at Chainalysis. Apply directly via official candidate link.,https://jobs.ashbyhq.com/chainalysis-careers/480a5b64-948e-4ccf-bced-ae00cae0d41b,active,scraped
job_scraped_55d2eb7605,2026-09-04T15:14:07.841048Z,2026-09-06T21:22:10.962053Z,"Vice President, Global Controller",Chainalysis,New York; Remote - USA,remote,Full-time,Mid-Level,,,,,USD,Engineering / Development,Engineering,,Engineering,Direct opportunity at Chainalysis. Apply directly via official candidate link.,https://jobs.ashbyhq.com/chainalysis-careers/1686bf10-47f2-4fd8-a089-0dcb849c1657,active,scraped
job_scraped_9e6ace0401,2026-09-04T15:14:07.841048Z,2026-09-06T21:22:10.962053Z,Senior People Systems & Integrations Analyst,Chainalysis,London,remote,Full-time,Senior,,,,,USD,Research / Economics,Research,,Research,Direct opportunity at Chainalysis. Apply directly via official candidate link.,https://jobs.ashbyhq.com/chainalysis-careers/f28e555e-ba54-4ea5-a41b-4c534438d019,active,scraped
job_scraped_6ed1cb6eb7,2026-09-04T15:14:07.841048Z,2026-09-06T21:22:10.962053Z,"Engineering Team Lead, Alterya",Chainalysis,Tel Aviv Office,remote,Full-time,Lead,,,,,USD,Engineering / Development,Engineering,,Engineering,Direct opportunity at Chainalysis. Apply directly via official candidate link.,https://jobs.ashbyhq.com/chainalysis-careers/57aa5acf-d0e1-481d-af25-a4d31fa0cc80,active,scraped
job_scraped_8be62254cb,2026-09-04T15:14:07.841048Z,2026-09-06T21:22:10.962053Z,"Senior Software Engineer, Alterya",Chainalysis,Tel Aviv Office; Israel,remote,Full-time,Senior,,,,,USD,Engineering / Development,Engineering,,Engineering,Direct opportunity at Chainalysis. Apply directly via official candidate link.,https://jobs.ashbyhq.com/chainalysis-careers/37f72d88-62fd-451b-919e-e50da5e3a4a3,active,scraped
job_scraped_2953c32a6d,2026-09-04T15:14:07.841048Z,2026-09-06T21:22:10.962053Z,"Senior Security Researcher, Hexagate",Chainalysis,Tel Aviv Office,remote,Full-time,Senior,,,,,USD,Research / Economics,Research,,Research,Direct opportunity at Chainalysis. Apply directly via official candidate link.,https://jobs.ashbyhq.com/chainalysis-careers/9449b59c-868f-48c4-81a3-d4c41e6cbf82,active,scraped
job_scraped_bdfbf46419,2026-09-04T15:14:07.841048Z,2026-09-06T21:22:10.962053Z,"Senior Software Engineer, Hexagate",Chainalysis,Tel Aviv Office; Israel,remote,Full-time,Senior,,,,,USD,Engineering / Development,Engineering,,Engineering,Direct opportunity at Chainalysis. Apply directly via official candidate link.,https://jobs.ashbyhq.com/chainalysis-careers/2608444a-a4f1-4a8f-875b-cc63ea52ad0d,active,scraped
job_scraped_a733f3cd80,2026-09-04T15:14:07.841048Z,2026-09-06T21:22:10.962053Z,"Tech Lead, Hexagate",Chainalysis,Tel Aviv Office; Israel,remote,Full-time,Lead,,,,,USD,Engineering / Development,Engineering,,Engineering,Direct opportunity at Chainalysis. Apply directly via official candidate link.,https://jobs.ashbyhq.com/chainalysis-careers/8ae715a5-151b-4ef3-b9d3-71a3d03f9114,active,scraped
job_scraped_9c62a74aac,2026-09-04T15:14:07.841048Z,2026-09-06T21:22:10.962053Z,"Senior Infrastructure Engineer, Government Systems",Chainalysis,New York; Connecticut; Delaware; Florida; Georgia; Maine; Maryland; Massachusetts; New Hampshire; New Jersey; North Carolina; Ohio; Pennsylvania; Rhode Island; South Carolina; Vermont; Virginia,remote,Full-time,Senior,,,,,USD,Engineering / Development,Engineering,,Engineering,Direct opportunity at Chainalysis. Apply directly via official candidate link.,https://jobs.ashbyhq.com/chainalysis-careers/0782bd50-fc84-45e5-a517-835bb2a79e37,active,scraped
job_scraped_27ba993665,2026-09-04T15:14:07.841048Z,2026-09-06T21:22:10.962053Z,"Staff Software Engineer, Graphs",Chainalysis,Aarhus Office,remote,Full-time,Lead,,,,,USD,Engineering / Development,Engineering,,Engineering,Direct opportunity at Chainalysis. Apply directly via official candidate link.,https://jobs.ashbyhq.com/chainalysis-careers/65afb10c-1d7b-4d6f-b6a3-377c3efb4d8a,active,scraped
job_scraped_f4565ffd21,2026-09-04T15:14:07.841048Z,2026-09-06T21:22:10.962053Z,Senior Data Scientist,Chainalysis,London Office,remote,Full-time,Senior,,,,,USD,Research / Economics,Research,,Research,Direct opportunity at Chainalysis. Apply directly via official candidate link.,https://jobs.ashbyhq.com/chainalysis-careers/c224f964-3ad9-46fa-902f-6a81c9da42e7,active,scraped
job_scraped_a9c0848266,2026-09-04T15:14:07.841048Z,2026-09-06T21:22:10.962053Z,"Channel Partner Manager, APAC",Chainalysis,Singapore Office; Singapore,remote,Full-time,Mid-Level,,,,,USD,Engineering / Development,Engineering,,Engineering,Direct opportunity at Chainalysis. Apply directly via official candidate link.,https://jobs.ashbyhq.com/chainalysis-careers/f599f983-6def-43cc-be31-777d968260ff,active,scraped
job_scraped_8efd80570e,2026-09-04T15:14:07.841048Z,2026-09-06T21:22:10.962053Z,Client Account Director - NatSec/Intelligence,Chainalysis,New Delhi,remote,Full-time,Mid-Level,,,,,USD,Executive / Leadership,Executive,,Executive,Direct opportunity at Chainalysis. Apply directly via official candidate link.,https://jobs.ashbyhq.com/chainalysis-careers/4a0910ba-fcda-4cec-9c9a-1a439100a0e1,active,scraped
job_scraped_91ad31921f,2026-09-04T15:14:07.841048Z,2026-09-06T21:22:10.962053Z,Enterprise Account Executive,Chainalysis,New York,remote,Full-time,Mid-Level,,,,,USD,Sales / Business Development,Sales,,Sales,Direct opportunity at Chainalysis. Apply directly via official candidate link.,https://jobs.ashbyhq.com/chainalysis-careers/7908b570-8cac-4d85-ba6e-88e82a10e6e9,active,scraped
job_scraped_3ecb10793c,2026-09-04T15:14:07.841048Z,2026-09-06T21:22:10.962053Z,Enterprise Account Executive - Public & Private Sector,Chainalysis,Seoul Office,remote,Full-time,Mid-Level,,,,,USD,Sales / Business Development,Sales,,Sales,Direct opportunity at Chainalysis. Apply directly via official candidate link.,https://jobs.ashbyhq.com/chainalysis-careers/e0aca5aa-8e1e-465c-a04f-e084acec98a6,active,scraped
job_scraped_db1863aec1,2026-09-04T15:14:07.841048Z,2026-09-06T21:22:10.962053Z,Senior Account Executive - Israel,Chainalysis,Tel Aviv Office,remote,Full-time,Senior,,,,,USD,Sales / Business Development,Sales,,Sales,Direct opportunity at Chainalysis. Apply directly via official candidate link.,https://jobs.ashbyhq.com/chainalysis-careers/9975636b-8def-452b-be67-1ec42e6cc085,active,scraped
job_scraped_0c4fba92ef,2026-09-04T15:14:07.841048Z,2026-09-06T21:22:10.962053Z,Deployment Strategist. Crypto Investigations,Chainalysis,South Korea,remote,Full-time,Mid-Level,,,,,USD,Engineering / Development,Engineering,,Engineering,Direct opportunity at Chainalysis. Apply directly via official candidate link.,https://jobs.ashbyhq.com/chainalysis-careers/b62ea34a-4c15-4317-95dd-3d8e7e06d33f,active,scraped
job_scraped_8eeda83937,2026-09-04T15:14:07.841048Z,2026-09-06T21:22:10.962053Z,"IT Department Lead - Remote, Worldwide",Nethermind,Remote,remote,Full-time,Lead,,,,,USD,Engineering / Development,Engineering,,Engineering,Direct opportunity at Nethermind. Apply directly via official candidate link.,https://jobs.ashbyhq.com/nethermind/bea62ba0-be0d-4067-944b-9aa2da61bcfd,active,scraped
job_scraped_187243f153,2026-09-04T15:14:07.841048Z,2026-09-06T21:22:10.962053Z,"General Application- Remote, Worldwide",Nethermind,Remote,remote,Full-time,Mid-Level,,,,,USD,Engineering / Development,Engineering,,Engineering,Direct opportunity at Nethermind. Apply directly via official candidate link.,https://jobs.ashbyhq.com/nethermind/9ba4666e-a24c-489c-88be-ed1fc0512d75,active,scraped
job_scraped_9bd58cd8b9,2026-09-04T15:14:07.841048Z,2026-09-06T21:22:10.962053Z,Senior Security Engineer - Remote,Parity.io,Remote,remote,Full-time,Senior,,,,,USD,Engineering / Development,Engineering,,Engineering,Direct opportunity at Parity.io. Apply directly via official candidate link.,https://jobs.ashbyhq.com/parity/058e8560-8e9a-4d75-b48d-b81f510caa39,active,scraped
job_scraped_cfe15e9cd0,2026-09-04T15:14:07.841048Z,2026-09-06T21:22:10.962053Z,Director of Research,Stellar,San Francisco; New York; Remote - Canada; Remote - EMEA; Remote - USA,remote,Full-time,Mid-Level,,,,,USD,Research / Economics,Research,,Research,Direct opportunity at Stellar. Apply directly via official candidate link.,https://jobs.ashbyhq.com/stellar/4cada7d9-0387-45d4-8965-6783690cf720,active,scraped
job_scraped_29d6c1988d,2026-09-04T15:14:07.841048Z,2026-09-06T21:22:10.962053Z,"Senior Software Engineer, C++",Stellar,San Francisco,remote,Full-time,Senior,,,,,USD,Engineering / Development,Engineering,,Engineering,Direct opportunity at Stellar. Apply directly via official candidate link.,https://jobs.ashbyhq.com/stellar/b764d3d5-9359-4168-8c33-d293ee423ee6,active,scraped
job_scraped_124061d013,2026-09-04T15:14:07.841048Z,2026-09-06T21:22:10.962053Z,"Senior Software Engineer, Core",Stellar,San Francisco,remote,Full-time,Senior,,,,,USD,Engineering / Development,Engineering,,Engineering,Direct opportunity at Stellar. Apply directly via official candidate link.,https://jobs.ashbyhq.com/stellar/f44b08a4-f931-4d26-a8e4-e6622d75d46b,active,scraped
job_scraped_ded81421d2,2026-09-04T15:14:07.841048Z,2026-09-06T21:22:10.962053Z,"Director, Ecosystem Product Security",Stellar,New York,remote,Full-time,Mid-Level,,,,,USD,Security,Product Management,,Product Management,Direct opportunity at Stellar. Apply directly via official candidate link.,https://jobs.ashbyhq.com/stellar/41847370-a9c9-4513-9284-c527db414c7b,active,scraped
job_scraped_5ba2abb0f7,2026-09-04T15:14:07.841048Z,2026-09-06T21:22:10.962053Z,Director of Site Reliability Engineering,Stellar,San Francisco,remote,Full-time,Mid-Level,,,,,USD,Engineering / Development,Engineering,,Engineering,Direct opportunity at Stellar. Apply directly via official candidate link.,https://jobs.ashbyhq.com/stellar/cf2dda7d-2014-4b67-ac67-afd90e83d0a5,active,scraped
job_scraped_f4723f82c1,2026-09-04T15:14:07.841048Z,2026-09-06T21:22:10.962053Z,"Backend Engineer, Integrations & APIs",Stellar,New York,remote,Full-time,Mid-Level,,,,,USD,Engineering / Development,Engineering,,Engineering,Direct opportunity at Stellar. Apply directly via official candidate link.,https://jobs.ashbyhq.com/stellar/7d228d6e-e115-4aaf-8b2f-21dc1456b078,active,scraped
job_scraped_81dffb3517,2026-09-04T15:14:07.841048Z,2026-09-06T21:22:10.962053Z,Capital Markets Lead,Stellar,San Francisco,remote,Full-time,Lead,,,,,USD,Engineering / Development,Engineering,,Engineering,Direct opportunity at Stellar. Apply directly via official candidate link.,https://jobs.ashbyhq.com/stellar/1a8e5072-a2d0-476d-9aa0-163e5ec67aa0,active,scraped
job_scraped_e1f9a15c9e,2026-09-04T15:14:07.841048Z,2026-09-06T21:22:10.962053Z,"Head of Payments, Business Development",Stellar,New York,remote,Full-time,Lead,,,,,USD,Sales / Business Development,Sales,,Sales,Direct opportunity at Stellar. Apply directly via official candidate link.,https://jobs.ashbyhq.com/stellar/f2d7667d-d38b-4014-a73b-f3ffecf426de,active,scraped
job_scraped_0770a3cbfb,2026-09-04T15:14:07.841048Z,2026-09-06T21:22:10.962053Z,Product Manager,Stellar,New York,remote,Full-time,Mid-Level,,,,,USD,Product Management,Product Management,,Product Management,Direct opportunity at Stellar. Apply directly via official candidate link.,https://jobs.ashbyhq.com/stellar/f4f667bb-1003-4c6b-9ac9-0aa9cd04168d,active,scraped
job_scraped_476be24967,2026-09-04T15:14:07.841048Z,2026-09-06T21:22:10.962053Z,Blockchain Solutions Architect,Oplabs,New York,remote,Full-time,Mid-Level,,,,,USD,Engineering / Development,Engineering,,Engineering,Direct opportunity at Oplabs. Apply directly via official candidate link.,https://jobs.ashbyhq.com/oplabs/885091c2-2f56-4d46-aa01-efe49a065dee,active,scraped
job_scraped_1ab48857f5,2026-09-04T15:14:07.841048Z,2026-09-06T21:22:10.962053Z,Enterprise Sales Lead,Oplabs,New York,remote,Full-time,Lead,,,,,USD,Sales / Business Development,Sales,,Sales,Direct opportunity at Oplabs. Apply directly via official candidate link.,https://jobs.ashbyhq.com/oplabs/e4e358f3-e712-4d41-a90e-2b1e8e6b89bf,active,scraped
job_scraped_fbd601b2d0,2026-09-04T15:14:07.841048Z,2026-09-06T21:22:10.962053Z,"Solutions Engineer, Japan",Oplabs,Japan,remote,Full-time,Mid-Level,,,,,USD,Engineering / Development,Engineering,,Engineering,Direct opportunity at Oplabs. Apply directly via official candidate link.,https://jobs.ashbyhq.com/oplabs/86f3dd6e-f750-43a2-b2c2-a02950e4be91,active,scraped
job_scraped_7171e1db67,2026-09-04T15:14:07.841048Z,2026-09-06T21:22:10.962053Z,"Sr. Product Manager, Fintechs & Exchanges",Oplabs,SF or NY; Relo available,remote,Full-time,Senior,,,,,USD,Product Management,Product Management,,Product Management,Direct opportunity at Oplabs. Apply directly via official candidate link.,https://jobs.ashbyhq.com/oplabs/2efc00b0-0b5c-4d94-b842-c15acb62fbf2,active,scraped
job_scraped_587ffd266f,2026-09-04T15:14:07.841048Z,2026-09-06T21:22:10.962053Z,Account Executive,Dune,Europe; USA East Coast,remote,Full-time,Mid-Level,,,,,USD,Sales / Business Development,Sales,,Sales,Direct opportunity at Dune. Apply directly via official candidate link.,https://jobs.ashbyhq.com/dune/a4bf739e-3396-4263-99e2-ea226401726c,active,scraped
job_scraped_4d435b0f80,2026-09-04T15:14:07.841048Z,2026-09-06T21:22:10.962053Z,Blockchain Engineer 区块链开发工程师,Windranger,Remote - APAC,remote,Full-time,Mid-Level,,,,,USD,Engineering / Development,Engineering,,Engineering,Direct opportunity at Windranger. Apply directly via official candidate link.,https://jobs.ashbyhq.com/windranger/e5f4ac55-3da2-4b41-b081-1e3392432a7a,active,scraped
job_scraped_009ad57050,2026-09-04T15:14:07.841048Z,2026-09-06T21:22:10.962053Z,QA Engineer 区块链测试工程师,Windranger,Remote - APAC,remote,Full-time,Mid-Level,,,,,USD,Engineering / Development,Engineering,,Engineering,Direct opportunity at Windranger. Apply directly via official candidate link.,https://jobs.ashbyhq.com/windranger/30d9df28-1152-483b-9a9d-460cb55edb88,active,scraped
job_scraped_12469e4453,2026-09-04T15:14:07.841048Z,2026-09-06T21:22:10.962053Z,Executive Assistant,Windranger,Singapore,remote,Full-time,Mid-Level,,,,,USD,Executive / Leadership,Executive,,Executive,Direct opportunity at Windranger. Apply directly via official candidate link.,https://jobs.ashbyhq.com/windranger/977fb384-7eda-43c6-ba0b-868240ae6199,active,scraped
job_scraped_2bfedfb1ef,2026-09-04T15:14:07.841048Z,2026-09-06T21:22:10.962053Z,Wildcard role - Apply here!,Windranger,Remote - APAC; Remote - APAC; Remote - EMEA,remote,Full-time,Mid-Level,,,,,USD,Engineering / Development,Engineering,,Engineering,Direct opportunity at Windranger. Apply directly via official candidate link.,https://jobs.ashbyhq.com/windranger/31538409-beec-4490-9396-887d63fd999d,active,scraped
job_scraped_c77c5c61b7,2026-09-04T15:14:07.841048Z,2026-09-06T21:22:10.962053Z,Senior Agentic AI Engineer,Eigenlabs,Remote,remote,Full-time,Senior,,,,,USD,Engineering / Development,Engineering,,Engineering,Direct opportunity at Eigenlabs. Apply directly via official candidate link.,https://jobs.ashbyhq.com/eigen-labs/c02fa001-23c9-4d68-8c0a-e27a742d76a4,active,scraped
job_scraped_67dd9d496a,2026-09-04T15:14:07.841048Z,2026-09-06T21:22:10.962053Z,Future Builders – General Interest,Eigenlabs,Remote,remote,Full-time,Mid-Level,,,,,USD,Engineering / Development,Engineering,,Engineering,Direct opportunity at Eigenlabs. Apply directly via official candidate link.,https://jobs.ashbyhq.com/eigen-labs/2f08d719-09b3-493e-ae9e-f3eba2ade188,active,scraped
job_scraped_dba5b7b55e,2026-09-04T15:14:07.841048Z,2026-09-06T21:22:10.962053Z,Account Manager,Saharaai,Seoul,remote,Full-time,Mid-Level,,,,,USD,Engineering / Development,Engineering,,Engineering,Direct opportunity at Saharaai. Apply directly via official candidate link.,https://jobs.ashbyhq.com/Sahara/628cd3a4-dc75-4f67-b238-9463a533c3f0,active,scraped
job_scraped_51a3428e08,2026-09-04T15:14:07.841048Z,2026-09-06T21:22:10.962053Z,Community Manager,Saharaai,Seoul,remote,Full-time,Mid-Level,,,,,USD,Community / Developer Relations,Community,,Community,Direct opportunity at Saharaai. Apply directly via official candidate link.,https://jobs.ashbyhq.com/Sahara/ba33f05b-0858-4b5e-92cf-630852b624f1,active,scraped
job_scraped_b30b67f927,2026-09-04T15:14:07.841048Z,2026-09-06T21:22:10.962053Z,Social Media Manager & Content Specialist,Saharaai,US - Remote,remote,Full-time,Mid-Level,,,,,USD,Marketing / PR,Marketing,,Marketing,Direct opportunity at Saharaai. Apply directly via official candidate link.,https://jobs.ashbyhq.com/Sahara/042b2056-ffeb-400e-9303-042f800c83b0,active,scraped
job_scraped_1c54669784,2026-09-04T15:14:07.841048Z,2026-09-06T21:22:10.962053Z,Join our Talent Pool,Symbiotic.fi,London,remote,Full-time,Mid-Level,,,,,USD,HR / Recruiting,HR,,HR,Direct opportunity at Symbiotic.fi. Apply directly via official candidate link.,https://jobs.ashbyhq.com/Symbiotic/4a88e7cb-8119-4ab5-aba0-ab0bdd2e56ad,active,scraped
job_scraped_3a0feb8bb8,2026-09-04T15:14:07.841048Z,2026-09-06T21:22:10.962053Z,Software Engineer (Data Platform),Rwa.xyz,New York City,remote,Full-time,Mid-Level,,,,,USD,Engineering / Development,Engineering,,Engineering,Direct opportunity at Rwa.xyz. Apply directly via official candidate link.,https://jobs.ashbyhq.com/RWA.xyz/b14dcdf7-4e25-4cce-9406-71f8491a16fe,active,scraped
job_scraped_ef98b05bc1,2026-09-04T15:14:07.841048Z,2026-09-06T21:22:10.962053Z,Senior Research Analyst,Rwa.xyz,New York City,remote,Full-time,Senior,,,,,USD,Research / Economics,Research,,Research,Direct opportunity at Rwa.xyz. Apply directly via official candidate link.,https://jobs.ashbyhq.com/RWA.xyz/b3b035a7-3067-4639-998b-863476b22ae3,active,scraped
job_scraped_cc84823ba3,2026-09-04T15:14:07.841048Z,2026-09-06T21:22:10.962053Z,Solutions Architect,Blockdaemon,Remote,remote,Full-time,Mid-Level,,,,,USD,Engineering / Development,Engineering,,Engineering,Direct opportunity at Blockdaemon. Apply directly via official candidate link.,https://jobs.ashbyhq.com/blockdaemon/b175bceb-71cd-4ccd-b4bc-da74a6be369f,active,scraped
job_scraped_ee9f73e7ea,2026-09-04T15:14:07.841048Z,2026-09-06T21:22:10.962053Z,Data Platform Engineer,Block-labs,Portugal; Albania; Armenia; Bosnia and Herzegovina; Bulgaria; Croatia; Georgia; Greece; Ireland; Italy; Kosovo; Malta; Montenegro; Romania; Serbia; Spain,remote,Full-time,Mid-Level,,,,,USD,Engineering / Development,Engineering,,Engineering,Direct opportunity at Block-labs. Apply directly via official candidate link.,https://jobs.ashbyhq.com/block-labs/45c8a611-8edf-45dc-ad5e-cea7d94033f6,active,scraped
job_scraped_59f731241e,2026-09-04T15:14:07.841048Z,2026-09-06T21:22:10.962053Z,Senior Backend Engineer (Go),Block-labs,Portugal; Albania; Bosnia and Herzegovina; Bulgaria; Croatia; Greece; Ireland; Italy; Kosovo; Malta; Montenegro; Romania; Serbia; Spain,remote,Full-time,Senior,,,,,USD,Engineering / Development,Engineering,,Engineering,Direct opportunity at Block-labs. Apply directly via official candidate link.,https://jobs.ashbyhq.com/block-labs/b60c5848-d1da-4636-b101-b5f13d005ee5,active,scraped
job_scraped_ed75101937,2026-09-04T15:14:07.841048Z,2026-09-06T21:22:10.962053Z,Business Development Director,Trust-wallet,Remote - Global,remote,Full-time,Mid-Level,,,,,USD,Sales / Business Development,Sales,,Sales,Direct opportunity at Trust-wallet. Apply directly via official candidate link.,https://jobs.ashbyhq.com/trust-wallet/74105af8-da2c-4a4c-a8a6-8ea8a04381fc,active,scraped
job_scraped_84b9e1430a,2026-09-04T15:14:07.841048Z,2026-09-06T21:22:10.962053Z,Join Our Engineering Talent Network,Trust-wallet,Remote - Global,remote,Full-time,Mid-Level,,,,,USD,Engineering / Development,Engineering,,Engineering,Direct opportunity at Trust-wallet. Apply directly via official candidate link.,https://jobs.ashbyhq.com/trust-wallet/a0ad19ba-c92d-46c4-81ee-bd6faba464db,active,scraped
job_scraped_e5a16a53e9,2026-09-04T15:14:07.841048Z,2026-09-06T21:22:10.962053Z,Senior Backend Engineer (Go),Trust-wallet,Remote - Global,remote,Full-time,Senior,,,,,USD,Engineering / Development,Engineering,,Engineering,Direct opportunity at Trust-wallet. Apply directly via official candidate link.,https://jobs.ashbyhq.com/trust-wallet/f368ed72-a108-47dd-9599-916e20f603d4,active,scraped
job_scraped_d2105c8325,2026-09-04T15:14:07.841048Z,2026-09-06T21:22:10.962053Z,Senior Engineering Manager,Trust-wallet,Remote - Global,remote,Full-time,Senior,,,,,USD,Engineering / Development,Engineering,,Engineering,Direct opportunity at Trust-wallet. Apply directly via official candidate link.,https://jobs.ashbyhq.com/trust-wallet/ddbeb186-0d04-4a01-8472-7d0c892399d6,active,scraped
job_scraped_4dfb6566b3,2026-09-04T15:14:07.841048Z,2026-09-06T21:22:10.962053Z,Senior Platform Engineer,Trust-wallet,Remote - Global,remote,Full-time,Senior,,,,,USD,Engineering / Development,Engineering,,Engineering,Direct opportunity at Trust-wallet. Apply directly via official candidate link.,https://jobs.ashbyhq.com/trust-wallet/56363170-01d5-4838-9854-3e77c56a6ccc,active,scraped
job_scraped_4f739ad82e,2026-09-04T15:14:07.841048Z,2026-09-06T21:22:10.962053Z,Brand Growth & Content Creator (Contractor),Trust-wallet,China,remote,Full-time,Mid-Level,,,,,USD,Marketing / PR,Marketing,,Marketing,Direct opportunity at Trust-wallet. Apply directly via official candidate link.,https://jobs.ashbyhq.com/trust-wallet/2d265735-8142-42d6-8dcb-7fb508b1eaa5,active,scraped
job_scraped_c43c36b3d1,2026-09-04T15:14:07.841048Z,2026-09-06T21:22:10.962053Z,Product Director (DeFi),Trust-wallet,Remote - Global,remote,Full-time,Mid-Level,,,,,USD,Executive / Leadership,Product Management,,Product Management,Direct opportunity at Trust-wallet. Apply directly via official candidate link.,https://jobs.ashbyhq.com/trust-wallet/e7a289e0-73a4-4f4c-bb50-dc0bd8eb5c0d,active,scraped
job_scraped_dd2e1ec9b3,2026-09-04T15:14:07.841048Z,2026-09-06T21:22:10.962053Z,Senior Product Marketing Manager - B2C,Ledger,"London, UK; Paris, France",remote,Full-time,Senior,,,,,USD,Marketing / PR,Marketing|Product Management,,Marketing|Product Management,Direct opportunity at Ledger. Apply directly via official candidate link.,https://jobs.ashbyhq.com/ledger/f7b3ffc0-152e-4c4b-a136-d0b9a5b70965,active,scraped
job_scraped_e071f23975,2026-09-04T15:14:07.841048Z,2026-09-06T21:22:10.962053Z,E-Commerce Business Line Director,Ledger,"Paris, France",remote,Full-time,Mid-Level,,,,,USD,Executive / Leadership,Executive,,Executive,Direct opportunity at Ledger. Apply directly via official candidate link.,https://jobs.ashbyhq.com/ledger/09e27ed1-3895-4330-9577-44638de34f67,active,scraped
job_scraped_fbe825b0c3,2026-09-04T15:14:07.841048Z,2026-09-06T21:22:10.962053Z,Senior Technical Account Manager,Ledger,"New York, US",remote,Full-time,Senior,,,,,USD,Engineering / Development,Engineering,,Engineering,Direct opportunity at Ledger. Apply directly via official candidate link.,https://jobs.ashbyhq.com/ledger/26b620f3-b694-4648-96f5-332f0d543b94,active,scraped
job_scraped_0927877b15,2026-09-04T15:14:07.841048Z,2026-09-06T21:22:10.962053Z,"Account Manager, Americas",Talos.com,New York,remote,Full-time,Mid-Level,,,,,USD,Engineering / Development,Engineering,,Engineering,Direct opportunity at Talos.com. Apply directly via official candidate link.,https://jobs.ashbyhq.com/Talos-Trading/2bdf3b1e-0820-4f44-9f9f-1477c4e7a4dc,active,scraped
job_scraped_83da89fd13,2026-09-04T15:14:07.841048Z,2026-09-06T21:22:10.962053Z,"Senior Software Engineer, Core",Talos.com,New York,remote,Full-time,Senior,,,,,USD,Engineering / Development,Engineering,,Engineering,Direct opportunity at Talos.com. Apply directly via official candidate link.,https://jobs.ashbyhq.com/Talos-Trading/c4bb58ef-00b0-414d-9788-374fee5bc762,active,scraped
job_scraped_5bea7dffe2,2026-09-04T15:14:07.841048Z,2026-09-06T21:22:10.962053Z,"Software Engineer, London",Talos.com,London,remote,Full-time,Mid-Level,,,,,USD,Engineering / Development,Engineering,,Engineering,Direct opportunity at Talos.com. Apply directly via official candidate link.,https://jobs.ashbyhq.com/Talos-Trading/2bc47f10-b315-49bb-800d-b67724c8db03,active,scraped
job_scraped_c972c9e879,2026-09-04T15:14:07.841048Z,2026-09-06T21:22:10.962053Z,"Software Engineer, New York",Talos.com,New York,remote,Full-time,Mid-Level,,,,,USD,Engineering / Development,Engineering,,Engineering,Direct opportunity at Talos.com. Apply directly via official candidate link.,https://jobs.ashbyhq.com/Talos-Trading/885d627f-9bf2-4310-81ae-fda27121fd7b,active,scraped
job_scraped_d3b5255ccb,2026-09-04T15:14:07.841048Z,2026-09-06T21:22:10.962053Z,"Software Engineer, Tokenization",Talos.com,New York,remote,Full-time,Mid-Level,,,,,USD,Engineering / Development,Engineering,,Engineering,Direct opportunity at Talos.com. Apply directly via official candidate link.,https://jobs.ashbyhq.com/Talos-Trading/3ec93f41-3231-4170-bb25-aa33a0f406b0,active,scraped
job_scraped_e82b659981,2026-09-04T15:14:07.841048Z,2026-09-06T21:22:10.962053Z,"Software Engineer, Trading Connectivity, Cyprus",Talos.com,Cyprus,remote,Full-time,Mid-Level,,,,,USD,Engineering / Development,Trading,,Trading,Direct opportunity at Talos.com. Apply directly via official candidate link.,https://jobs.ashbyhq.com/Talos-Trading/020ee9f6-fd78-4a48-9651-e389a8cc0ed8,active,scraped
job_scraped_2c64691081,2026-09-04T15:14:07.841048Z,2026-09-06T21:22:10.962053Z,"Software Engineer, Trading Connectivity, London",Talos.com,London,remote,Full-time,Mid-Level,,,,,USD,Engineering / Development,Trading,,Trading,Direct opportunity at Talos.com. Apply directly via official candidate link.,https://jobs.ashbyhq.com/Talos-Trading/c743ff13-4a80-4907-adf4-922a3bfbd30b,active,scraped
job_scraped_d9d61c7b21,2026-09-04T15:14:07.841048Z,2026-09-06T21:22:10.962053Z,Technical Solutions Engineer,Talos.com,New York,remote,Full-time,Mid-Level,,,,,USD,Engineering / Development,Engineering,,Engineering,Direct opportunity at Talos.com. Apply directly via official candidate link.,https://jobs.ashbyhq.com/Talos-Trading/9df7b493-c34f-4250-a646-af1b5ebbcc2a,active,scraped
job_scraped_b58014c722,2026-09-04T15:14:07.841048Z,2026-09-06T21:22:10.962053Z,Open Application,Talos.com,Open,remote,Full-time,Mid-Level,,,,,USD,Engineering / Development,Engineering,,Engineering,Direct opportunity at Talos.com. Apply directly via official candidate link.,https://jobs.ashbyhq.com/Talos-Trading/b28f4d86-74c0-478a-9888-2c6e2f97ac73,active,scraped
job_scraped_eedc48cb93,2026-09-04T15:14:07.841048Z,2026-09-06T21:22:10.962053Z,Associate Product Manager,Talos.com,New York,remote,Full-time,Mid-Level,,,,,USD,Product Management,Product Management,,Product Management,Direct opportunity at Talos.com. Apply directly via official candidate link.,https://jobs.ashbyhq.com/Talos-Trading/6bfa5c2e-dbd1-4b6a-93b5-3592c264ff40,active,scraped
job_scraped_fdff2aa549,2026-09-04T15:14:07.841048Z,2026-09-06T21:22:10.962053Z,"Product & Business Development, Tokenized Treasuries",Talos.com,New York,remote,Full-time,Mid-Level,,,,,USD,Sales / Business Development,Product Management,,Product Management,Direct opportunity at Talos.com. Apply directly via official candidate link.,https://jobs.ashbyhq.com/Talos-Trading/05a41adc-f919-4280-af71-b5df029c5fb2,active,scraped
job_scraped_8bcba36b9e,2026-09-04T15:14:07.841048Z,2026-09-06T21:22:10.962053Z,Growth Engineer,Goldsky,Remote,remote,Full-time,Mid-Level,,,,,USD,Engineering / Development,Engineering,,Engineering,Direct opportunity at Goldsky. Apply directly via official candidate link.,https://jobs.ashbyhq.com/goldsky/790751f0-225b-4c88-ad17-58848a757e13,active,scraped
job_scraped_ff7bac4765,2026-09-04T15:14:07.841048Z,2026-09-06T21:22:10.962053Z,Head of Marketing,Goldsky,Remote,remote,Full-time,Lead,,,,,USD,Marketing / PR,Marketing,,Marketing,Direct opportunity at Goldsky. Apply directly via official candidate link.,https://jobs.ashbyhq.com/goldsky/7df9557b-85e6-4d8b-9d0e-6515522c1f51,active,scraped
job_scraped_682ff85cbb,2026-09-04T15:14:07.841048Z,2026-09-06T21:22:10.962053Z,Marketing Lead,Goldsky,Remote,remote,Full-time,Lead,,,,,USD,Marketing / PR,Marketing,,Marketing,Direct opportunity at Goldsky. Apply directly via official candidate link.,https://jobs.ashbyhq.com/goldsky/f30760dd-b8cd-431d-b47b-b9ddf749ca4e,active,scraped
job_scraped_c10ea9166f,2026-09-04T15:14:07.841048Z,2026-09-06T21:22:10.962053Z,Quantitative Researcher,Citadel securities,New York / London / Singapore,remote,Full-time,Mid-Level,,,,,USD,Finance / Accounting,Quantitative Analysis,,Quantitative Analysis,Direct opportunity at Citadel securities. Apply directly via official candidate link.,https://www.citadelsecurities.com/careers/,active,scraped
job_scraped_d0f7fbf802,2026-09-04T15:14:07.841048Z,2026-09-06T21:22:10.962053Z,Quantitative Trader,Hudson river trading,New York / London,remote,Full-time,Mid-Level,,,,,USD,Finance / Accounting,Quantitative Analysis,,Quantitative Analysis,Direct opportunity at Hudson river trading. Apply directly via official candidate link.,https://www.hudsonrivertrading.com/careers/,active,scraped
job_scraped_2004492c02,2026-09-04T15:14:07.841048Z,2026-09-06T21:22:10.962053Z,DeFi Quantitative Trader,Drw,Chicago / London / Singapore,remote,Full-time,Mid-Level,,,,,USD,Finance / Accounting,Quantitative Analysis,,Quantitative Analysis,Direct opportunity at Drw. Apply directly via official candidate link.,https://drw.com/careers,active,scraped
job_scraped_c4edaa9813,2026-09-04T15:14:07.841048Z,2026-09-06T21:22:10.962053Z,Quantitative Researcher,Jane street,New York / London / Hong Kong,remote,Full-time,Mid-Level,,,,,USD,Finance / Accounting,Quantitative Analysis,,Quantitative Analysis,Direct opportunity at Jane street. Apply directly via official candidate link.,https://www.janestreet.com/join-jane-street/,active,scraped
