match_id,applicant_id,job_id,match_score,score_category,matched_skills,missing_skills,partial_skills,match_reasons,created_at,updated_at,notification_status,telegram_status,email_status
00d5efe3-0c82-4f1a-99df-e0b9b40119f3,aa8fc01d-bd91-42b5-a8dd-58c9aa90d454,job_scraped_a9208a5428,42,poor,,engineering,,"Match Score: 42%

Strong matches:
✓ Remote

Potential gap:
! engineering

Why this job matches:
This role only partially overlaps with your current skills and preferences.",2026-09-04T19:44:13.165Z,2026-09-04T19:44:13.165Z,pending,,
37747d9d-5635-463d-ab3a-998fec68327b,aa8fc01d-bd91-42b5-a8dd-58c9aa90d454,job_scraped_d3b5255ccb,42,poor,,engineering,,"Match Score: 42%

Strong matches:
✓ Remote

Potential gap:
! engineering

Why this job matches:
This role only partially overlaps with your current skills and preferences.",2026-09-04T19:44:13.186Z,2026-09-04T19:44:13.186Z,pending,,
bd1af195-49ad-4e09-949f-c9dfe5427267,aa8fc01d-bd91-42b5-a8dd-58c9aa90d454,job_scraped_e82b659981,42,poor,,trading,,"Match Score: 42%

Strong matches:
✓ Remote

Potential gap:
! trading

Why this job matches:
This role only partially overlaps with your current skills and preferences.",2026-09-04T19:44:13.199Z,2026-09-04T19:44:13.199Z,pending,,
ea186f4c-7447-4bbb-8004-4f1bf0c4b713,baaedf71-9bd7-48da-8120-c69651880dc7,job_scraped_4d6152c59b,30,poor,,engineering,,"Match Score: 30%

Strong matches:
✓ Profile captured

Potential gap:
! engineering

Why this job matches:
This role only partially overlaps with your current skills and preferences.",2026-09-04T19:44:13.324Z,2026-09-04T19:45:09.114Z,pending,,
231b5ae9-8df0-4df3-9565-7cfc95526d1e,baaedf71-9bd7-48da-8120-c69651880dc7,job_scraped_c838e4b200,30,poor,,finance,,"Match Score: 30%

Strong matches:
✓ Profile captured

Potential gap:
! finance

Why this job matches:
This role only partially overlaps with your current skills and preferences.",2026-09-04T19:44:13.414Z,2026-09-04T20:05:45.862Z,pending,,
bf57eb71-223d-4471-9dd0-49238d7f1306,aa8fc01d-bd91-42b5-a8dd-58c9aa90d454,job_scraped_2c64691081,42,poor,,trading,,"Match Score: 42%

Strong matches:
✓ Remote

Potential gap:
! trading

Why this job matches:
This role only partially overlaps with your current skills and preferences.",2026-09-04T19:44:13.467Z,2026-09-04T19:44:13.467Z,pending,,
4760acf0-03be-4a84-9719-c1b2ba485a58,aa8fc01d-bd91-42b5-a8dd-58c9aa90d454,job_scraped_d9d61c7b21,42,poor,,engineering,,"Match Score: 42%

Strong matches:
✓ Remote

Potential gap:
! engineering

Why this job matches:
This role only partially overlaps with your current skills and preferences.",2026-09-04T19:44:13.518Z,2026-09-04T19:44:13.518Z,pending,,
ed4726ae-0329-4934-b0c2-99295e99c780,aa8fc01d-bd91-42b5-a8dd-58c9aa90d454,job_scraped_285eb6ae43,42,poor,,finance,,"Match Score: 42%

Strong matches:
✓ Remote

Potential gap:
! finance

Why this job matches:
This role only partially overlaps with your current skills and preferences.",2026-09-04T19:44:13.533Z,2026-09-04T19:44:13.533Z,pending,,
52cb0ec8-0d87-4f25-8567-4aaacc1fad5d,aa8fc01d-bd91-42b5-a8dd-58c9aa90d454,job_scraped_b58014c722,42,poor,,engineering,,"Match Score: 42%

Strong matches:
✓ Remote

Potential gap:
! engineering

Why this job matches:
This role only partially overlaps with your current skills and preferences.",2026-09-04T19:44:13.558Z,2026-09-04T19:44:13.558Z,pending,,
7aa7c0bf-163d-4eea-85ad-258375c7b574,aa8fc01d-bd91-42b5-a8dd-58c9aa90d454,job_scraped_c2f557bd91,42,poor,,engineering,,"Match Score: 42%

Strong matches:
✓ Remote

Potential gap:
! engineering

Why this job matches:
This role only partially overlaps with your current skills and preferences.",2026-09-04T19:44:13.581Z,2026-09-04T19:44:13.581Z,pending,,
8b4c2cc2-67f9-45e4-8261-507fce56dd47,baaedf71-9bd7-48da-8120-c69651880dc7,job_scraped_ded23062a5,30,poor,,engineering,,"Match Score: 30%

Strong matches:
✓ Profile captured

Potential gap:
! engineering

Why this job matches:
This role only partially overlaps with your current skills and preferences.",2026-09-04T19:44:13.655Z,2026-09-04T19:45:09.708Z,pending,,
5944b0ac-aebc-4729-9579-6c29b6b3e470,baaedf71-9bd7-48da-8120-c69651880dc7,job_scraped_71d0c49636,30,poor,,engineering,,"Match Score: 30%

Strong matches:
✓ Profile captured

Potential gap:
! engineering

Why this job matches:
This role only partially overlaps with your current skills and preferences.",2026-09-04T19:44:13.770Z,2026-09-04T20:05:51.845Z,pending,,
8b777ac8-6d27-42cd-994a-7d5d6ded6309,baaedf71-9bd7-48da-8120-c69651880dc7,job_scraped_0584715e0e,30,poor,,engineering,,"Match Score: 30%

Strong matches:
✓ Profile captured

Potential gap:
! engineering

Why this job matches:
This role only partially overlaps with your current skills and preferences.",2026-09-04T19:44:13.798Z,2026-09-04T19:45:10.180Z,pending,,
f7fb9e73-ef71-4196-ac85-98d1c30dca9b,baaedf71-9bd7-48da-8120-c69651880dc7,job_scraped_aed4ae59a3,27,poor,,engineering,,"Match Score: 27%

Strong matches:
✓ Profile captured

Potential gap:
! engineering
! Seniority mismatch

Why this job matches:
This role only partially overlaps with your current skills and preferences.",2026-09-04T19:44:13.820Z,2026-09-04T20:05:56.162Z,pending,,
060802ed-e5b4-4f77-8170-927ebaf0d6b0,baaedf71-9bd7-48da-8120-c69651880dc7,job_scraped_3fce5e6c1a,30,poor,,engineering,,"Match Score: 30%

Strong matches:
✓ Profile captured

Potential gap:
! engineering

Why this job matches:
This role only partially overlaps with your current skills and preferences.",2026-09-04T19:44:13.848Z,2026-09-04T19:45:10.612Z,pending,,
bb956b4d-6249-4ad3-bcf1-81bb1e9c9566,aa8fc01d-bd91-42b5-a8dd-58c9aa90d454,job_scraped_f06e0e2bf1,42,poor,,engineering,,"Match Score: 42%

Strong matches:
✓ Remote

Potential gap:
! engineering

Why this job matches:
This role only partially overlaps with your current skills and preferences.",2026-09-04T19:44:13.908Z,2026-09-04T19:44:13.908Z,pending,,
f1eb0c6f-7dad-4e2e-b664-cabfbe11cb62,aa8fc01d-bd91-42b5-a8dd-58c9aa90d454,job_scraped_b8ea95d69d,42,poor,,engineering,,"Match Score: 42%

Strong matches:
✓ Remote

Potential gap:
! engineering

Why this job matches:
This role only partially overlaps with your current skills and preferences.",2026-09-04T19:44:13.925Z,2026-09-04T19:44:13.925Z,pending,,
097dc230-d45c-496e-8be6-5c4c9a9bc823,aa8fc01d-bd91-42b5-a8dd-58c9aa90d454,job_scraped_eedc48cb93,42,poor,,product management,,"Match Score: 42%

Strong matches:
✓ Remote

Potential gap:
! product management

Why this job matches:
This role only partially overlaps with your current skills and preferences.",2026-09-04T19:44:13.952Z,2026-09-04T19:44:13.952Z,pending,,
35b150ad-e456-4956-8084-5e934ad5cdb2,baaedf71-9bd7-48da-8120-c69651880dc7,job_scraped_ae78c94500,30,poor,,operations,,"Match Score: 30%

Strong matches:
✓ Profile captured

Potential gap:
! operations

Why this job matches:
This role only partially overlaps with your current skills and preferences.",2026-09-04T19:44:14.185Z,2026-09-04T20:06:01.032Z,pending,,
68273a15-3cb0-417d-bd6f-a82af1f18bf1,aa8fc01d-bd91-42b5-a8dd-58c9aa90d454,job_scraped_2b90373455,42,poor,,sales,,"Match Score: 42%

Strong matches:
✓ Remote

Potential gap:
! sales

Why this job matches:
This role only partially overlaps with your current skills and preferences.",2026-09-04T19:44:14.194Z,2026-09-04T19:44:14.194Z,pending,,
4c508905-eb82-44b5-baba-ff515eae36da,aa8fc01d-bd91-42b5-a8dd-58c9aa90d454,job_scraped_afd2b681b3,42,poor,,sales,,"Match Score: 42%

Strong matches:
✓ Remote

Potential gap:
! sales

Why this job matches:
This role only partially overlaps with your current skills and preferences.",2026-09-04T19:44:14.218Z,2026-09-04T19:44:14.218Z,pending,,
fc9a972a-32e6-4ed5-88c5-ab09bed2ddac,baaedf71-9bd7-48da-8120-c69651880dc7,job_scraped_104e652e4a,34,poor,,smart contracts,,"Match Score: 34%

Strong matches:
✓ Profile captured

Potential gap:
! smart contracts

Why this job matches:
This role only partially overlaps with your current skills and preferences.",2026-09-04T19:44:14.335Z,2026-09-04T19:45:10.995Z,pending,,
641f3093-8719-411c-99b5-d83448857ec8,baaedf71-9bd7-48da-8120-c69651880dc7,job_scraped_1332e52c7c,27,poor,,operations,,"Match Score: 27%

Strong matches:
✓ Profile captured

Potential gap:
! operations
! Seniority mismatch

Why this job matches:
This role only partially overlaps with your current skills and preferences.",2026-09-04T19:44:14.345Z,2026-09-04T20:06:03.320Z,pending,,
0ebf9,aa8fc01d-bd91-42b5-a8dd-58c9aa90d454,job_scraped_8bcba36b9e,42,poor,,engineering,,"Match Score: 42%

Strong matches:
✓ Remote

Potential gap:
! engineering

Why this job matches:
This role only partially overlaps with your current skills and preferences.",2026-09-04T19:44:14.432Z,2026-09-04T19:44:14.432Z,pending,,
2faa141a-b7f5-4c6b-a97c-3c656c663b45,aa8fc01d-bd91-42b5-a8dd-58c9aa90d454,job_scraped_ff7bac4765,42,poor,,marketing,,"Match Score: 42%

Strong matches:
✓ Remote

Potential gap:
! marketing

Why this job matches:
This role only partially overlaps with your current skills and preferences.",2026-09-04T19:44:14.755Z,2026-09-04T19:44:14.755Z,pending,,
bcd2487f-46f5-4d67-a5ae-902f4fcc6712,aa8fc01d-bd91-42b5-a8dd-58c9aa90d454,job_scraped_682ff85cbb,42,poor,,marketing,,"Match Score: 42%

Strong matches:
✓ Remote

Potential gap:
! marketing

Why this job matches:
This role only partially overlaps with your current skills and preferences.",2026-09-04T19:44:14.904Z,2026-09-04T19:44:14.904Z,pending,,
f6488999-dc85-4401-b4db-b60e767996f8,baaedf71-9bd7-48da-8120-c69651880dc7,job_scraped_7fc58578c3,30,poor,,python,,"Match Score: 30%

Strong matches:
✓ Profile captured

Potential gap:
! python

Why this job matches:
This role only partially overlaps with your current skills and preferences.",2026-09-04T19:44:14.914Z,2026-09-04T19:45:12.050Z,pending,,
9812c3ef-91ca-41a9-810d-df0d42fe5306,baaedf71-9bd7-48da-8120-c69651880dc7,job_scraped_3fb2e6ec93,30,poor,,engineering,,"Match Score: 30%

Strong matches:
✓ Profile captured

Potential gap:
! engineering

Why this job matches:
This role only partially overlaps with your current skills and preferences.",2026-09-04T19:44:14.941Z,2026-09-04T20:06:18.256Z,pending,,
df5ee578-e3db-42c7-904e-6b6dcb0687bb,aa8fc01d-bd91-42b5-a8dd-58c9aa90d454,job_scraped_c10ea9166f,42,poor,,quantitative analysis,,"Match Score: 42%

Strong matches:
✓ Remote

Potential gap:
! quantitative analysis

Why this job matches:
This role only partially overlaps with your current skills and preferences.",2026-09-04T19:44:14.973Z,2026-09-04T19:44:14.973Z,pending,,
a306e5f6-3a46-4ce5-9184-3256a27c91ba,aa8fc01d-bd91-42b5-a8dd-58c9aa90d454,job_scraped_d0f7fbf802,42,poor,,quantitative analysis,,"Match Score: 42%

Strong matches:
✓ Remote

Potential gap:
! quantitative analysis

Why this job matches:
This role only partially overlaps with your current skills and preferences.",2026-09-04T19:44:15.081Z,2026-09-04T19:44:15.081Z,pending,,
11e4a075-db37-49a1-90e0-3892a2ccf697,aa8fc01d-bd91-42b5-a8dd-58c9aa90d454,job_scraped_2004492c02,42,poor,,quantitative analysis,,"Match Score: 42%

Strong matches:
✓ Remote

Potential gap:
! quantitative analysis

Why this job matches:
This role only partially overlaps with your current skills and preferences.",2026-09-04T19:44:15.110Z,2026-09-04T19:44:15.110Z,pending,,
84cd325a-172e-4aee-8206-025e2e10fe59,baaedf71-9bd7-48da-8120-c69651880dc7,job_scraped_d150924fc1,30,poor,,engineering,,"Match Score: 30%

Strong matches:
✓ Profile captured

Potential gap:
! engineering

Why this job matches:
This role only partially overlaps with your current skills and preferences.",2026-09-04T19:44:15.173Z,2026-09-04T20:06:22.507Z,pending,,
0c6b5497-5c54-419e-8fff-1e21ac566f5e,baaedf71-9bd7-48da-8120-c69651880dc7,job_scraped_aa757c40e4,27,poor,,executive,,"Match Score: 27%

Strong matches:
✓ Profile captured

Potential gap:
! executive
! Seniority mismatch

Why this job matches:
This role only partially overlaps with your current skills and preferences.",2026-09-04T19:44:15.228Z,2026-09-04T19:45:14.962Z,pending,,
fcf4cc18-bf8f-40d4-92a1-a534d1a891ff,baaedf71-9bd7-48da-8120-c69651880dc7,job_scraped_d4b80b1e84,27,poor,,compliance,,"Match Score: 27%

Strong matches:
✓ Profile captured

Potential gap:
! compliance
! Seniority mismatch

Why this job matches:
This role only partially overlaps with your current skills and preferences.",2026-09-04T19:44:15.356Z,2026-09-04T20:06:29.951Z,pending,,
43c96f93-700e-47f0-a4fe-067d0fe8ee06,baaedf71-9bd7-48da-8120-c69651880dc7,job_scraped_8ab1e4cfb4,30,poor,,research,,"Match Score: 30%

Strong matches:
✓ Profile captured

Potential gap:
! research

Why this job matches:
This role only partially overlaps with your current skills and preferences.",2026-09-04T19:44:15.476Z,2026-09-04T19:45:15.655Z,pending,,
7eb7d911-7480-4dd4-9c10-7cb4643d81d6,baaedf71-9bd7-48da-8120-c69651880dc7,job_scraped_9f317f18ea,27,poor,,design,,"Match Score: 27%

Strong matches:
✓ Profile captured

Potential gap:
! design
! Seniority mismatch

Why this job matches:
This role only partially overlaps with your current skills and preferences.",2026-09-04T19:44:15.540Z,2026-09-04T20:06:36.547Z,pending,,
6f976825-241b-4f6c-b0cc-0a196003d4df,baaedf71-9bd7-48da-8120-c69651880dc7,job_scraped_f066133de4,30,poor,,engineering,,"Match Score: 30%

Strong matches:
✓ Profile captured

Potential gap:
! engineering

Why this job matches:
This role only partially overlaps with your current skills and preferences.",2026-09-04T19:44:15.567Z,2026-09-04T19:45:16.530Z,pending,,
2bc3cadb-2872-42f1-bcd1-c21f011ea7a5,baaedf71-9bd7-48da-8120-c69651880dc7,job_scraped_657cd954fe,27,poor,,research,,"Match Score: 27%

Strong matches:
✓ Profile captured

Potential gap:
! research
! Seniority mismatch

Why this job matches:
This role only partially overlaps with your current skills and preferences.",2026-09-04T19:44:15.592Z,2026-09-04T20:06:40.855Z,pending,,
c06f7482-3379-45bd-beb5-6886da0804ae,baaedf71-9bd7-48da-8120-c69651880dc7,job_scraped_a4047d14a4,30,poor,,engineering,,"Match Score: 30%

Strong matches:
✓ Profile captured

Potential gap:
! engineering

Why this job matches:
This role only partially overlaps with your current skills and preferences.",2026-09-04T19:44:15.781Z,2026-09-04T19:45:17.398Z,pending,,
5e197d02-3c9d-4612-86d7-5a680916d790,baaedf71-9bd7-48da-8120-c69651880dc7,job_scraped_df36c2af05,30,poor,,finance,,"Match Score: 30%

Strong matches:
✓ Profile captured

Potential gap:
! finance

Why this job matches:
This role only partially overlaps with your current skills and preferences.",2026-09-04T19:44:15.806Z,2026-09-04T20:06:50.310Z,pending,,
461ca3ee-c1a5-4125-b078-00d8591b7234,baaedf71-9bd7-48da-8120-c69651880dc7,job_scraped_3a88e9da02,27,poor,,executive,,"Match Score: 27%

Strong matches:
✓ Profile captured

Potential gap:
! executive
! Seniority mismatch

Why this job matches:
This role only partially overlaps with your current skills and preferences.",2026-09-04T19:44:15.841Z,2026-09-04T19:45:17.971Z,pending,,
586d511d-f6bc-47dd-ab18-c1a3c38b91b5,baaedf71-9bd7-48da-8120-c69651880dc7,job_scraped_119dd5540a,27,poor,,finance,,"Match Score: 27%

Strong matches:
✓ Profile captured

Potential gap:
! finance
! Seniority mismatch

Why this job matches:
This role only partially overlaps with your current skills and preferences.",2026-09-04T19:44:15.865Z,2026-09-04T20:06:53.849Z,pending,,
7bfa8860-29c6-44eb-837f-a454490db8d1,baaedf71-9bd7-48da-8120-c69651880dc7,job_scraped_a4a463bdca,30,poor,,sales,,"Match Score: 30%

Strong matches:
✓ Profile captured

Potential gap:
! sales

Why this job matches:
This role only partially overlaps with your current skills and preferences.",2026-09-04T19:44:16.025Z,2026-09-04T19:45:18.609Z,pending,,
d2a1cbe5-b9b1-4c44-b890-0d13117e4ff3,baaedf71-9bd7-48da-8120-c69651880dc7,job_scraped_6beb183d68,27,poor,,legal,,"Match Score: 27%

Strong matches:
✓ Profile captured

Potential gap:
! legal
! Seniority mismatch

Why this job matches:
This role only partially overlaps with your current skills and preferences.",2026-09-04T19:44:16.050Z,2026-09-04T20:06:58.402Z,pending,,
5168d688-e1f4-4897-a86f-d3b728d2389a,baaedf71-9bd7-48da-8120-c69651880dc7,job_scraped_d398837483,30,poor,,marketing,,"Match Score: 30%

Strong matches:
✓ Profile captured

Potential gap:
! marketing

Why this job matches:
This role only partially overlaps with your current skills and preferences.",2026-09-04T19:44:16.077Z,2026-09-04T19:45:18.908Z,pending,,
e8cceb86-a695-4106-9f7d-3b2605d23b59,baaedf71-9bd7-48da-8120-c69651880dc7,job_scraped_c57659e334,27,poor,,legal,,"Match Score: 27%

Strong matches:
✓ Profile captured

Potential gap:
! legal
! Seniority mismatch

Why this job matches:
This role only partially overlaps with your current skills and preferences.",2026-09-04T19:44:16.103Z,2026-09-04T20:07:01.713Z,pending,,
4aa00f04-5acf-4f7c-b954-26e20e67d1a8,baaedf71-9bd7-48da-8120-c69651880dc7,job_scraped_34ca43fe50,30,poor,,community,,"Match Score: 30%

Strong matches:
✓ Profile captured

Potential gap:
! community

Why this job matches:
This role only partially overlaps with your current skills and preferences.",2026-09-04T19:44:16.405Z,2026-09-04T19:45:19.316Z,pending,,
04e26c9d-f6c9-4122-bdd6-1a4ae6a5fbb3,baaedf71-9bd7-48da-8120-c69651880dc7,job_scraped_eebe9b3024,30,poor,,product management,,"Match Score: 30%

Strong matches:
✓ Profile captured

Potential gap:
! product management

Why this job matches:
This role only partially overlaps with your current skills and preferences.",2026-09-04T19:44:16.434Z,2026-09-04T20:07:10.000Z,pending,,
7dfb0bb5-9310-4f83-9d8b-3bcb6289c8b9,baaedf71-9bd7-48da-8120-c69651880dc7,job_scraped_e4ec7d54b7,30,poor,,product management,,"Match Score: 30%

Strong matches:
✓ Profile captured

Potential gap:
! product management

Why this job matches:
This role only partially overlaps with your current skills and preferences.",2026-09-04T19:44:16.448Z,2026-09-04T19:45:19.835Z,pending,,
8716abc0-266f-495d-9eaa-0ae3879f8b65,baaedf71-9bd7-48da-8120-c69651880dc7,job_scraped_038efa3cb3,27,poor,,executive,,"Match Score: 27%

Strong matches:
✓ Profile captured

Potential gap:
! executive
! Seniority mismatch

Why this job matches:
This role only partially overlaps with your current skills and preferences.",2026-09-04T19:44:16.477Z,2026-09-04T20:07:20.577Z,pending,,
f87ff41d-f1c7-4d93-8ffb-9503c209d4f9,baaedf71-9bd7-48da-8120-c69651880dc7,job_scraped_7875587e09,30,poor,,engineering,,"Match Score: 30%

Strong matches:
✓ Profile captured

Potential gap:
! engineering

Why this job matches:
This role only partially overlaps with your current skills and preferences.",2026-09-04T19:44:16.703Z,2026-09-04T19:45:20.309Z,pending,,
dd2ee87d-f696-4a1f-aad7-4c14e27752e0,baaedf71-9bd7-48da-8120-c69651880dc7,job_scraped_45f311f48b,30,poor,,compliance,,"Match Score: 30%

Strong matches:
✓ Profile captured

Potential gap:
! compliance

Why this job matches:
This role only partially overlaps with your current skills and preferences.",2026-09-04T19:44:16.734Z,2026-09-04T20:07:24.241Z,pending,,
6ac9cbb0-e6e2-4433-a182-d80f95f683da,baaedf71-9bd7-48da-8120-c69651880dc7,job_scraped_27db1ac59c,30,poor,,engineering,,"Match Score: 30%

Strong matches:
✓ Profile captured

Potential gap:
! engineering

Why this job matches:
This role only partially overlaps with your current skills and preferences.",2026-09-04T19:44:16.888Z,2026-09-04T19:45:20.681Z,pending,,
bd19fbe3-7469-4cd8-8c09-048a64c0222e,baaedf71-9bd7-48da-8120-c69651880dc7,job_scraped_c5da87b454,30,poor,,executive,,"Match Score: 30%

Strong matches:
✓ Profile captured

Potential gap:
! executive

Why this job matches:
This role only partially overlaps with your current skills and preferences.",2026-09-04T19:44:16.899Z,2026-09-04T20:07:34.462Z,pending,,
1eb1ae6f-8821-4088-8522-88a17df8e091,baaedf71-9bd7-48da-8120-c69651880dc7,job_scraped_f93b4e2ef8,30,poor,,sales,,"Match Score: 30%

Strong matches:
✓ Profile captured

Potential gap:
! sales

Why this job matches:
This role only partially overlaps with your current skills and preferences.",2026-09-04T19:44:16.942Z,2026-09-04T19:45:21.284Z,pending,,
28ca2a33-9fb1-4493-be52-f93cdfaf2447,baaedf71-9bd7-48da-8120-c69651880dc7,job_scraped_e73c7d211a,30,poor,,executive,,"Match Score: 30%

Strong matches:
✓ Profile captured

Potential gap:
! executive

Why this job matches:
This role only partially overlaps with your current skills and preferences.",2026-09-04T19:44:16.955Z,2026-09-04T20:07:38.359Z,pending,,
354b676d-9606-401b-8158-1594296134cd,baaedf71-9bd7-48da-8120-c69651880dc7,job_scraped_72207890de,30,poor,,executive,,"Match Score: 30%

Strong matches:
✓ Profile captured

Potential gap:
! executive

Why this job matches:
This role only partially overlaps with your current skills and preferences.",2026-09-04T19:44:16.982Z,2026-09-04T19:45:21.567Z,pending,,
cb08fea5-1f11-4255-93c4-495d2f3c29c3,baaedf71-9bd7-48da-8120-c69651880dc7,job_scraped_ed847cad9d,33,poor,,engineering,,"Match Score: 33%

Strong matches:
✓ Profile captured

Potential gap:
! engineering

Why this job matches:
This role only partially overlaps with your current skills and preferences.",2026-09-04T19:44:17.001Z,2026-09-04T20:07:42.257Z,pending,,
4dfe21b0-bba3-48b4-87b4-91984da812f4,baaedf71-9bd7-48da-8120-c69651880dc7,job_scraped_7622dac229,30,poor,,finance,,"Match Score: 30%

Strong matches:
✓ Profile captured

Potential gap:
! finance

Why this job matches:
This role only partially overlaps with your current skills and preferences.",2026-09-04T19:44:17.350Z,2026-09-04T19:45:22.030Z,pending,,
68b4bb7e-91cc-4585-bc79-d7b1ffc65b71,baaedf71-9bd7-48da-8120-c69651880dc7,job_scraped_4eb10ba4ce,27,poor,,engineering,,"Match Score: 27%

Strong matches:
✓ Profile captured

Potential gap:
! engineering
! Seniority mismatch

Why this job matches:
This role only partially overlaps with your current skills and preferences.",2026-09-04T19:44:17.515Z,2026-09-04T20:07:47.504Z,pending,,
6793a7c9-fbcd-4d04-9aea-cb5c378babd6,baaedf71-9bd7-48da-8120-c69651880dc7,job_scraped_86cb84b94c,30,poor,,design,,"Match Score: 30%

Strong matches:
✓ Profile captured

Potential gap:
! design

Why this job matches:
This role only partially overlaps with your current skills and preferences.",2026-09-04T19:44:17.549Z,2026-09-04T19:45:22.589Z,pending,,
8423ab64-f274-4915-a9a9-07d1d984e7c9,baaedf71-9bd7-48da-8120-c69651880dc7,job_scraped_e3a3fc6196,27,poor,,engineering,,"Match Score: 27%

Strong matches:
✓ Profile captured

Potential gap:
! engineering
! Seniority mismatch

Why this job matches:
This role only partially overlaps with your current skills and preferences.",2026-09-04T19:44:17.680Z,2026-09-04T20:07:50.073Z,pending,,
fc4da2e0-f66c-4373-81b3-7504c5f7d301,baaedf71-9bd7-48da-8120-c69651880dc7,job_scraped_883b0464ff,30,poor,,engineering,,"Match Score: 30%

Strong matches:
✓ Profile captured

Potential gap:
! engineering

Why this job matches:
This role only partially overlaps with your current skills and preferences.",2026-09-04T19:44:17.723Z,2026-09-04T19:45:23.022Z,pending,,
439e5678-24c4-4170-952c-c41f9bc64842,baaedf71-9bd7-48da-8120-c69651880dc7,job_scraped_4cc4f7798d,30,poor,,engineering,,"Match Score: 30%

Strong matches:
✓ Profile captured

Potential gap:
! engineering

Why this job matches:
This role only partially overlaps with your current skills and preferences.",2026-09-04T19:44:17.757Z,2026-09-04T20:07:57.653Z,pending,,
e6d12474-600a-4c0d-b805-5f1ab3264247,baaedf71-9bd7-48da-8120-c69651880dc7,job_scraped_7f1caac9a6,30,poor,,engineering,,"Match Score: 30%

Strong matches:
✓ Profile captured

Potential gap:
! engineering

Why this job matches:
This role only partially overlaps with your current skills and preferences.",2026-09-04T19:44:18.123Z,2026-09-04T19:45:23.555Z,pending,,
6279d8ef-c8e0-48e6-be9c-1425aa4def98,baaedf71-9bd7-48da-8120-c69651880dc7,job_scraped_6c4101bb6c,30,poor,,engineering,,"Match Score: 30%

Strong matches:
✓ Profile captured

Potential gap:
! engineering

Why this job matches:
This role only partially overlaps with your current skills and preferences.",2026-09-04T19:44:18.206Z,2026-09-04T20:08:00.857Z,pending,,
9a857fcf-486d-4282-bd90-07103448cf33,baaedf71-9bd7-48da-8120-c69651880dc7,job_scraped_887c5ad775,30,poor,,engineering,,"Match Score: 30%

Strong matches:
✓ Profile captured

Potential gap:
! engineering

Why this job matches:
This role only partially overlaps with your current skills and preferences.",2026-09-04T19:44:18.233Z,2026-09-04T19:45:23.883Z,pending,,
1707b6b8-6e13-4ae7-bf17-f65a467d6543,baaedf71-9bd7-48da-8120-c69651880dc7,job_scraped_b2a9b27cc9,27,poor,,hr,,"Match Score: 27%

Strong matches:
✓ Profile captured

Potential gap:
! hr
! Seniority mismatch

Why this job matches:
This role only partially overlaps with your current skills and preferences.",2026-09-04T19:44:18.262Z,2026-09-04T20:08:03.532Z,pending,,
0521a39b-4686-4b9a-9ad3-9658bd9af644,baaedf71-9bd7-48da-8120-c69651880dc7,job_scraped_c83a919afe,30,poor,,legal,,"Match Score: 30%

Strong matches:
✓ Profile captured

Potential gap:
! legal

Why this job matches:
This role only partially overlaps with your current skills and preferences.",2026-09-04T19:44:18.456Z,2026-09-04T19:45:24.259Z,pending,,
1c5fbbf8-f4ae-47b5-a8a1-22ed04ffcf75,baaedf71-9bd7-48da-8120-c69651880dc7,job_scraped_0ce3909943,27,poor,,rust,,"Match Score: 27%

Strong matches:
✓ Profile captured

Potential gap:
! rust
! Seniority mismatch

Why this job matches:
This role only partially overlaps with your current skills and preferences.",2026-09-04T19:44:18.487Z,2026-09-04T20:08:08.238Z,pending,,
313e7e47-3e3c-44e5-8532-f47c3cc38e16,baaedf71-9bd7-48da-8120-c69651880dc7,job_scraped_4bee82d0b4,30,poor,,marketing,,"Match Score: 30%

Strong matches:
✓ Profile captured

Potential gap:
! marketing

Why this job matches:
This role only partially overlaps with your current skills and preferences.",2026-09-04T19:44:18.517Z,2026-09-04T19:45:24.915Z,pending,,
ac3cdb04-eff4-403c-a3f2-4b8ffdbf370a,baaedf71-9bd7-48da-8120-c69651880dc7,job_scraped_4f58752421,27,poor,,engineering,,"Match Score: 27%

Strong matches:
✓ Profile captured

Potential gap:
! engineering
! Seniority mismatch

Why this job matches:
This role only partially overlaps with your current skills and preferences.",2026-09-04T19:44:18.717Z,2026-09-04T20:08:17.250Z,pending,,
02026011-0b51-4de9-9ccf-6fb75267a5e6,baaedf71-9bd7-48da-8120-c69651880dc7,job_scraped_e3637220c9,30,poor,,operations,,"Match Score: 30%

Strong matches:
✓ Profile captured

Potential gap:
! operations

Why this job matches:
This role only partially overlaps with your current skills and preferences.",2026-09-04T19:44:18.741Z,2026-09-04T19:45:28.180Z,pending,,
1588457f-93bc-481b-90ca-51572c24841d,baaedf71-9bd7-48da-8120-c69651880dc7,job_scraped_5c71536ca3,27,poor,,legal,,"Match Score: 27%

Strong matches:
✓ Profile captured

Potential gap:
! legal
! Seniority mismatch

Why this job matches:
This role only partially overlaps with your current skills and preferences.",2026-09-04T19:44:18.761Z,2026-09-04T20:08:26.300Z,pending,,
4af19867-6283-49ac-9b57-7567dea2ea72,baaedf71-9bd7-48da-8120-c69651880dc7,job_scraped_4b4e55ba30,30,poor,,operations,,"Match Score: 30%

Strong matches:
✓ Profile captured

Potential gap:
! operations

Why this job matches:
This role only partially overlaps with your current skills and preferences.",2026-09-04T19:44:19.024Z,2026-09-04T19:45:30.437Z,pending,,
5a7763e9-5d72-416a-a748-5c0b0a54488e,baaedf71-9bd7-48da-8120-c69651880dc7,job_scraped_c8d404620c,30,poor,,engineering,,"Match Score: 30%

Strong matches:
✓ Profile captured

Potential gap:
! engineering

Why this job matches:
This role only partially overlaps with your current skills and preferences.",2026-09-04T19:44:19.143Z,2026-09-04T20:08:32.142Z,pending,,
8e5d2bcf-bae5-4477-b026-878368b95dd3,baaedf71-9bd7-48da-8120-c69651880dc7,job_scraped_80497c8308,30,poor,,hr,,"Match Score: 30%

Strong matches:
✓ Profile captured

Potential gap:
! hr

Why this job matches:
This role only partially overlaps with your current skills and preferences.",2026-09-04T19:44:19.266Z,2026-09-04T19:45:32.395Z,pending,,
8c6dfb6c-6ff6-4e18-8062-ef100bd20e83,baaedf71-9bd7-48da-8120-c69651880dc7,job_scraped_c9dd1abb2d,30,poor,,marketing,,"Match Score: 30%

Strong matches:
✓ Profile captured

Potential gap:
! marketing

Why this job matches:
This role only partially overlaps with your current skills and preferences.",2026-09-04T19:44:19.443Z,2026-09-04T20:08:37.080Z,pending,,
b37e5ab9-6c5d-44fa-9f64-a72c91553486,baaedf71-9bd7-48da-8120-c69651880dc7,job_scraped_ac24e99c67,30,poor,,product management,,"Match Score: 30%

Strong matches:
✓ Profile captured

Potential gap:
! product management

Why this job matches:
This role only partially overlaps with your current skills and preferences.",2026-09-04T19:44:19.471Z,2026-09-04T19:45:33.932Z,pending,,
14727c36-1a4c-4dd7-b7fd-288bfd2d310f,baaedf71-9bd7-48da-8120-c69651880dc7,job_scraped_e12a1b0088,27,poor,,legal,,"Match Score: 27%

Strong matches:
✓ Profile captured

Potential gap:
! legal
! Seniority mismatch

Why this job matches:
This role only partially overlaps with your current skills and preferences.",2026-09-04T19:44:19.500Z,2026-09-04T20:08:43.550Z,pending,,
2e5f3a67-848b-4881-b686-a7e402ff9df0,baaedf71-9bd7-48da-8120-c69651880dc7,job_scraped_5480b3e7d2,42,poor,,engineering,,"Match Score: 42%

Strong matches:
✓ Target role alignment

Potential gap:
! engineering
! Seniority mismatch

Why this job matches:
This role only partially overlaps with your current skills and preferences.",2026-09-04T19:44:19.527Z,2026-09-04T19:45:35.425Z,pending,,
24044fc0-4af2-408e-b8d4-ea85bc95fc45,baaedf71-9bd7-48da-8120-c69651880dc7,job_scraped_71a014f26b,27,poor,,marketing,,"Match Score: 27%

Strong matches:
✓ Profile captured

Potential gap:
! marketing
! Seniority mismatch

Why this job matches:
This role only partially overlaps with your current skills and preferences.",2026-09-04T19:44:19.768Z,2026-09-04T20:08:46.765Z,pending,,
acb7410e-2929-4d71-94a4-df5b464b3bb4,baaedf71-9bd7-48da-8120-c69651880dc7,job_scraped_48b3aa9555,30,poor,,solana,,"Match Score: 30%

Strong matches:
✓ Profile captured

Potential gap:
! solana

Why this job matches:
This role only partially overlaps with your current skills and preferences.",2026-09-04T19:44:20.037Z,2026-09-04T19:45:37.456Z,pending,,
df87649f-2c9a-40d8-b669-73509db8d5cb,baaedf71-9bd7-48da-8120-c69651880dc7,job_scraped_3796eb05ab,27,poor,,engineering,,"Match Score: 27%

Strong matches:
✓ Profile captured

Potential gap:
! engineering
! Seniority mismatch

Why this job matches:
This role only partially overlaps with your current skills and preferences.",2026-09-04T19:44:20.193Z,2026-09-04T20:08:51.272Z,pending,,
d2c7a9b2-41d9-4e0b-a1c7-01825c2ebf03,baaedf71-9bd7-48da-8120-c69651880dc7,job_scraped_e34efd9aac,30,poor,,marketing,,"Match Score: 30%

Strong matches:
✓ Profile captured

Potential gap:
! marketing

Why this job matches:
This role only partially overlaps with your current skills and preferences.",2026-09-04T19:44:20.339Z,2026-09-04T19:45:40.283Z,pending,,
40593c66-3a0d-4d55-9a55-a15da9f4d1a0,baaedf71-9bd7-48da-8120-c69651880dc7,job_scraped_4150978aef,30,poor,,sales,,"Match Score: 30%

Strong matches:
✓ Profile captured

Potential gap:
! sales

Why this job matches:
This role only partially overlaps with your current skills and preferences.",2026-09-04T19:44:20.370Z,2026-09-04T20:08:58.033Z,pending,,
7c055154-9b2f-4e0f-a2e3-6c60fe5ab360,baaedf71-9bd7-48da-8120-c69651880dc7,job_scraped_a6161f7055,30,poor,,engineering,,"Match Score: 30%

Strong matches:
✓ Profile captured

Potential gap:
! engineering

Why this job matches:
This role only partially overlaps with your current skills and preferences.",2026-09-04T19:44:20.593Z,2026-09-04T19:45:41.286Z,pending,,
64b24ab5-ceb8-4842-b553-cbaf139e1442,baaedf71-9bd7-48da-8120-c69651880dc7,job_scraped_8f6d25c6f5,30,poor,,executive,,"Match Score: 30%

Strong matches:
✓ Profile captured

Potential gap:
! executive

Why this job matches:
This role only partially overlaps with your current skills and preferences.",2026-09-04T19:44:20.634Z,2026-09-04T20:09:03.267Z,pending,,
f5a25fad-2d61-4d1f-ab93-ef22dc5b9573,baaedf71-9bd7-48da-8120-c69651880dc7,job_scraped_601146da49,30,poor,,engineering,,"Match Score: 30%

Strong matches:
✓ Profile captured

Potential gap:
! engineering

Why this job matches:
This role only partially overlaps with your current skills and preferences.",2026-09-04T19:44:20.667Z,2026-09-04T19:45:41.907Z,pending,,
7ed56ac1-0ea7-49b4-bbc7-bffe6ad95a8b,baaedf71-9bd7-48da-8120-c69651880dc7,job_scraped_fcd87e2d10,27,poor,,sales,,"Match Score: 27%

Strong matches:
✓ Profile captured

Potential gap:
! sales
! Seniority mismatch

Why this job matches:
This role only partially overlaps with your current skills and preferences.",2026-09-04T19:44:21.000Z,2026-09-04T20:09:12.236Z,pending,,
59cb0433-76cd-49b7-a2bf-5b0939714c49,baaedf71-9bd7-48da-8120-c69651880dc7,job_scraped_7c70a7b7d0,30,poor,,engineering,,"Match Score: 30%

Strong matches:
✓ Profile captured

Potential gap:
! engineering

Why this job matches:
This role only partially overlaps with your current skills and preferences.",2026-09-04T19:44:21.158Z,2026-09-04T19:45:43.141Z,pending,,
069a6941-735c-4494-ac7e-92ab57a3bff8,baaedf71-9bd7-48da-8120-c69651880dc7,job_scraped_7db74ecf50,27,poor,,legal,,"Match Score: 27%

Strong matches:
✓ Profile captured

Potential gap:
! legal
! Seniority mismatch

Why this job matches:
This role only partially overlaps with your current skills and preferences.",2026-09-04T19:44:21.314Z,2026-09-04T20:09:14.436Z,pending,,
cc45df85-9c53-4924-94c4-65c968909273,baaedf71-9bd7-48da-8120-c69651880dc7,job_scraped_bc34b1ddb9,27,poor,,engineering,,"Match Score: 27%

Strong matches:
✓ Profile captured

Potential gap:
! engineering
! Seniority mismatch

Why this job matches:
This role only partially overlaps with your current skills and preferences.",2026-09-04T19:44:21.344Z,2026-09-04T19:45:44.664Z,pending,,
69c015fb-cf5c-4cd3-bb63-1feda5d50b93,baaedf71-9bd7-48da-8120-c69651880dc7,job_scraped_e161520c15,27,poor,,sales,,"Match Score: 27%

Strong matches:
✓ Profile captured

Potential gap:
! sales
! Seniority mismatch

Why this job matches:
This role only partially overlaps with your current skills and preferences.",2026-09-04T19:44:21.371Z,2026-09-04T20:09:16.904Z,pending,,
efd1f43d-c8d6-4e18-9da4-cb96fe3760eb,baaedf71-9bd7-48da-8120-c69651880dc7,job_scraped_59b14f56ab,34,poor,,design,,"Match Score: 34%

Strong matches:
✓ Profile captured

Potential gap:
! design

Why this job matches:
This role only partially overlaps with your current skills and preferences.",2026-09-04T19:44:21.405Z,2026-09-04T19:45:46.231Z,pending,,
bde605d4-1015-41e7-9bfb-5e4bd5f425e4,baaedf71-9bd7-48da-8120-c69651880dc7,job_scraped_6e23e45462,30,poor,,compliance,,"Match Score: 30%

Strong matches:
✓ Profile captured

Potential gap:
! compliance

Why this job matches:
This role only partially overlaps with your current skills and preferences.",2026-09-04T19:44:21.842Z,2026-09-04T20:09:22.602Z,pending,,
b683bca4-139e-4648-8ae7-929d0b007610,baaedf71-9bd7-48da-8120-c69651880dc7,job_scraped_7cf4f165d0,30,poor,,engineering,,"Match Score: 30%

Strong matches:
✓ Profile captured

Potential gap:
! engineering

Why this job matches:
This role only partially overlaps with your current skills and preferences.",2026-09-04T19:44:21.902Z,2026-09-04T19:45:47.442Z,pending,,
d261b654-b27e-4d36-841c-29557fc6d9f6,baaedf71-9bd7-48da-8120-c69651880dc7,job_scraped_b24ce7ab68,27,poor,,legal,,"Match Score: 27%

Strong matches:
✓ Profile captured

Potential gap:
! legal
! Seniority mismatch

Why this job matches:
This role only partially overlaps with your current skills and preferences.",2026-09-04T19:44:21.998Z,2026-09-04T20:09:26.934Z,pending,,
269bc2f3-7d78-4b98-8e0a-0c737c95f2a6,baaedf71-9bd7-48da-8120-c69651880dc7,job_scraped_c6b50bc6d9,27,poor,,product management,,"Match Score: 27%

Strong matches:
✓ Profile captured

Potential gap:
! product management
! Seniority mismatch

Why this job matches:
This role only partially overlaps with your current skills and preferences.",2026-09-04T19:44:22.021Z,2026-09-04T19:45:48.449Z,pending,,
511cd64f-3c1b-4cef-b120-447273c10338,baaedf71-9bd7-48da-8120-c69651880dc7,job_scraped_daf50602c8,27,poor,,engineering,,"Match Score: 27%

Strong matches:
✓ Profile captured

Potential gap:
! engineering
! Seniority mismatch

Why this job matches:
This role only partially overlaps with your current skills and preferences.",2026-09-04T19:44:22.049Z,2026-09-04T20:09:32.096Z,pending,,
5e76a35a-1a3d-43e1-a688-583a57478367,baaedf71-9bd7-48da-8120-c69651880dc7,job_scraped_722281f7c4,30,poor,,finance,,"Match Score: 30%

Strong matches:
✓ Profile captured

Potential gap:
! finance

Why this job matches:
This role only partially overlaps with your current skills and preferences.",2026-09-04T19:44:22.355Z,2026-09-04T19:45:49.366Z,pending,,
95a6eacd-30cf-47bf-a236-e688e6a4364a,baaedf71-9bd7-48da-8120-c69651880dc7,job_scraped_8792f80765,27,poor,,engineering,,"Match Score: 27%

Strong matches:
✓ Profile captured

Potential gap:
! engineering
! Seniority mismatch

Why this job matches:
This role only partially overlaps with your current skills and preferences.",2026-09-04T19:44:22.382Z,2026-09-04T20:09:36.036Z,pending,,
272cf4c8-0465-4710-8ce9-1700dd1ebf78,baaedf71-9bd7-48da-8120-c69651880dc7,job_scraped_7aa007d0b3,30,poor,,finance,,"Match Score: 30%

Strong matches:
✓ Profile captured

Potential gap:
! finance

Why this job matches:
This role only partially overlaps with your current skills and preferences.",2026-09-04T19:44:22.407Z,2026-09-04T19:45:50.144Z,pending,,
86633f8e-ceec-4871-9b8d-2b70a17ddbf7,baaedf71-9bd7-48da-8120-c69651880dc7,job_scraped_bdc4ee040a,30,poor,,hr,,"Match Score: 30%

Strong matches:
✓ Profile captured

Potential gap:
! hr
! Seniority mismatch

Why this job matches:
This role only partially overlaps with your current skills and preferences.",2026-09-04T19:44:22.426Z,2026-09-04T20:09:38.299Z,pending,,
1b55efcd-5e85-48d1-9bcc-a86668e9ad43,baaedf71-9bd7-48da-8120-c69651880dc7,job_scraped_be45a6c760,27,poor,,engineering,,"Match Score: 27%

Strong matches:
✓ Profile captured

Potential gap:
! engineering
! Seniority mismatch

Why this job matches:
This role only partially overlaps with your current skills and preferences.",2026-09-04T19:44:22.741Z,2026-09-04T19:45:52.841Z,pending,,
bfee78bc-95cc-40a0-af2e-34990ce19695,baaedf71-9bd7-48da-8120-c69651880dc7,job_scraped_dc04d9df4b,30,poor,,research,,"Match Score: 30%

Strong matches:
✓ Profile captured

Potential gap:
! research

Why this job matches:
This role only partially overlaps with your current skills and preferences.",2026-09-04T19:44:23.015Z,2026-09-04T20:09:44.510Z,pending,,
763c36c5-c83d-4daf-a171-491c954a3826,baaedf71-9bd7-48da-8120-c69651880dc7,job_scraped_43be2dda72,34,poor,,engineering,,"Match Score: 34%

Strong matches:
✓ Profile captured

Potential gap:
! engineering

Why this job matches:
This role only partially overlaps with your current skills and preferences.",2026-09-04T19:44:23.044Z,2026-09-04T19:45:53.348Z,pending,,
46dd6751-8b4a-4463-8605-46f0a33a1a4e,baaedf71-9bd7-48da-8120-c69651880dc7,job_scraped_a5b05cf554,30,poor,,engineering,,"Match Score: 30%

Strong matches:
✓ Profile captured

Potential gap:
! engineering

Why this job matches:
This role only partially overlaps with your current skills and preferences.",2026-09-04T19:44:23.207Z,2026-09-04T20:09:50.632Z,pending,,
144ec52a-2a6a-45c1-a058-8a35862e05dc,baaedf71-9bd7-48da-8120-c69651880dc7,job_scraped_24b2416d37,30,poor,,trading|marketing|product management,,"Match Score: 30%

Strong matches:
✓ Profile captured

Potential gap:
! trading
! marketing
! product management

Why this job matches:
This role only partially overlaps with your current skills and preferences.",2026-09-04T19:44:23.229Z,2026-09-04T19:45:53.842Z,pending,,
f9e0f94f-7a1d-4fdf-8822-bccd2170958c,baaedf71-9bd7-48da-8120-c69651880dc7,job_scraped_5774bb79d8,30,poor,,executive,,"Match Score: 30%

Strong matches:
✓ Profile captured

Potential gap:
! executive

Why this job matches:
This role only partially overlaps with your current skills and preferences.",2026-09-04T19:44:23.552Z,2026-09-04T20:09:55.313Z,pending,,
abae6fb2-a2b5-4f20-81b7-039e2bb13969,baaedf71-9bd7-48da-8120-c69651880dc7,job_scraped_64a6a4a4d6,30,poor,,executive,,"Match Score: 30%

Strong matches:
✓ Profile captured

Potential gap:
! executive

Why this job matches:
This role only partially overlaps with your current skills and preferences.",2026-09-04T19:44:23.624Z,2026-09-04T19:45:54.530Z,pending,,
5ae2b39c-f8d7-4d61-988c-715708b01719,baaedf71-9bd7-48da-8120-c69651880dc7,job_scraped_9a90e72379,27,poor,,smart contracts,,"Match Score: 27%

Strong matches:
✓ Profile captured

Potential gap:
! smart contracts
! Seniority mismatch

Why this job matches:
This role only partially overlaps with your current skills and preferences.",2026-09-04T19:44:23.886Z,2026-09-04T20:10:01.133Z,pending,,
2724242f-2234-4e87-8c33-e18478883e97,baaedf71-9bd7-48da-8120-c69651880dc7,job_scraped_28a390de1e,27,poor,,engineering,,"Match Score: 27%

Strong matches:
✓ Profile captured

Potential gap:
! engineering
! Seniority mismatch

Why this job matches:
This role only partially overlaps with your current skills and preferences.",2026-09-04T19:44:23.918Z,2026-09-04T19:45:54.793Z,pending,,
1f6f5814-1fa4-4de9-a4d4-43624995491b,baaedf71-9bd7-48da-8120-c69651880dc7,job_scraped_1ec868f17b,30,poor,,sales,,"Match Score: 30%

Strong matches:
✓ Profile captured

Potential gap:
! sales

Why this job matches:
This role only partially overlaps with your current skills and preferences.",2026-09-04T19:44:24.005Z,2026-09-04T20:10:03.335Z,pending,,
fff64bd7-ce69-4925-9b54-fae2bd83852b,baaedf71-9bd7-48da-8120-c69651880dc7,job_scraped_9a3dd9af31,27,poor,,product management,,"Match Score: 27%

Strong matches:
✓ Profile captured

Potential gap:
! product management
! Seniority mismatch

Why this job matches:
This role only partially overlaps with your current skills and preferences.",2026-09-04T19:44:24.043Z,2026-09-04T19:45:55.333Z,pending,,
1b3ee5d3-b692-4d71-b761-5c14e5553039,baaedf71-9bd7-48da-8120-c69651880dc7,job_scraped_22fc4da00f,27,poor,,executive,,"Match Score: 27%

Strong matches:
✓ Profile captured

Potential gap:
! executive
! Seniority mismatch

Why this job matches:
This role only partially overlaps with your current skills and preferences.",2026-09-04T19:44:24.337Z,2026-09-04T20:10:06.312Z,pending,,
53f44126-0314-4e05-915d-99a404896e2e,baaedf71-9bd7-48da-8120-c69651880dc7,job_scraped_1d2f02ac5e,30,poor,,engineering,,"Match Score: 30%

Strong matches:
✓ Profile captured

Potential gap:
! engineering

Why this job matches:
This role only partially overlaps with your current skills and preferences.",2026-09-04T19:44:24.390Z,2026-09-04T19:45:55.857Z,pending,,
eb04b115-32b1-4bc6-918d-40b78ee3d7de,baaedf71-9bd7-48da-8120-c69651880dc7,job_scraped_567685d408,30,poor,,executive,,"Match Score: 30%

Strong matches:
✓ Profile captured

Potential gap:
! executive

Why this job matches:
This role only partially overlaps with your current skills and preferences.",2026-09-04T19:44:24.757Z,2026-09-04T20:10:11.158Z,pending,,
5a3381d5-dffe-4a06-b12e-df20729a493d,baaedf71-9bd7-48da-8120-c69651880dc7,job_scraped_c2c875385a,27,poor,,engineering,,"Match Score: 27%

Strong matches:
✓ Profile captured

Potential gap:
! engineering
! Seniority mismatch

Why this job matches:
This role only partially overlaps with your current skills and preferences.",2026-09-04T19:44:24.850Z,2026-09-04T19:45:56.149Z,pending,,
d6d42eea-05c6-46d3-9e3e-23161af20144,baaedf71-9bd7-48da-8120-c69651880dc7,job_scraped_a9cdd7b51e,27,poor,,legal,,"Match Score: 27%

Strong matches:
✓ Profile captured

Potential gap:
! legal
! Seniority mismatch

Why this job matches:
This role only partially overlaps with your current skills and preferences.",2026-09-04T19:44:24.879Z,2026-09-04T20:10:14.402Z,pending,,
78f324d5-31a3-4471-9de9-5513e810c8d6,baaedf71-9bd7-48da-8120-c69651880dc7,job_scraped_c7eb703c29,27,poor,,engineering,,"Match Score: 27%

Strong matches:
✓ Profile captured

Potential gap:
! engineering
! Seniority mismatch

Why this job matches:
This role only partially overlaps with your current skills and preferences.",2026-09-04T19:44:24.909Z,2026-09-04T19:45:56.783Z,pending,,
9e403f60-605d-499a-9dc9-852c6c35da41,baaedf71-9bd7-48da-8120-c69651880dc7,job_scraped_d952b86b1f,30,poor,,compliance,,"Match Score: 30%

Strong matches:
✓ Profile captured

Potential gap:
! compliance

Why this job matches:
This role only partially overlaps with your current skills and preferences.",2026-09-04T19:44:25.238Z,2026-09-04T20:10:18.680Z,pending,,
649c6022-fc51-4d59-bec4-6186abe1fbc7,baaedf71-9bd7-48da-8120-c69651880dc7,job_scraped_e119ff1e66,27,poor,,engineering,,"Match Score: 27%

Strong matches:
✓ Profile captured

Potential gap:
! engineering
! Seniority mismatch

Why this job matches:
This role only partially overlaps with your current skills and preferences.",2026-09-04T19:44:25.308Z,2026-09-04T19:45:57.951Z,pending,,
c565cbaf-bc26-403e-956b-6183ab67e941,baaedf71-9bd7-48da-8120-c69651880dc7,job_scraped_83b0c5cb00,27,poor,,legal,,"Match Score: 27%

Strong matches:
✓ Profile captured

Potential gap:
! legal
! Seniority mismatch

Why this job matches:
This role only partially overlaps with your current skills and preferences.",2026-09-04T19:44:25.478Z,2026-09-04T20:10:24.809Z,pending,,
a4b9250f-093b-4e34-ad83-fb47d4638c8f,baaedf71-9bd7-48da-8120-c69651880dc7,job_scraped_f9e3b05c4c,27,poor,,engineering,,"Match Score: 27%

Strong matches:
✓ Profile captured

Potential gap:
! engineering
! Seniority mismatch

Why this job matches:
This role only partially overlaps with your current skills and preferences.",2026-09-04T19:44:25.538Z,2026-09-04T19:45:58.530Z,pending,,
df6454f0-be02-49c1-b091-fe02f61c2e19,baaedf71-9bd7-48da-8120-c69651880dc7,job_scraped_5294a09ac1,30,poor,,engineering,,"Match Score: 30%

Strong matches:
✓ Profile captured

Potential gap:
! engineering

Why this job matches:
This role only partially overlaps with your current skills and preferences.",2026-09-04T19:44:25.790Z,2026-09-04T20:10:29.210Z,pending,,
1b1fa1ae-fe2c-48a9-99e0-f51d1c93aa2a,baaedf71-9bd7-48da-8120-c69651880dc7,job_scraped_780beed786,27,poor,,engineering,,"Match Score: 27%

Strong matches:
✓ Profile captured

Potential gap:
! engineering
! Seniority mismatch

Why this job matches:
This role only partially overlaps with your current skills and preferences.",2026-09-04T19:44:25.831Z,2026-09-04T19:45:59.144Z,pending,,
53735d20-5c75-4eb0-ab62-a908fd3693dc,baaedf71-9bd7-48da-8120-c69651880dc7,job_scraped_a8d4919b7e,30,poor,,engineering,,"Match Score: 30%

Strong matches:
✓ Profile captured

Potential gap:
! engineering

Why this job matches:
This role only partially overlaps with your current skills and preferences.",2026-09-04T19:44:26.041Z,2026-09-04T20:10:33.299Z,pending,,
24bc0378-0773-4773-af4f-0a4bffb1528d,baaedf71-9bd7-48da-8120-c69651880dc7,job_scraped_12c1649607,27,poor,,trading,,"Match Score: 27%

Strong matches:
✓ Profile captured

Potential gap:
! trading
! Seniority mismatch

Why this job matches:
This role only partially overlaps with your current skills and preferences.",2026-09-04T19:44:26.263Z,2026-09-04T19:45:59.716Z,pending,,
0d07d63e-eb89-48c1-b596-6c67462854d2,baaedf71-9bd7-48da-8120-c69651880dc7,job_scraped_766da05f61,30,poor,,engineering,,"Match Score: 30%

Strong matches:
✓ Profile captured

Potential gap:
! engineering

Why this job matches:
This role only partially overlaps with your current skills and preferences.",2026-09-04T19:44:26.297Z,2026-09-04T20:10:41.499Z,pending,,
16e6b051-d2ee-442f-9892-98b3b3cd6995,baaedf71-9bd7-48da-8120-c69651880dc7,job_scraped_f355c8fa9b,27,poor,,engineering,,"Match Score: 27%

Strong matches:
✓ Profile captured

Potential gap:
! engineering
! Seniority mismatch

Why this job matches:
This role only partially overlaps with your current skills and preferences.",2026-09-04T19:44:26.378Z,2026-09-04T19:46:00.141Z,pending,,
ad91f280-cda5-4f68-b253-643ec868a5d4,baaedf71-9bd7-48da-8120-c69651880dc7,job_scraped_4b6db1b425,27,poor,,compliance,,"Match Score: 27%

Strong matches:
✓ Profile captured

Potential gap:
! compliance
! Seniority mismatch

Why this job matches:
This role only partially overlaps with your current skills and preferences.",2026-09-04T19:44:26.658Z,2026-09-04T20:10:47.629Z,pending,,
9167815b-1184-44c4-8f24-421b1482b3b5,baaedf71-9bd7-48da-8120-c69651880dc7,job_scraped_06290e654b,27,poor,,engineering,,"Match Score: 27%

Strong matches:
✓ Profile captured

Potential gap:
! engineering
! Seniority mismatch

Why this job matches:
This role only partially overlaps with your current skills and preferences.",2026-09-04T19:44:26.703Z,2026-09-04T19:46:00.952Z,pending,,
ba00528d-3feb-443b-a3fc-a1d4e9d34dc8,baaedf71-9bd7-48da-8120-c69651880dc7,job_scraped_540e99195c,27,poor,,finance,,"Match Score: 27%

Strong matches:
✓ Profile captured

Potential gap:
! finance
! Seniority mismatch

Why this job matches:
This role only partially overlaps with your current skills and preferences.",2026-09-04T19:44:26.719Z,2026-09-04T20:10:51.840Z,pending,,
6ef2868f-1db3-4523-83a4-884a2f40b0c1,baaedf71-9bd7-48da-8120-c69651880dc7,job_scraped_481d83af1b,27,poor,,design,,"Match Score: 27%

Strong matches:
✓ Profile captured

Potential gap:
! design
! Seniority mismatch

Why this job matches:
This role only partially overlaps with your current skills and preferences.",2026-09-04T19:44:26.917Z,2026-09-04T19:46:01.253Z,pending,,
5f1b31f5-2980-413f-a5ad-49b9050c2d0f,baaedf71-9bd7-48da-8120-c69651880dc7,job_scraped_a39fbed9b8,30,poor,,finance,,"Match Score: 30%

Strong matches:
✓ Profile captured

Potential gap:
! finance

Why this job matches:
This role only partially overlaps with your current skills and preferences.",2026-09-04T19:44:26.952Z,2026-09-04T20:10:54.860Z,pending,,
8ffd2f67-ea8f-4b69-a17d-bac7720b6ff1,baaedf71-9bd7-48da-8120-c69651880dc7,job_scraped_9a75689030,30,poor,,engineering,,"Match Score: 30%

Strong matches:
✓ Profile captured

Potential gap:
! engineering

Why this job matches:
This role only partially overlaps with your current skills and preferences.",2026-09-04T19:44:27.253Z,2026-09-04T19:46:02.091Z,pending,,
094914b5-4c95-444c-a6bf-2a44c888c84e,baaedf71-9bd7-48da-8120-c69651880dc7,job_scraped_765d93b2f3,30,poor,,operations,,"Match Score: 30%

Strong matches:
✓ Profile captured

Potential gap:
! operations

Why this job matches:
This role only partially overlaps with your current skills and preferences.",2026-09-04T19:44:27.277Z,2026-09-04T20:10:58.023Z,pending,,
aae9eeee-30e6-4864-8160-e72091906416,baaedf71-9bd7-48da-8120-c69651880dc7,job_scraped_9f0dc213e5,30,poor,,legal,,"Match Score: 30%

Strong matches:
✓ Profile captured

Potential gap:
! legal

Why this job matches:
This role only partially overlaps with your current skills and preferences.",2026-09-04T19:44:27.430Z,2026-09-04T19:46:02.853Z,pending,,
90992bd6-96df-4c72-9a20-1093c4bd3e08,baaedf71-9bd7-48da-8120-c69651880dc7,job_scraped_c66d775801,30,poor,,engineering,,"Match Score: 30%

Strong matches:
✓ Profile captured

Potential gap:
! engineering

Why this job matches:
This role only partially overlaps with your current skills and preferences.",2026-09-04T19:44:27.458Z,2026-09-04T20:11:02.333Z,pending,,
b0542437-c870-4106-bd3a-0663325d5135,baaedf71-9bd7-48da-8120-c69651880dc7,job_scraped_fcd5fe6345,30,poor,,product management,,"Match Score: 30%

Strong matches:
✓ Profile captured

Potential gap:
! product management

Why this job matches:
This role only partially overlaps with your current skills and preferences.",2026-09-04T19:44:27.648Z,2026-09-04T19:46:03.334Z,pending,,
163e8508-971b-4f08-86a6-ba4134efe824,baaedf71-9bd7-48da-8120-c69651880dc7,job_scraped_822939d148,30,poor,,engineering,,"Match Score: 30%

Strong matches:
✓ Profile captured

Potential gap:
! engineering

Why this job matches:
This role only partially overlaps with your current skills and preferences.",2026-09-04T19:44:28.094Z,2026-09-04T20:11:05.076Z,pending,,
0fa9e0c9-dc90-4673-a5c0-5d2931cc5571,baaedf71-9bd7-48da-8120-c69651880dc7,job_scraped_b383b0316d,27,poor,,legal,,"Match Score: 27%

Strong matches:
✓ Profile captured

Potential gap:
! legal
! Seniority mismatch

Why this job matches:
This role only partially overlaps with your current skills and preferences.",2026-09-04T19:44:28.219Z,2026-09-04T19:46:03.652Z,pending,,
64be3cf5-a0a9-459f-8b5a-e1ab9e1ba9f0,baaedf71-9bd7-48da-8120-c69651880dc7,job_scraped_673dfffd79,30,poor,,engineering,,"Match Score: 30%

Strong matches:
✓ Profile captured

Potential gap:
! engineering

Why this job matches:
This role only partially overlaps with your current skills and preferences.",2026-09-04T19:44:28.424Z,2026-09-04T20:11:14.336Z,pending,,
18289089-5202-40d2-8357-048daba232ab,baaedf71-9bd7-48da-8120-c69651880dc7,job_scraped_ffe9178b32,30,poor,,engineering,,"Match Score: 30%

Strong matches:
✓ Profile captured

Potential gap:
! engineering

Why this job matches:
This role only partially overlaps with your current skills and preferences.",2026-09-04T19:44:28.699Z,2026-09-04T19:46:04.105Z,pending,,
cc576ec7-ce5c-46af-b9de-950f0eec0cc1,baaedf71-9bd7-48da-8120-c69651880dc7,job_scraped_7b69da87a5,30,poor,,research,,"Match Score: 30%

Strong matches:
✓ Profile captured

Potential gap:
! research

Why this job matches:
This role only partially overlaps with your current skills and preferences.",2026-09-04T19:44:28.999Z,2026-09-04T20:11:20.503Z,pending,,
c74c596d-1f78-41f8-8bb0-70224ebc5a38,baaedf71-9bd7-48da-8120-c69651880dc7,job_scraped_caa652e63a,27,poor,,product management,,"Match Score: 27%

Strong matches:
✓ Profile captured

Potential gap:
! product management
! Seniority mismatch

Why this job matches:
This role only partially overlaps with your current skills and preferences.",2026-09-04T19:44:29.174Z,2026-09-04T19:46:04.535Z,pending,,
aea4f59b-bccd-4bc6-8f9c-a3dcfdf7c3b2,baaedf71-9bd7-48da-8120-c69651880dc7,job_scraped_c7d2994702,27,poor,,engineering,,"Match Score: 27%

Strong matches:
✓ Profile captured

Potential gap:
! engineering
! Seniority mismatch

Why this job matches:
This role only partially overlaps with your current skills and preferences.",2026-09-04T19:44:29.242Z,2026-09-04T20:11:24.728Z,pending,,
a7f29029-e3ed-4213-8dfa-5f0480dcf4a0,baaedf71-9bd7-48da-8120-c69651880dc7,job_scraped_c9c723d148,30,poor,,ai,,"Match Score: 30%

Strong matches:
✓ Profile captured

Potential gap:
! ai

Why this job matches:
This role only partially overlaps with your current skills and preferences.",2026-09-04T19:44:29.649Z,2026-09-04T19:46:04.987Z,pending,,
2c5a981a-aa36-46cf-aae7-aed916ad617a,baaedf71-9bd7-48da-8120-c69651880dc7,job_scraped_f83587f56a,30,poor,,operations,,"Match Score: 30%

Strong matches:
✓ Profile captured

Potential gap:
! operations

Why this job matches:
This role only partially overlaps with your current skills and preferences.",2026-09-04T19:44:29.742Z,2026-09-04T20:11:30.379Z,pending,,
2131a272-11e0-486e-aa2f-5af0d2480231,baaedf71-9bd7-48da-8120-c69651880dc7,job_scraped_372262abba,27,poor,,engineering,,"Match Score: 27%

Strong matches:
✓ Profile captured

Potential gap:
! engineering
! Seniority mismatch

Why this job matches:
This role only partially overlaps with your current skills and preferences.",2026-09-04T19:44:29.928Z,2026-09-04T19:46:05.604Z,pending,,
f9c65874-b58f-46f4-9145-c30bb806857a,baaedf71-9bd7-48da-8120-c69651880dc7,job_scraped_86b15d3558,30,poor,,engineering,,"Match Score: 30%

Strong matches:
✓ Profile captured

Potential gap:
! engineering

Why this job matches:
This role only partially overlaps with your current skills and preferences.",2026-09-04T19:44:30.009Z,2026-09-04T20:11:34.213Z,pending,,
2a01524c-5fa5-4128-b360-c221e4c17e55,baaedf71-9bd7-48da-8120-c69651880dc7,job_scraped_6607a6b5e4,27,poor,,engineering,,"Match Score: 27%

Strong matches:
✓ Profile captured

Potential gap:
! engineering
! Seniority mismatch

Why this job matches:
This role only partially overlaps with your current skills and preferences.",2026-09-04T19:44:30.288Z,2026-09-04T19:46:06.000Z,pending,,
b64a06ce-6eb9-4814-8be3-f4433e6d7d29,baaedf71-9bd7-48da-8120-c69651880dc7,job_scraped_fe2e376a21,30,poor,,legal,,"Match Score: 30%

Strong matches:
✓ Profile captured

Potential gap:
! legal

Why this job matches:
This role only partially overlaps with your current skills and preferences.",2026-09-04T19:44:30.416Z,2026-09-04T20:11:44.037Z,pending,,
2cf3a46d-8195-4121-acd4-8e867e8339c4,baaedf71-9bd7-48da-8120-c69651880dc7,job_scraped_8e41d88fc0,27,poor,,engineering,,"Match Score: 27%

Strong matches:
✓ Profile captured

Potential gap:
! engineering
! Seniority mismatch

Why this job matches:
This role only partially overlaps with your current skills and preferences.",2026-09-04T19:44:30.643Z,2026-09-04T19:46:06.578Z,pending,,
cd8fea47-9e38-4abe-b370-e43dd93ffb81,baaedf71-9bd7-48da-8120-c69651880dc7,job_scraped_8d2cd261b0,27,poor,,engineering,,"Match Score: 27%

Strong matches:
✓ Profile captured

Potential gap:
! engineering
! Seniority mismatch

Why this job matches:
This role only partially overlaps with your current skills and preferences.",2026-09-04T19:44:30.791Z,2026-09-04T20:11:48.725Z,pending,,
0962da14-1cbd-4043-9051-98bbc1ebc46c,baaedf71-9bd7-48da-8120-c69651880dc7,job_scraped_83474acd6b,27,poor,,engineering,,"Match Score: 27%

Strong matches:
✓ Profile captured

Potential gap:
! engineering
! Seniority mismatch

Why this job matches:
This role only partially overlaps with your current skills and preferences.",2026-09-04T19:44:31.036Z,2026-09-04T19:46:07.432Z,pending,,
e3b724f8-e981-4807-93ae-7d40f8466f9e,baaedf71-9bd7-48da-8120-c69651880dc7,job_scraped_1dda399b3e,27,poor,,legal,,"Match Score: 27%

Strong matches:
✓ Profile captured

Potential gap:
! legal
! Seniority mismatch

Why this job matches:
This role only partially overlaps with your current skills and preferences.",2026-09-04T19:44:31.108Z,2026-09-04T20:11:56.459Z,pending,,
77de85fb-9f40-41d6-8254-a033561b56bf,baaedf71-9bd7-48da-8120-c69651880dc7,job_scraped_c391bc36b3,30,poor,,engineering,,"Match Score: 30%

Strong matches:
✓ Profile captured

Potential gap:
! engineering

Why this job matches:
This role only partially overlaps with your current skills and preferences.",2026-09-04T19:44:31.328Z,2026-09-04T19:46:08.030Z,pending,,
4ee6b754-e0e0-45ad-9f16-5d7c1a55264c,baaedf71-9bd7-48da-8120-c69651880dc7,job_scraped_bf71c6409e,30,poor,,compliance,,"Match Score: 30%

Strong matches:
✓ Profile captured

Potential gap:
! compliance

Why this job matches:
This role only partially overlaps with your current skills and preferences.",2026-09-04T19:44:31.451Z,2026-09-04T20:12:02.168Z,pending,,
e7ef9b6b-24b7-4e9b-8ec1-298f483b1b64,baaedf71-9bd7-48da-8120-c69651880dc7,job_scraped_cada2ac1ad,30,poor,,product management,,"Match Score: 30%

Strong matches:
✓ Profile captured

Potential gap:
! product management

Why this job matches:
This role only partially overlaps with your current skills and preferences.",2026-09-04T19:44:31.484Z,2026-09-04T19:46:08.775Z,pending,,
4987e2fa-49d2-442a-8d20-d337a22fd5fd,baaedf71-9bd7-48da-8120-c69651880dc7,job_scraped_e355e5daea,30,poor,,compliance,,"Match Score: 30%

Strong matches:
✓ Profile captured

Potential gap:
! compliance

Why this job matches:
This role only partially overlaps with your current skills and preferences.",2026-09-04T19:44:31.600Z,2026-09-04T20:12:05.906Z,pending,,
6fb33cb0-2bd4-40d7-8305-20c17eee761d,baaedf71-9bd7-48da-8120-c69651880dc7,job_scraped_0aba9462ba,33,poor,,design,,"Match Score: 33%

Strong matches:
✓ Profile captured

Potential gap:
! design

Why this job matches:
This role only partially overlaps with your current skills and preferences.",2026-09-04T19:44:32.003Z,2026-09-04T19:46:09.207Z,pending,,
4c600f58-b499-4a63-b224-6fa540bfef90,baaedf71-9bd7-48da-8120-c69651880dc7,job_scraped_48346c627c,30,poor,,legal,,"Match Score: 30%

Strong matches:
✓ Profile captured

Potential gap:
! legal

Why this job matches:
This role only partially overlaps with your current skills and preferences.",2026-09-04T19:44:32.113Z,2026-09-04T20:12:18.728Z,pending,,
f63e7768-44ae-45ca-9665-6562dd67db39,baaedf71-9bd7-48da-8120-c69651880dc7,job_scraped_ba2661d322,30,poor,,engineering,,"Match Score: 30%

Strong matches:
✓ Profile captured

Potential gap:
! engineering

Why this job matches:
This role only partially overlaps with your current skills and preferences.",2026-09-04T19:44:32.308Z,2026-09-04T19:46:10.137Z,pending,,
04de95f2-9307-4b11-8c01-bd45da094a32,baaedf71-9bd7-48da-8120-c69651880dc7,job_scraped_92ea317243,30,poor,,operations,,"Match Score: 30%

Strong matches:
✓ Profile captured

Potential gap:
! operations

Why this job matches:
This role only partially overlaps with your current skills and preferences.",2026-09-04T19:44:32.455Z,2026-09-04T20:12:23.392Z,pending,,
fa1d797a-0c94-4c92-b769-5f1a114326e0,baaedf71-9bd7-48da-8120-c69651880dc7,job_scraped_ad1596829d,27,poor,,engineering,,"Match Score: 27%

Strong matches:
✓ Profile captured

Potential gap:
! engineering
! Seniority mismatch

Why this job matches:
This role only partially overlaps with your current skills and preferences.",2026-09-04T19:44:32.544Z,2026-09-04T19:46:11.295Z,pending,,
f7129007-91c3-40fa-a2a7-d0501b55b277,baaedf71-9bd7-48da-8120-c69651880dc7,job_scraped_719d967352,30,poor,,marketing,,"Match Score: 30%

Strong matches:
✓ Profile captured

Potential gap:
! marketing

Why this job matches:
This role only partially overlaps with your current skills and preferences.",2026-09-04T19:44:32.605Z,2026-09-04T20:12:27.547Z,pending,,
cf29f4c6-7aed-45d5-9d24-21864fe46a69,baaedf71-9bd7-48da-8120-c69651880dc7,job_scraped_c090164f72,30,poor,,engineering,,"Match Score: 30%

Strong matches:
✓ Profile captured

Potential gap:
! engineering

Why this job matches:
This role only partially overlaps with your current skills and preferences.",2026-09-04T19:44:32.935Z,2026-09-04T19:46:12.575Z,pending,,
32c66045-dbb8-4d77-a3d2-5687cb46a888,baaedf71-9bd7-48da-8120-c69651880dc7,job_scraped_90a2731f55,30,poor,,engineering,,"Match Score: 30%

Strong matches:
✓ Profile captured

Potential gap:
! engineering

Why this job matches:
This role only partially overlaps with your current skills and preferences.",2026-09-04T19:44:33.051Z,2026-09-04T20:12:33.366Z,pending,,
7eda812d-d99b-43f5-8274-3c387b3cbf62,baaedf71-9bd7-48da-8120-c69651880dc7,job_scraped_77c2a906d3,30,poor,,executive,,"Match Score: 30%

Strong matches:
✓ Profile captured

Potential gap:
! executive

Why this job matches:
This role only partially overlaps with your current skills and preferences.",2026-09-04T19:44:33.115Z,2026-09-04T19:46:13.498Z,pending,,
12fbd679-2273-4feb-acd6-27f01a9c0483,baaedf71-9bd7-48da-8120-c69651880dc7,job_scraped_c5a95ea09f,30,poor,,engineering,,"Match Score: 30%

Strong matches:
✓ Profile captured

Potential gap:
! engineering

Why this job matches:
This role only partially overlaps with your current skills and preferences.",2026-09-04T19:44:33.325Z,2026-09-04T20:12:37.473Z,pending,,
db4676e3-b2cc-4ae5-aa05-fe288078e35c,baaedf71-9bd7-48da-8120-c69651880dc7,job_scraped_d6cd453515,27,poor,,engineering,,"Match Score: 27%

Strong matches:
✓ Profile captured

Potential gap:
! engineering
! Seniority mismatch

Why this job matches:
This role only partially overlaps with your current skills and preferences.",2026-09-04T19:44:33.376Z,2026-09-04T19:46:14.764Z,pending,,
e5e3e617-d234-4e76-821f-7aa34b6a12b6,baaedf71-9bd7-48da-8120-c69651880dc7,job_scraped_c4ec468800,30,poor,,security,,"Match Score: 30%

Strong matches:
✓ Profile captured

Potential gap:
! security

Why this job matches:
This role only partially overlaps with your current skills and preferences.",2026-09-04T19:44:33.444Z,2026-09-04T20:12:41.120Z,pending,,
61c61852-0db6-4553-83a0-fd48d3c514e6,baaedf71-9bd7-48da-8120-c69651880dc7,job_scraped_2feca96b13,27,poor,,engineering,,"Match Score: 27%

Strong matches:
✓ Profile captured

Potential gap:
! engineering
! Seniority mismatch

Why this job matches:
This role only partially overlaps with your current skills and preferences.",2026-09-04T19:44:33.708Z,2026-09-04T19:46:16.119Z,pending,,
f62fcaa6-3974-4f47-b5d5-3660d1e0af18,baaedf71-9bd7-48da-8120-c69651880dc7,job_scraped_4d724fbfc5,30,poor,,executive,,"Match Score: 30%

Strong matches:
✓ Profile captured

Potential gap:
! executive

Why this job matches:
This role only partially overlaps with your current skills and preferences.",2026-09-04T19:44:33.770Z,2026-09-04T20:12:44.436Z,pending,,
c5c14130-495c-42e1-8648-6d6397a17238,baaedf71-9bd7-48da-8120-c69651880dc7,job_scraped_8e603a3100,27,poor,,product management,,"Match Score: 27%

Strong matches:
✓ Profile captured

Potential gap:
! product management
! Seniority mismatch

Why this job matches:
This role only partially overlaps with your current skills and preferences.",2026-09-04T19:44:33.872Z,2026-09-04T19:46:17.700Z,pending,,
ae86e237-10c6-4894-81a9-f38cfb88ea5f,baaedf71-9bd7-48da-8120-c69651880dc7,job_scraped_e4b3edf7bd,30,poor,,sales,,"Match Score: 30%

Strong matches:
✓ Profile captured

Potential gap:
! sales

Why this job matches:
This role only partially overlaps with your current skills and preferences.",2026-09-04T19:44:33.975Z,2026-09-04T20:12:49.996Z,pending,,
54437db3-44bd-489e-a89d-598743a43bae,baaedf71-9bd7-48da-8120-c69651880dc7,job_scraped_74632f82ad,30,poor,,product management,,"Match Score: 30%

Strong matches:
✓ Profile captured

Potential gap:
! product management

Why this job matches:
This role only partially overlaps with your current skills and preferences.",2026-09-04T19:44:34.172Z,2026-09-04T19:46:19.321Z,pending,,
a3839646-3586-4561-8898-54cedc2f2bdb,baaedf71-9bd7-48da-8120-c69651880dc7,job_scraped_3a142b5a75,30,poor,,research,,"Match Score: 30%

Strong matches:
✓ Profile captured

Potential gap:
! research

Why this job matches:
This role only partially overlaps with your current skills and preferences.",2026-09-04T19:44:34.256Z,2026-09-04T20:12:55.184Z,pending,,
6098cd22-e905-4c54-a2a2-38a45b6f0a2d,baaedf71-9bd7-48da-8120-c69651880dc7,job_scraped_bc26d54e45,30,poor,,marketing,,"Match Score: 30%

Strong matches:
✓ Profile captured

Potential gap:
! marketing

Why this job matches:
This role only partially overlaps with your current skills and preferences.",2026-09-04T19:44:34.432Z,2026-09-04T19:46:20.472Z,pending,,
8848542c-8112-4b86-a2d7-871ca65c82e6,baaedf71-9bd7-48da-8120-c69651880dc7,job_scraped_5da3036679,30,poor,,research,,"Match Score: 30%

Strong matches:
✓ Profile captured

Potential gap:
! research

Why this job matches:
This role only partially overlaps with your current skills and preferences.",2026-09-04T19:44:34.556Z,2026-09-04T20:12:57.657Z,pending,,
b876a782-fcf7-4f8f-a366-1c13bc75610c,baaedf71-9bd7-48da-8120-c69651880dc7,job_scraped_a0578d358c,30,poor,,engineering,,"Match Score: 30%

Strong matches:
✓ Profile captured

Potential gap:
! engineering

Why this job matches:
This role only partially overlaps with your current skills and preferences.",2026-09-04T19:44:34.734Z,2026-09-04T19:46:21.680Z,pending,,
f3a8ac69-c928-4df0-9a9d-870fd2661fdd,baaedf71-9bd7-48da-8120-c69651880dc7,job_scraped_a1ac9bb32b,30,poor,,engineering,,"Match Score: 30%

Strong matches:
✓ Profile captured

Potential gap:
! engineering

Why this job matches:
This role only partially overlaps with your current skills and preferences.",2026-09-04T19:44:34.789Z,2026-09-04T20:13:06.963Z,pending,,
4dd5ef77-5b96-4653-a237-964e5c6b02eb,baaedf71-9bd7-48da-8120-c69651880dc7,job_scraped_61a2ab98fd,27,poor,,node,,"Match Score: 27%

Strong matches:
✓ Profile captured

Potential gap:
! node
! Seniority mismatch

Why this job matches:
This role only partially overlaps with your current skills and preferences.",2026-09-04T19:44:35.042Z,2026-09-04T19:46:22.831Z,pending,,
b37f5558-be41-4f0c-83ba-d31ce2742157,baaedf71-9bd7-48da-8120-c69651880dc7,job_scraped_4853f00857,30,poor,,marketing,,"Match Score: 30%

Strong matches:
✓ Profile captured

Potential gap:
! marketing

Why this job matches:
This role only partially overlaps with your current skills and preferences.",2026-09-04T19:44:35.122Z,2026-09-04T20:13:15.163Z,pending,,
256bc631-42d9-446e-8376-23ef353185cf,baaedf71-9bd7-48da-8120-c69651880dc7,job_scraped_5fbeb15b8a,27,poor,,product management,,"Match Score: 27%

Strong matches:
✓ Profile captured

Potential gap:
! product management
! Seniority mismatch

Why this job matches:
This role only partially overlaps with your current skills and preferences.",2026-09-04T19:44:35.218Z,2026-09-04T19:46:24.006Z,pending,,
8838ccf0-f432-4d30-a698-2959a7de1b9b,baaedf71-9bd7-48da-8120-c69651880dc7,job_scraped_b6cee072d3,30,poor,,engineering,,"Match Score: 30%

Strong matches:
✓ Profile captured

Potential gap:
! engineering

Why this job matches:
This role only partially overlaps with your current skills and preferences.",2026-09-04T19:44:35.362Z,2026-09-04T20:13:21.645Z,pending,,
6c81da8f-0f16-480c-a774-302da57f5db6,baaedf71-9bd7-48da-8120-c69651880dc7,job_scraped_a947ceb2f4,42,poor,,typescript|react,,"Match Score: 42%

Strong matches:
✓ Target role alignment

Potential gap:
! typescript
! react
! Seniority mismatch

Why this job matches:
This role only partially overlaps with your current skills and preferences.",2026-09-04T19:44:35.486Z,2026-09-04T19:46:25.011Z,pending,,
5d723fa2-4cde-4de1-a0c5-3f244b76ac07,baaedf71-9bd7-48da-8120-c69651880dc7,job_scraped_2d8a48bd78,27,poor,,engineering,,"Match Score: 27%

Strong matches:
✓ Profile captured

Potential gap:
! engineering
! Seniority mismatch

Why this job matches:
This role only partially overlaps with your current skills and preferences.",2026-09-04T19:44:35.642Z,2026-09-04T20:13:38.104Z,pending,,
7a4f7c47-3f8e-41a9-81d5-40882f0c63bb,baaedf71-9bd7-48da-8120-c69651880dc7,job_scraped_67058c9703,27,poor,,engineering,,"Match Score: 27%

Strong matches:
✓ Profile captured

Potential gap:
! engineering
! Seniority mismatch

Why this job matches:
This role only partially overlaps with your current skills and preferences.",2026-09-04T19:44:35.778Z,2026-09-04T19:46:26.234Z,pending,,
eb6efc35-3d7a-467d-bbd5-059d17cd5b68,baaedf71-9bd7-48da-8120-c69651880dc7,job_scraped_eea34fdc0c,27,poor,,engineering,,"Match Score: 27%

Strong matches:
✓ Profile captured

Potential gap:
! engineering
! Seniority mismatch

Why this job matches:
This role only partially overlaps with your current skills and preferences.",2026-09-04T19:44:35.945Z,2026-09-04T20:13:54.084Z,pending,,
8effdd28-e673-4c72-8fe8-5d4512df39c1,baaedf71-9bd7-48da-8120-c69651880dc7,job_scraped_7b0435d1f5,27,poor,,trading,,"Match Score: 27%

Strong matches:
✓ Profile captured

Potential gap:
! trading
! Seniority mismatch

Why this job matches:
This role only partially overlaps with your current skills and preferences.",2026-09-04T19:44:36.061Z,2026-09-04T19:46:27.182Z,pending,,
9e8418d0-2bf2-491a-b9cd-5ca4370754bc,baaedf71-9bd7-48da-8120-c69651880dc7,job_scraped_64f2227d17,27,poor,,engineering,,"Match Score: 27%

Strong matches:
✓ Profile captured

Potential gap:
! engineering
! Seniority mismatch

Why this job matches:
This role only partially overlaps with your current skills and preferences.",2026-09-04T19:44:36.140Z,2026-09-04T20:14:17.979Z,pending,,
015382f1-344f-45a7-8d31-cb0e08eeb74a,baaedf71-9bd7-48da-8120-c69651880dc7,job_scraped_bfdf154354,27,poor,,trading,,"Match Score: 27%

Strong matches:
✓ Profile captured

Potential gap:
! trading
! Seniority mismatch

Why this job matches:
This role only partially overlaps with your current skills and preferences.",2026-09-04T19:44:36.238Z,2026-09-04T19:46:28.910Z,pending,,
01b81d1a-34fd-4638-8edb-b74ab86d42f2,baaedf71-9bd7-48da-8120-c69651880dc7,job_scraped_0436c99908,30,poor,,engineering,,"Match Score: 30%

Strong matches:
✓ Profile captured

Potential gap:
! engineering

Why this job matches:
This role only partially overlaps with your current skills and preferences.",2026-09-04T19:44:36.450Z,2026-09-04T20:14:48.660Z,pending,,
5e3a88be-385a-49ac-a775-4c7cff52cb13,baaedf71-9bd7-48da-8120-c69651880dc7,job_scraped_bc8aba9dfb,30,poor,,python|trading,,"Match Score: 30%

Strong matches:
✓ Profile captured

Potential gap:
! python
! trading

Why this job matches:
This role only partially overlaps with your current skills and preferences.",2026-09-04T19:44:36.511Z,2026-09-04T19:46:29.996Z,pending,,
b4d5c541-6ebd-4e16-9456-01b27141ef4d,baaedf71-9bd7-48da-8120-c69651880dc7,job_scraped_dde3867196,30,poor,,engineering,,"Match Score: 30%

Strong matches:
✓ Profile captured

Potential gap:
! engineering

Why this job matches:
This role only partially overlaps with your current skills and preferences.",2026-09-04T19:44:36.696Z,2026-09-04T20:15:03.122Z,pending,,
3407ef4d-0c2b-46eb-8da2-a158a2c75566,baaedf71-9bd7-48da-8120-c69651880dc7,job_scraped_a8f1d6b071,30,poor,,security,,"Match Score: 30%

Strong matches:
✓ Profile captured

Potential gap:
! security

Why this job matches:
This role only partially overlaps with your current skills and preferences.",2026-09-04T19:44:36.779Z,2026-09-04T19:46:31.171Z,pending,,
7c96a5ec-79dc-4352-9987-6f6fe9b3c5ca,baaedf71-9bd7-48da-8120-c69651880dc7,job_scraped_9b147a8c30,30,poor,,engineering,,"Match Score: 30%

Strong matches:
✓ Profile captured

Potential gap:
! engineering

Why this job matches:
This role only partially overlaps with your current skills and preferences.",2026-09-04T19:44:37.026Z,2026-09-04T20:15:19.523Z,pending,,
5c567601-0c5c-4151-a2b9-86600fff6131,baaedf71-9bd7-48da-8120-c69651880dc7,job_scraped_b703e3ab21,27,poor,,engineering,,"Match Score: 27%

Strong matches:
✓ Profile captured

Potential gap:
! engineering
! Seniority mismatch

Why this job matches:
This role only partially overlaps with your current skills and preferences.",2026-09-04T19:44:37.131Z,2026-09-04T19:46:32.229Z,pending,,
4ec929b1-4aa1-4407-b2c8-9334c0aace1d,baaedf71-9bd7-48da-8120-c69651880dc7,job_scraped_a7bb786181,27,poor,,research,,"Match Score: 27%

Strong matches:
✓ Profile captured

Potential gap:
! research
! Seniority mismatch

Why this job matches:
This role only partially overlaps with your current skills and preferences.",2026-09-04T19:44:37.168Z,2026-09-04T20:15:38.308Z,pending,,
538424ef-0ad4-4ae3-8e43-3d5c871f9c4f,baaedf71-9bd7-48da-8120-c69651880dc7,job_scraped_041da5b026,30,poor,,react,,"Match Score: 30%

Strong matches:
✓ Profile captured

Potential gap:
! react
! Seniority mismatch

Why this job matches:
This role only partially overlaps with your current skills and preferences.",2026-09-04T19:44:37.343Z,2026-09-04T19:46:33.211Z,pending,,
b6bf3723-fa6d-4ca3-a294-5c3d7950884e,baaedf71-9bd7-48da-8120-c69651880dc7,job_scraped_727048ffd2,27,poor,,engineering,,"Match Score: 27%

Strong matches:
✓ Profile captured

Potential gap:
! engineering
! Seniority mismatch

Why this job matches:
This role only partially overlaps with your current skills and preferences.",2026-09-04T19:44:37.429Z,2026-09-04T20:15:55.109Z,pending,,
af15ff7c-8915-4510-8559-80eecc354e1a,baaedf71-9bd7-48da-8120-c69651880dc7,job_scraped_0c87597ddb,27,poor,,engineering,,"Match Score: 27%

Strong matches:
✓ Profile captured

Potential gap:
! engineering
! Seniority mismatch

Why this job matches:
This role only partially overlaps with your current skills and preferences.",2026-09-04T19:44:37.655Z,2026-09-04T19:46:34.350Z,pending,,
5a191456-48b7-43c5-8ca3-f150e66853c4,baaedf71-9bd7-48da-8120-c69651880dc7,job_scraped_88bef69548,27,poor,,engineering,,"Match Score: 27%

Strong matches:
✓ Profile captured

Potential gap:
! engineering
! Seniority mismatch

Why this job matches:
This role only partially overlaps with your current skills and preferences.",2026-09-04T19:44:37.767Z,2026-09-04T20:16:12.549Z,pending,,
6ae6172b-683d-4bf9-b87b-25c1a824e986,baaedf71-9bd7-48da-8120-c69651880dc7,job_scraped_c1fb5bf1db,42,poor,,engineering,,"Match Score: 42%

Strong matches:
✓ Target role alignment

Potential gap:
! engineering
! Seniority mismatch

Why this job matches:
This role only partially overlaps with your current skills and preferences.",2026-09-04T19:44:37.824Z,2026-09-04T19:46:35.264Z,pending,,
fd07d088-170f-4d6f-9d60-7430ac1df867,baaedf71-9bd7-48da-8120-c69651880dc7,job_scraped_7dca7fc70c,27,poor,,engineering,,"Match Score: 27%

Strong matches:
✓ Profile captured

Potential gap:
! engineering
! Seniority mismatch

Why this job matches:
This role only partially overlaps with your current skills and preferences.",2026-09-04T19:44:38.175Z,2026-09-04T20:16:55.664Z,pending,,
c2634fca-8e3e-4f3f-8d2e-07a39954fb8e,baaedf71-9bd7-48da-8120-c69651880dc7,job_scraped_d461cbd2e0,30,poor,,engineering,,"Match Score: 30%

Strong matches:
✓ Profile captured

Potential gap:
! engineering

Why this job matches:
This role only partially overlaps with your current skills and preferences.",2026-09-04T19:44:38.376Z,2026-09-04T19:46:36.155Z,pending,,
2ac86d8d-a88c-4885-975c-ca3c7e75d15b,baaedf71-9bd7-48da-8120-c69651880dc7,job_scraped_e3b7170aba,27,poor,,engineering,,"Match Score: 27%

Strong matches:
✓ Profile captured

Potential gap:
! engineering
! Seniority mismatch

Why this job matches:
This role only partially overlaps with your current skills and preferences.",2026-09-04T19:44:38.455Z,2026-09-04T20:17:11.074Z,pending,,
61dfe2bf-e5a9-4936-a293-1788485967c8,baaedf71-9bd7-48da-8120-c69651880dc7,job_scraped_a01bc06b0e,30,poor,,engineering,,"Match Score: 30%

Strong matches:
✓ Profile captured

Potential gap:
! engineering

Why this job matches:
This role only partially overlaps with your current skills and preferences.",2026-09-04T19:44:38.626Z,2026-09-04T19:46:37.127Z,pending,,
954260f4-49e6-49bc-acaa-e64ef3c1aa15,baaedf71-9bd7-48da-8120-c69651880dc7,job_scraped_eee485f5ce,27,poor,,engineering,,"Match Score: 27%

Strong matches:
✓ Profile captured

Potential gap:
! engineering
! Seniority mismatch

Why this job matches:
This role only partially overlaps with your current skills and preferences.",2026-09-04T19:44:38.917Z,2026-09-04T20:17:25.237Z,pending,,
f1a9a232-fc15-4e2a-898a-12f154f65e14,baaedf71-9bd7-48da-8120-c69651880dc7,job_scraped_6c5e8b720c,30,poor,,executive,,"Match Score: 30%

Strong matches:
✓ Profile captured

Potential gap:
! executive

Why this job matches:
This role only partially overlaps with your current skills and preferences.",2026-09-04T19:44:39.140Z,2026-09-04T19:46:37.713Z,pending,,
bef91276-be62-439e-8a19-58e1b1f4181b,baaedf71-9bd7-48da-8120-c69651880dc7,job_scraped_cde3f58a33,27,poor,,engineering,,"Match Score: 27%

Strong matches:
✓ Profile captured

Potential gap:
! engineering
! Seniority mismatch

Why this job matches:
This role only partially overlaps with your current skills and preferences.",2026-09-04T19:44:39.378Z,2026-09-04T20:17:45.047Z,pending,,
9fdc7665-4029-4a65-ae45-22a64f3b4c46,baaedf71-9bd7-48da-8120-c69651880dc7,job_scraped_fb7da7f7ba,27,poor,,legal,,"Match Score: 27%

Strong matches:
✓ Profile captured

Potential gap:
! legal
! Seniority mismatch

Why this job matches:
This role only partially overlaps with your current skills and preferences.",2026-09-04T19:44:39.743Z,2026-09-04T19:46:38.338Z,pending,,
05a10838-2780-4685-9965-d3e4c6eeeccd,baaedf71-9bd7-48da-8120-c69651880dc7,job_scraped_08c5b2e7a4,27,poor,,engineering,,"Match Score: 27%

Strong matches:
✓ Profile captured

Potential gap:
! engineering
! Seniority mismatch

Why this job matches:
This role only partially overlaps with your current skills and preferences.",2026-09-04T19:44:40.235Z,2026-09-04T20:18:02.842Z,pending,,
46c94f04-eed0-4076-b26c-2ff27223c896,baaedf71-9bd7-48da-8120-c69651880dc7,job_scraped_28e9d0dd4f,30,poor,,trading,,"Match Score: 30%

Strong matches:
✓ Profile captured

Potential gap:
! trading

Why this job matches:
This role only partially overlaps with your current skills and preferences.",2026-09-04T19:44:40.717Z,2026-09-04T19:46:38.978Z,pending,,
a874d1e6-acab-43f8-9427-a2c3d11253b6,baaedf71-9bd7-48da-8120-c69651880dc7,job_scraped_981e9ba505,27,poor,,engineering,,"Match Score: 27%

Strong matches:
✓ Profile captured

Potential gap:
! engineering
! Seniority mismatch

Why this job matches:
This role only partially overlaps with your current skills and preferences.",2026-09-04T19:44:40.919Z,2026-09-04T20:18:28.112Z,pending,,
58206298-095d-4bfd-a082-0e8d7117218b,baaedf71-9bd7-48da-8120-c69651880dc7,job_scraped_5b1c17438a,27,poor,,compliance,,"Match Score: 27%

Strong matches:
✓ Profile captured

Potential gap:
! compliance
! Seniority mismatch

Why this job matches:
This role only partially overlaps with your current skills and preferences.",2026-09-04T19:44:41.179Z,2026-09-04T19:46:39.688Z,pending,,
1b372866-65bc-4edb-ba77-a6a933639be7,baaedf71-9bd7-48da-8120-c69651880dc7,job_scraped_7f7457d941,27,poor,,engineering,,"Match Score: 27%

Strong matches:
✓ Profile captured

Potential gap:
! engineering
! Seniority mismatch

Why this job matches:
This role only partially overlaps with your current skills and preferences.",2026-09-04T19:44:41.509Z,2026-09-04T20:18:59.776Z,pending,,
1ff19945-763f-4da2-8f5b-ee9535b5cf76,baaedf71-9bd7-48da-8120-c69651880dc7,job_scraped_cf63a61c6b,30,poor,,engineering,,"Match Score: 30%

Strong matches:
✓ Profile captured

Potential gap:
! engineering

Why this job matches:
This role only partially overlaps with your current skills and preferences.",2026-09-04T19:44:41.661Z,2026-09-04T19:46:40.235Z,pending,,
a1469877-eb6c-451f-84f5-2073ea511c2d,baaedf71-9bd7-48da-8120-c69651880dc7,job_scraped_7fa3d1e4d4,27,poor,,rust,,"Match Score: 27%

Strong matches:
✓ Profile captured

Potential gap:
! rust
! Seniority mismatch

Why this job matches:
This role only partially overlaps with your current skills and preferences.",2026-09-04T19:44:41.897Z,2026-09-04T20:19:27.230Z,pending,,
aa61ae25-a29a-4aa4-8467-0b80daa12c2a,baaedf71-9bd7-48da-8120-c69651880dc7,job_scraped_c6d325c3e5,30,poor,,compliance,,"Match Score: 30%

Strong matches:
✓ Profile captured

Potential gap:
! compliance

Why this job matches:
This role only partially overlaps with your current skills and preferences.",2026-09-04T19:44:42.287Z,2026-09-04T19:46:41.099Z,pending,,
8cdb0516-4e78-4053-8585-3f1b819edd6d,baaedf71-9bd7-48da-8120-c69651880dc7,job_scraped_3054f9c294,27,poor,,engineering,,"Match Score: 27%

Strong matches:
✓ Profile captured

Potential gap:
! engineering
! Seniority mismatch

Why this job matches:
This role only partially overlaps with your current skills and preferences.",2026-09-04T19:44:42.543Z,2026-09-04T20:19:42.696Z,pending,,
2e92e0a0-2c52-4222-85aa-c94845aecc69,baaedf71-9bd7-48da-8120-c69651880dc7,job_scraped_a13ae8e43a,30,poor,,legal,,"Match Score: 30%

Strong matches:
✓ Profile captured

Potential gap:
! legal

Why this job matches:
This role only partially overlaps with your current skills and preferences.",2026-09-04T19:44:42.653Z,2026-09-04T19:46:41.557Z,pending,,
6f253dab-ecd3-4715-af88-6fb90c96644b,baaedf71-9bd7-48da-8120-c69651880dc7,job_scraped_72e601613c,27,poor,,engineering,,"Match Score: 27%

Strong matches:
✓ Profile captured

Potential gap:
! engineering
! Seniority mismatch

Why this job matches:
This role only partially overlaps with your current skills and preferences.",2026-09-04T19:44:42.685Z,2026-09-04T20:20:04.311Z,pending,,
7e9a47b9-0e02-43be-bc7a-6e058110878d,baaedf71-9bd7-48da-8120-c69651880dc7,job_scraped_f61b997025,30,poor,,engineering,,"Match Score: 30%

Strong matches:
✓ Profile captured

Potential gap:
! engineering

Why this job matches:
This role only partially overlaps with your current skills and preferences.",2026-09-04T19:44:43.070Z,2026-09-04T19:46:42.126Z,pending,,
0b2051c5-6def-4760-a8ec-54df69bbaadf,baaedf71-9bd7-48da-8120-c69651880dc7,job_scraped_f423598aca,27,poor,,engineering,,"Match Score: 27%

Strong matches:
✓ Profile captured

Potential gap:
! engineering
! Seniority mismatch

Why this job matches:
This role only partially overlaps with your current skills and preferences.",2026-09-04T19:44:43.238Z,2026-09-04T20:20:30.466Z,pending,,
76233e39-eadc-460a-a51b-2acc9bc2863c,baaedf71-9bd7-48da-8120-c69651880dc7,job_scraped_92ce7a511c,27,poor,,compliance,,"Match Score: 27%

Strong matches:
✓ Profile captured

Potential gap:
! compliance
! Seniority mismatch

Why this job matches:
This role only partially overlaps with your current skills and preferences.",2026-09-04T19:44:43.546Z,2026-09-04T19:46:42.703Z,pending,,
4111c0e4-11c2-4741-8f66-53c74b6f0d9c,baaedf71-9bd7-48da-8120-c69651880dc7,job_scraped_95549a66c1,27,poor,,rust,,"Match Score: 27%

Strong matches:
✓ Profile captured

Potential gap:
! rust
! Seniority mismatch

Why this job matches:
This role only partially overlaps with your current skills and preferences.",2026-09-04T19:44:43.627Z,2026-09-04T20:20:54.516Z,pending,,
b47402e3-da62-4f85-8cde-04f73b7f1bab,baaedf71-9bd7-48da-8120-c69651880dc7,job_scraped_99e2af9f0a,27,poor,,legal,,"Match Score: 27%

Strong matches:
✓ Profile captured

Potential gap:
! legal
! Seniority mismatch

Why this job matches:
This role only partially overlaps with your current skills and preferences.",2026-09-04T19:44:44.039Z,2026-09-04T19:46:43.351Z,pending,,
d1ce98e0-d31e-44ae-9f74-8324d37acca4,baaedf71-9bd7-48da-8120-c69651880dc7,job_scraped_a6212756f1,29,poor,,engineering,,"Match Score: 29%

Strong matches:
✓ Profile captured

Potential gap:
! engineering
! Seniority mismatch

Why this job matches:
This role only partially overlaps with your current skills and preferences.",2026-09-04T19:44:44.372Z,2026-09-04T20:21:08.502Z,pending,,
6cde5d0d-3f74-495b-9039-6549a3b775bb,baaedf71-9bd7-48da-8120-c69651880dc7,job_scraped_4e8a2a654d,30,poor,,engineering,,"Match Score: 30%

Strong matches:
✓ Profile captured

Potential gap:
! engineering

Why this job matches:
This role only partially overlaps with your current skills and preferences.",2026-09-04T19:44:44.464Z,2026-09-04T19:46:44.050Z,pending,,
f24cd0ae-32f4-4c2e-9f58-85ae8f63aade,baaedf71-9bd7-48da-8120-c69651880dc7,job_scraped_4b0730914f,30,poor,,engineering,,"Match Score: 30%

Strong matches:
✓ Profile captured

Potential gap:
! engineering

Why this job matches:
This role only partially overlaps with your current skills and preferences.",2026-09-04T19:44:44.786Z,2026-09-04T20:21:19.690Z,pending,,
2bb3f817-a666-4414-b26c-0178f4529593,baaedf71-9bd7-48da-8120-c69651880dc7,job_scraped_b2ad6d644c,30,poor,,engineering,,"Match Score: 30%

Strong matches:
✓ Profile captured

Potential gap:
! engineering

Why this job matches:
This role only partially overlaps with your current skills and preferences.",2026-09-04T19:44:44.977Z,2026-09-04T19:46:44.923Z,pending,,
c15876bf-85e2-4b9f-958a-239b18d04c04,baaedf71-9bd7-48da-8120-c69651880dc7,job_scraped_b28ff03b04,30,poor,,engineering,,"Match Score: 30%

Strong matches:
✓ Profile captured

Potential gap:
! engineering

Why this job matches:
This role only partially overlaps with your current skills and preferences.",2026-09-04T19:44:45.302Z,2026-09-04T20:21:36.836Z,pending,,
e3f4e902-1ca8-4c35-9e93-805ef09e9e21,baaedf71-9bd7-48da-8120-c69651880dc7,job_scraped_b977bceb35,30,poor,,engineering,,"Match Score: 30%

Strong matches:
✓ Profile captured

Potential gap:
! engineering

Why this job matches:
This role only partially overlaps with your current skills and preferences.",2026-09-04T19:44:45.490Z,2026-09-04T19:46:45.740Z,pending,,
7a14f8c6-3b4e-4168-9911-8e9392961729,baaedf71-9bd7-48da-8120-c69651880dc7,job_scraped_f560a8a419,30,poor,,engineering,,"Match Score: 30%

Strong matches:
✓ Profile captured

Potential gap:
! engineering

Why this job matches:
This role only partially overlaps with your current skills and preferences.",2026-09-04T19:44:45.636Z,2026-09-04T20:21:52.591Z,pending,,
d1c905ee-7da5-4be2-9ee2-59d8e5b16e17,baaedf71-9bd7-48da-8120-c69651880dc7,job_scraped_444dfc078c,30,poor,,engineering,,"Match Score: 30%

Strong matches:
✓ Profile captured

Potential gap:
! engineering

Why this job matches:
This role only partially overlaps with your current skills and preferences.",2026-09-04T19:44:45.774Z,2026-09-04T19:46:46.549Z,pending,,
b1a58431-ed30-4266-8f57-7d9ce815d92d,baaedf71-9bd7-48da-8120-c69651880dc7,job_scraped_6c065bd196,30,poor,,engineering,,"Match Score: 30%

Strong matches:
✓ Profile captured

Potential gap:
! engineering

Why this job matches:
This role only partially overlaps with your current skills and preferences.",2026-09-04T19:44:46.101Z,2026-09-04T20:22:08.280Z,pending,,
45cde3f1-b6d8-4eaf-ac2f-51e0d32613d5,baaedf71-9bd7-48da-8120-c69651880dc7,job_scraped_e51fd59451,30,poor,,engineering,,"Match Score: 30%

Strong matches:
✓ Profile captured

Potential gap:
! engineering

Why this job matches:
This role only partially overlaps with your current skills and preferences.",2026-09-04T19:44:46.320Z,2026-09-04T19:46:47.148Z,pending,,
7886fb40-cf71-4e8e-bbbc-f45c6bb17be6,baaedf71-9bd7-48da-8120-c69651880dc7,job_scraped_3cb2d9eb20,30,poor,,finance,,"Match Score: 30%

Strong matches:
✓ Profile captured

Potential gap:
! finance

Why this job matches:
This role only partially overlaps with your current skills and preferences.",2026-09-04T19:44:46.460Z,2026-09-04T20:22:16.808Z,pending,,
24bca9af-98bf-40be-85db-daad05ee2fe4,baaedf71-9bd7-48da-8120-c69651880dc7,job_scraped_04c957587a,30,poor,,executive,,"Match Score: 30%

Strong matches:
✓ Profile captured

Potential gap:
! executive

Why this job matches:
This role only partially overlaps with your current skills and preferences.",2026-09-04T19:44:46.611Z,2026-09-04T19:46:47.783Z,pending,,
467287c8-390c-4773-b655-760219b01081,baaedf71-9bd7-48da-8120-c69651880dc7,job_scraped_799ed8cc3a,30,poor,,engineering,,"Match Score: 30%

Strong matches:
✓ Profile captured

Potential gap:
! engineering

Why this job matches:
This role only partially overlaps with your current skills and preferences.",2026-09-04T19:44:46.955Z,2026-09-04T20:22:26.185Z,pending,,
da4feddd-332a-4d07-af42-061f1f36bb8b,baaedf71-9bd7-48da-8120-c69651880dc7,job_scraped_3a6ccd3bb0,30,poor,,finance,,"Match Score: 30%

Strong matches:
✓ Profile captured

Potential gap:
! finance

Why this job matches:
This role only partially overlaps with your current skills and preferences.",2026-09-04T19:44:47.269Z,2026-09-04T19:46:48.374Z,pending,,
2cc71434-baea-4b7a-9638-291340b0018a,baaedf71-9bd7-48da-8120-c69651880dc7,job_scraped_fc29dfb18f,27,poor,,engineering,,"Match Score: 27%

Strong matches:
✓ Profile captured

Potential gap:
! engineering
! Seniority mismatch

Why this job matches:
This role only partially overlaps with your current skills and preferences.",2026-09-04T19:44:47.389Z,2026-09-04T20:22:42.674Z,pending,,
a3bf196c-0ba5-48ae-b042-45a1c27d2fde,baaedf71-9bd7-48da-8120-c69651880dc7,job_scraped_9cf603049c,30,poor,,engineering,,"Match Score: 30%

Strong matches:
✓ Profile captured

Potential gap:
! engineering

Why this job matches:
This role only partially overlaps with your current skills and preferences.",2026-09-04T19:44:47.584Z,2026-09-04T19:46:48.823Z,pending,,
8478b9dd-482d-4c3a-997b-202758ddbc85,baaedf71-9bd7-48da-8120-c69651880dc7,job_scraped_27a22c90c1,30,poor,,finance,,"Match Score: 30%

Strong matches:
✓ Profile captured

Potential gap:
! finance

Why this job matches:
This role only partially overlaps with your current skills and preferences.",2026-09-04T19:44:47.676Z,2026-09-04T20:22:58.206Z,pending,,
6150eeed-c75c-4ec1-a22c-c99e09473df6,baaedf71-9bd7-48da-8120-c69651880dc7,job_scraped_4c275592f9,30,poor,,engineering,,"Match Score: 30%

Strong matches:
✓ Profile captured

Potential gap:
! engineering

Why this job matches:
This role only partially overlaps with your current skills and preferences.",2026-09-04T19:44:48.071Z,2026-09-04T19:46:49.272Z,pending,,
13e7563a-dc5d-41d2-9fc9-f9a2c26cab61,baaedf71-9bd7-48da-8120-c69651880dc7,job_scraped_6a4edbdc39,30,poor,,finance,,"Match Score: 30%

Strong matches:
✓ Profile captured

Potential gap:
! finance

Why this job matches:
This role only partially overlaps with your current skills and preferences.",2026-09-04T19:44:48.151Z,2026-09-04T20:23:14.985Z,pending,,
974395e0-912e-4ded-90c2-da6dd6efc9d9,baaedf71-9bd7-48da-8120-c69651880dc7,job_scraped_4d1b1739d8,30,poor,,engineering,,"Match Score: 30%

Strong matches:
✓ Profile captured

Potential gap:
! engineering

Why this job matches:
This role only partially overlaps with your current skills and preferences.",2026-09-04T19:44:48.318Z,2026-09-04T19:46:49.940Z,pending,,
9e99645b-d3f1-4b02-b5a0-1ec26d79cbb1,baaedf71-9bd7-48da-8120-c69651880dc7,job_scraped_c37f0dea53,30,poor,,engineering,,"Match Score: 30%

Strong matches:
✓ Profile captured

Potential gap:
! engineering

Why this job matches:
This role only partially overlaps with your current skills and preferences.",2026-09-04T19:44:48.446Z,2026-09-04T20:23:28.539Z,pending,,
df9e9186-6395-4442-97fa-183cd96062f5,baaedf71-9bd7-48da-8120-c69651880dc7,job_scraped_04b62e604e,30,poor,,executive,,"Match Score: 30%

Strong matches:
✓ Profile captured

Potential gap:
! executive

Why this job matches:
This role only partially overlaps with your current skills and preferences.",2026-09-04T19:44:48.619Z,2026-09-04T19:46:50.938Z,pending,,
bbac61c8-d734-4133-bcd0-fcc5df29337f,baaedf71-9bd7-48da-8120-c69651880dc7,job_scraped_1371269506,30,poor,,engineering,,"Match Score: 30%

Strong matches:
✓ Profile captured

Potential gap:
! engineering

Why this job matches:
This role only partially overlaps with your current skills and preferences.",2026-09-04T19:44:48.847Z,2026-09-04T20:23:39.015Z,pending,,
6c6e3df6-7f83-4dec-8cda-0d00e08866c8,baaedf71-9bd7-48da-8120-c69651880dc7,job_scraped_1b5409a899,30,poor,,engineering,,"Match Score: 30%

Strong matches:
✓ Profile captured

Potential gap:
! engineering

Why this job matches:
This role only partially overlaps with your current skills and preferences.",2026-09-04T19:44:49.192Z,2026-09-04T19:46:51.742Z,pending,,
d32817f2-2383-4589-9387-8cdb96bb5fa3,baaedf71-9bd7-48da-8120-c69651880dc7,job_scraped_4532b7a654,30,poor,,executive,,"Match Score: 30%

Strong matches:
✓ Profile captured

Potential gap:
! executive

Why this job matches:
This role only partially overlaps with your current skills and preferences.",2026-09-04T19:44:49.444Z,2026-09-04T20:23:53.108Z,pending,,
08ca290b-8c41-4efc-922a-3f607e5585ce,baaedf71-9bd7-48da-8120-c69651880dc7,job_scraped_021d9ba0ad,30,poor,,engineering,,"Match Score: 30%

Strong matches:
✓ Profile captured

Potential gap:
! engineering

Why this job matches:
This role only partially overlaps with your current skills and preferences.",2026-09-04T19:44:49.790Z,2026-09-04T19:46:52.557Z,pending,,
0f1eb489-f500-4b2b-8630-ee04b20bc0d5,baaedf71-9bd7-48da-8120-c69651880dc7,job_scraped_79526e5fe4,30,poor,,compliance,,"Match Score: 30%

Strong matches:
✓ Profile captured

Potential gap:
! compliance

Why this job matches:
This role only partially overlaps with your current skills and preferences.",2026-09-04T19:44:50.067Z,2026-09-04T20:24:07.692Z,pending,,
c01c7b44-10d6-422a-9c52-b6cc60094934,baaedf71-9bd7-48da-8120-c69651880dc7,job_scraped_14cc2ac4ec,27,poor,,research,,"Match Score: 27%

Strong matches:
✓ Profile captured

Potential gap:
! research
! Seniority mismatch

Why this job matches:
This role only partially overlaps with your current skills and preferences.",2026-09-04T19:44:50.330Z,2026-09-04T19:46:53.130Z,pending,,
d16359d9-d8ec-49ba-ab1d-e04438b1c4a5,baaedf71-9bd7-48da-8120-c69651880dc7,job_scraped_cb22265416,30,poor,,legal,,"Match Score: 30%

Strong matches:
✓ Profile captured

Potential gap:
! legal

Why this job matches:
This role only partially overlaps with your current skills and preferences.",2026-09-04T19:44:50.644Z,2026-09-04T20:24:19.561Z,pending,,
c1a8e593-40c0-4f15-8f1b-23244e449f19,baaedf71-9bd7-48da-8120-c69651880dc7,job_scraped_d46e2c6bd7,27,poor,,engineering,,"Match Score: 27%

Strong matches:
✓ Profile captured

Potential gap:
! engineering
! Seniority mismatch

Why this job matches:
This role only partially overlaps with your current skills and preferences.",2026-09-04T19:44:50.760Z,2026-09-04T19:46:53.873Z,pending,,
9059fa9e-6c32-4ec2-905a-0aeebb175f60,baaedf71-9bd7-48da-8120-c69651880dc7,job_scraped_30003c25d5,27,poor,,legal,,"Match Score: 27%

Strong matches:
✓ Profile captured

Potential gap:
! legal
! Seniority mismatch

Why this job matches:
This role only partially overlaps with your current skills and preferences.",2026-09-04T19:44:51.391Z,2026-09-04T20:24:27.024Z,pending,,
1134c180-cd53-410f-815c-c189b595bac0,baaedf71-9bd7-48da-8120-c69651880dc7,job_scraped_c5c391daa7,27,poor,,engineering,,"Match Score: 27%

Strong matches:
✓ Profile captured

Potential gap:
! engineering
! Seniority mismatch

Why this job matches:
This role only partially overlaps with your current skills and preferences.",2026-09-04T19:44:51.710Z,2026-09-04T19:46:54.410Z,pending,,
13f50c81-9d2a-41e5-b322-fed5ae30cfa0,baaedf71-9bd7-48da-8120-c69651880dc7,job_scraped_79c2ac1476,30,poor,,executive,,"Match Score: 30%

Strong matches:
✓ Profile captured

Potential gap:
! executive

Why this job matches:
This role only partially overlaps with your current skills and preferences.",2026-09-04T19:44:51.848Z,2026-09-04T20:24:40.110Z,pending,,
98e8fe8e-c8a6-4c64-8c18-bff54b50d707,baaedf71-9bd7-48da-8120-c69651880dc7,job_scraped_534359be15,27,poor,,engineering,,"Match Score: 27%

Strong matches:
✓ Profile captured

Potential gap:
! engineering
! Seniority mismatch

Why this job matches:
This role only partially overlaps with your current skills and preferences.",2026-09-04T19:44:52.244Z,2026-09-04T19:46:55.036Z,pending,,
6362d22f-6860-490b-a49c-b28d9eddbc32,baaedf71-9bd7-48da-8120-c69651880dc7,job_scraped_d522bdb5fe,27,poor,,engineering,,"Match Score: 27%

Strong matches:
✓ Profile captured

Potential gap:
! engineering
! Seniority mismatch

Why this job matches:
This role only partially overlaps with your current skills and preferences.",2026-09-04T19:44:52.562Z,2026-09-04T20:24:55.327Z,pending,,
a31ac55a-d09e-44a0-abb9-21f58fb4055f,baaedf71-9bd7-48da-8120-c69651880dc7,job_scraped_36c468cd14,27,poor,,engineering,,"Match Score: 27%

Strong matches:
✓ Profile captured

Potential gap:
! engineering
! Seniority mismatch

Why this job matches:
This role only partially overlaps with your current skills and preferences.",2026-09-04T19:44:52.654Z,2026-09-04T19:46:55.732Z,pending,,
2b487301-04fa-40e7-b842-a5ca6bf5ff4e,baaedf71-9bd7-48da-8120-c69651880dc7,job_scraped_7f5b6ee2fd,27,poor,,finance,,"Match Score: 27%

Strong matches:
✓ Profile captured

Potential gap:
! finance
! Seniority mismatch

Why this job matches:
This role only partially overlaps with your current skills and preferences.",2026-09-04T19:44:52.853Z,2026-09-04T20:25:06.492Z,pending,,
fc046cb3-5165-4a74-addc-3b79c7736234,baaedf71-9bd7-48da-8120-c69651880dc7,job_scraped_fb1c65d951,27,poor,,engineering,,"Match Score: 27%

Strong matches:
✓ Profile captured

Potential gap:
! engineering
! Seniority mismatch

Why this job matches:
This role only partially overlaps with your current skills and preferences.",2026-09-04T19:44:53.159Z,2026-09-04T19:46:56.179Z,pending,,
cfe3cf76-802c-482a-9b8e-f3eb9f68fac9,baaedf71-9bd7-48da-8120-c69651880dc7,job_scraped_50613b6c0b,30,poor,,marketing,,"Match Score: 30%

Strong matches:
✓ Profile captured

Potential gap:
! marketing

Why this job matches:
This role only partially overlaps with your current skills and preferences.",2026-09-04T19:44:53.535Z,2026-09-04T20:25:13.954Z,pending,,
7e71c475-8240-4818-a95b-2463088b1228,baaedf71-9bd7-48da-8120-c69651880dc7,job_scraped_51ca8984d5,27,poor,,engineering,,"Match Score: 27%

Strong matches:
✓ Profile captured

Potential gap:
! engineering
! Seniority mismatch

Why this job matches:
This role only partially overlaps with your current skills and preferences.",2026-09-04T19:44:53.818Z,2026-09-04T19:46:56.853Z,pending,,
b1fdc1cc-9d3a-446f-be4f-fd2a98ac1843,baaedf71-9bd7-48da-8120-c69651880dc7,job_scraped_1364da2fd0,30,poor,,design,,"Match Score: 30%

Strong matches:
✓ Profile captured

Potential gap:
! design

Why this job matches:
This role only partially overlaps with your current skills and preferences.",2026-09-04T19:44:54.109Z,2026-09-04T20:25:21.412Z,pending,,
eefd125e-48ba-4bce-afcb-8f1845d6d001,baaedf71-9bd7-48da-8120-c69651880dc7,job_scraped_75a287df7a,30,poor,,engineering,,"Match Score: 30%

Strong matches:
✓ Profile captured

Potential gap:
! engineering

Why this job matches:
This role only partially overlaps with your current skills and preferences.",2026-09-04T19:44:54.423Z,2026-09-04T19:46:57.454Z,pending,,
a8d17043-40bd-446b-8a8b-970714abb306,baaedf71-9bd7-48da-8120-c69651880dc7,job_scraped_e2860068c3,30,poor,,marketing,,"Match Score: 30%

Strong matches:
✓ Profile captured

Potential gap:
! marketing

Why this job matches:
This role only partially overlaps with your current skills and preferences.",2026-09-04T19:44:54.539Z,2026-09-04T20:25:34.734Z,pending,,
6e1a39d5-f942-4298-9a21-87dcb58eff80,baaedf71-9bd7-48da-8120-c69651880dc7,job_scraped_f53fb5d4cf,30,poor,,product management,,"Match Score: 30%

Strong matches:
✓ Profile captured

Potential gap:
! product management

Why this job matches:
This role only partially overlaps with your current skills and preferences.",2026-09-04T19:44:54.769Z,2026-09-04T19:46:57.868Z,pending,,
e878fcf8-2a40-44e7-9481-7459f78455a6,baaedf71-9bd7-48da-8120-c69651880dc7,job_scraped_4768b963d3,30,poor,,marketing,,"Match Score: 30%

Strong matches:
✓ Profile captured

Potential gap:
! marketing

Why this job matches:
This role only partially overlaps with your current skills and preferences.",2026-09-04T19:44:55.387Z,2026-09-04T20:25:50.836Z,pending,,
c87066a4-da8a-477b-b695-096134e5b7d2,baaedf71-9bd7-48da-8120-c69651880dc7,job_scraped_dea696d664,27,poor,,executive,,"Match Score: 27%

Strong matches:
✓ Profile captured

Potential gap:
! executive
! Seniority mismatch

Why this job matches:
This role only partially overlaps with your current skills and preferences.",2026-09-04T19:44:55.621Z,2026-09-04T19:46:58.568Z,pending,,
8f92da0f-6df7-42f1-a178-f61f2fafffcf,baaedf71-9bd7-48da-8120-c69651880dc7,job_scraped_5c8dd84444,30,poor,,finance,,"Match Score: 30%

Strong matches:
✓ Profile captured

Potential gap:
! finance

Why this job matches:
This role only partially overlaps with your current skills and preferences.",2026-09-04T19:44:55.793Z,2026-09-04T20:26:04.212Z,pending,,
6af03786-0c72-46bb-98b8-d794003c7912,baaedf71-9bd7-48da-8120-c69651880dc7,job_scraped_cb8ddfa7db,27,poor,,product management,,"Match Score: 27%

Strong matches:
✓ Profile captured

Potential gap:
! product management
! Seniority mismatch

Why this job matches:
This role only partially overlaps with your current skills and preferences.",2026-09-04T19:44:55.969Z,2026-09-04T19:46:59.437Z,pending,,
59d33b30-a23b-4107-870e-0a0a2a394527,baaedf71-9bd7-48da-8120-c69651880dc7,job_scraped_a6d2332af1,30,poor,,marketing,,"Match Score: 30%

Strong matches:
✓ Profile captured

Potential gap:
! marketing

Why this job matches:
This role only partially overlaps with your current skills and preferences.",2026-09-04T19:44:56.139Z,2026-09-04T20:26:19.915Z,pending,,
534c682d-c6dc-419b-b5e4-91ad83df06d1,baaedf71-9bd7-48da-8120-c69651880dc7,job_scraped_253f11b773,27,poor,,product management,,"Match Score: 27%

Strong matches:
✓ Profile captured

Potential gap:
! product management
! Seniority mismatch

Why this job matches:
This role only partially overlaps with your current skills and preferences.",2026-09-04T19:44:56.477Z,2026-09-04T19:47:00.187Z,pending,,
b435fb67-c682-44b1-a466-31841e5378cd,baaedf71-9bd7-48da-8120-c69651880dc7,job_scraped_23bd2f6ac6,30,poor,,marketing|product management,,"Match Score: 30%

Strong matches:
✓ Profile captured

Potential gap:
! marketing
! product management

Why this job matches:
This role only partially overlaps with your current skills and preferences.",2026-09-04T19:44:56.787Z,2026-09-04T20:26:29.549Z,pending,,
ac7cac76-2131-4e46-aac5-1ad261476b0f,baaedf71-9bd7-48da-8120-c69651880dc7,job_scraped_0188ecbd28,30,poor,,product management,,"Match Score: 30%

Strong matches:
✓ Profile captured

Potential gap:
! product management

Why this job matches:
This role only partially overlaps with your current skills and preferences.",2026-09-04T19:44:56.887Z,2026-09-04T19:47:00.753Z,pending,,
6c4a355a-b8ca-479f-9824-b1e9653b01b7,baaedf71-9bd7-48da-8120-c69651880dc7,job_scraped_403c45561f,27,poor,,marketing,,"Match Score: 27%

Strong matches:
✓ Profile captured

Potential gap:
! marketing
! Seniority mismatch

Why this job matches:
This role only partially overlaps with your current skills and preferences.",2026-09-04T19:44:57.394Z,2026-09-04T20:26:42.973Z,pending,,
b78c7cb3-f885-46d3-8a00-cb94ef24d7f3,baaedf71-9bd7-48da-8120-c69651880dc7,job_scraped_dfd06e58f0,30,poor,,engineering,,"Match Score: 30%

Strong matches:
✓ Profile captured

Potential gap:
! engineering

Why this job matches:
This role only partially overlaps with your current skills and preferences.",2026-09-04T19:44:57.744Z,2026-09-04T19:47:01.389Z,pending,,
9457110c-75e7-4ee0-8e10-eadcd388d92a,baaedf71-9bd7-48da-8120-c69651880dc7,job_scraped_3041d24ef1,27,poor,,marketing,,"Match Score: 27%

Strong matches:
✓ Profile captured

Potential gap:
! marketing
! Seniority mismatch

Why this job matches:
This role only partially overlaps with your current skills and preferences.",2026-09-04T19:44:58.109Z,2026-09-04T20:27:00.708Z,pending,,
9d7a0d52-475e-444a-a60a-6e3c2c712021,baaedf71-9bd7-48da-8120-c69651880dc7,job_scraped_a69ad2e121,27,poor,,finance,,"Match Score: 27%

Strong matches:
✓ Profile captured

Potential gap:
! finance
! Seniority mismatch

Why this job matches:
This role only partially overlaps with your current skills and preferences.",2026-09-04T19:44:58.604Z,2026-09-04T19:47:02.014Z,pending,,
8d5416a9-ce56-4388-bd15-845e3dde8dcd,baaedf71-9bd7-48da-8120-c69651880dc7,job_scraped_2bf5aba350,30,poor,,community,,"Match Score: 30%

Strong matches:
✓ Profile captured

Potential gap:
! community

Why this job matches:
This role only partially overlaps with your current skills and preferences.",2026-09-04T19:44:58.947Z,2026-09-04T20:27:12.196Z,pending,,
0e6b8438-bc93-4057-9224-5a29a1552c66,baaedf71-9bd7-48da-8120-c69651880dc7,job_scraped_4343ec8c4f,30,poor,,engineering,,"Match Score: 30%

Strong matches:
✓ Profile captured

Potential gap:
! engineering

Why this job matches:
This role only partially overlaps with your current skills and preferences.",2026-09-04T19:44:59.397Z,2026-09-04T19:47:02.398Z,pending,,
eb939e2e-94e4-4f0a-bc12-df5b25153581,baaedf71-9bd7-48da-8120-c69651880dc7,job_scraped_63d0ecda23,27,poor,,engineering,,"Match Score: 27%

Strong matches:
✓ Profile captured

Potential gap:
! engineering
! Seniority mismatch

Why this job matches:
This role only partially overlaps with your current skills and preferences.",2026-09-04T19:44:59.921Z,2026-09-04T20:27:21.779Z,pending,,
75f98abc-9e89-48c5-bb50-2c7981f600bb,baaedf71-9bd7-48da-8120-c69651880dc7,job_scraped_c4e3e322aa,30,poor,,compliance,,"Match Score: 30%

Strong matches:
✓ Profile captured

Potential gap:
! compliance

Why this job matches:
This role only partially overlaps with your current skills and preferences.",2026-09-04T19:45:00.172Z,2026-09-04T19:47:03.008Z,pending,,
73c12bbc-f422-4ca6-a3ae-0c0503857a77,baaedf71-9bd7-48da-8120-c69651880dc7,job_scraped_c80843b177,30,poor,,security,,"Match Score: 30%

Strong matches:
✓ Profile captured

Potential gap:
! security

Why this job matches:
This role only partially overlaps with your current skills and preferences.",2026-09-04T19:45:00.460Z,2026-09-04T20:27:31.943Z,pending,,
f439777d-3f8b-4ae9-a5df-3c3691878e62,baaedf71-9bd7-48da-8120-c69651880dc7,job_scraped_0c49677abd,27,poor,,research,,"Match Score: 27%

Strong matches:
✓ Profile captured

Potential gap:
! research
! Seniority mismatch

Why this job matches:
This role only partially overlaps with your current skills and preferences.",2026-09-04T19:45:00.741Z,2026-09-04T19:47:03.545Z,pending,,
354faa27-da4e-4c35-951b-f096293b5b51,baaedf71-9bd7-48da-8120-c69651880dc7,job_scraped_e1438a2bf7,33,poor,,operations,,"Match Score: 33%

Strong matches:
✓ Profile captured

Potential gap:
! operations

Why this job matches:
This role only partially overlaps with your current skills and preferences.",2026-09-04T19:45:01.005Z,2026-09-04T20:27:43.440Z,pending,,
1e8259b1-3870-4fce-b516-d3cc9b5d8778,baaedf71-9bd7-48da-8120-c69651880dc7,job_scraped_1924b105bc,27,poor,,engineering,,"Match Score: 27%

Strong matches:
✓ Profile captured

Potential gap:
! engineering
! Seniority mismatch

Why this job matches:
This role only partially overlaps with your current skills and preferences.",2026-09-04T19:45:01.238Z,2026-09-04T19:47:04.113Z,pending,,
86bc0e8e-7c4c-464a-8614-5d00d858eed0,baaedf71-9bd7-48da-8120-c69651880dc7,job_scraped_3e347c177c,30,poor,,engineering,,"Match Score: 30%

Strong matches:
✓ Profile captured

Potential gap:
! engineering

Why this job matches:
This role only partially overlaps with your current skills and preferences.",2026-09-04T19:45:01.540Z,2026-09-04T20:27:56.540Z,pending,,
969a0059-921f-4114-82a0-033785988660,baaedf71-9bd7-48da-8120-c69651880dc7,job_scraped_a8caf208a9,30,poor,,research,,"Match Score: 30%

Strong matches:
✓ Profile captured

Potential gap:
! research

Why this job matches:
This role only partially overlaps with your current skills and preferences.",2026-09-04T19:45:02.053Z,2026-09-04T19:47:04.635Z,pending,,
9982787c-3dad-4319-b536-b1943c0ba2fa,baaedf71-9bd7-48da-8120-c69651880dc7,job_scraped_e2cc435361,30,poor,,executive,,"Match Score: 30%

Strong matches:
✓ Profile captured

Potential gap:
! executive

Why this job matches:
This role only partially overlaps with your current skills and preferences.",2026-09-04T19:45:02.379Z,2026-09-04T20:28:06.998Z,pending,,
9d070476-c91c-49cc-9015-f4d31f9a893b,baaedf71-9bd7-48da-8120-c69651880dc7,job_scraped_173b7d8de8,27,poor,,sales,,"Match Score: 27%

Strong matches:
✓ Profile captured

Potential gap:
! sales
! Seniority mismatch

Why this job matches:
This role only partially overlaps with your current skills and preferences.",2026-09-04T19:45:02.920Z,2026-09-04T19:47:04.923Z,pending,,
79675a86-d7a1-4ef5-92bf-9560c9f2dee0,baaedf71-9bd7-48da-8120-c69651880dc7,job_scraped_718f7e36d5,27,poor,,engineering,,"Match Score: 27%

Strong matches:
✓ Profile captured

Potential gap:
! engineering
! Seniority mismatch

Why this job matches:
This role only partially overlaps with your current skills and preferences.",2026-09-04T19:45:03.274Z,2026-09-04T20:28:29.816Z,pending,,
9cdab631-7766-4361-a4b8-b7f2d9d280bb,baaedf71-9bd7-48da-8120-c69651880dc7,job_scraped_85de42a637,27,poor,,engineering,,"Match Score: 27%

Strong matches:
✓ Profile captured

Potential gap:
! engineering
! Seniority mismatch

Why this job matches:
This role only partially overlaps with your current skills and preferences.",2026-09-04T19:45:03.541Z,2026-09-04T19:47:05.593Z,pending,,
f7fcd9fa-21ac-4392-9fac-46dbbe1ad8b1,baaedf71-9bd7-48da-8120-c69651880dc7,job_scraped_638dce7fa7,27,poor,,operations,,"Match Score: 27%

Strong matches:
✓ Profile captured

Potential gap:
! operations
! Seniority mismatch

Why this job matches:
This role only partially overlaps with your current skills and preferences.",2026-09-04T19:45:03.710Z,2026-09-04T20:28:59.374Z,pending,,
67391d46-ff30-4eac-8791-85d0268e39c8,baaedf71-9bd7-48da-8120-c69651880dc7,job_scraped_82dbb8ca18,27,poor,,engineering,,"Match Score: 27%

Strong matches:
✓ Profile captured

Potential gap:
! engineering
! Seniority mismatch

Why this job matches:
This role only partially overlaps with your current skills and preferences.",2026-09-04T19:45:04.091Z,2026-09-04T19:47:06.038Z,pending,,
d2855eda-24e2-4919-95ee-1259d40ced76,baaedf71-9bd7-48da-8120-c69651880dc7,job_scraped_377f616683,27,poor,,operations,,"Match Score: 27%

Strong matches:
✓ Profile captured

Potential gap:
! operations
! Seniority mismatch

Why this job matches:
This role only partially overlaps with your current skills and preferences.",2026-09-04T19:45:04.335Z,2026-09-04T20:29:36.271Z,pending,,
065e81aa-ae5f-47f9-8779-15e82e6a27e1,baaedf71-9bd7-48da-8120-c69651880dc7,job_scraped_486ec63226,27,poor,,engineering,,"Match Score: 27%

Strong matches:
✓ Profile captured

Potential gap:
! engineering
! Seniority mismatch

Why this job matches:
This role only partially overlaps with your current skills and preferences.",2026-09-04T19:45:04.631Z,2026-09-04T19:47:06.589Z,pending,,
d98bf10c-4e54-4ec6-a316-ebc9355f4cd1,baaedf71-9bd7-48da-8120-c69651880dc7,job_scraped_9249de2300,30,poor,,sales,,"Match Score: 30%

Strong matches:
✓ Profile captured

Potential gap:
! sales

Why this job matches:
This role only partially overlaps with your current skills and preferences.",2026-09-04T19:45:04.899Z,2026-09-04T20:29:47.273Z,pending,,
2bd1ccc9-683b-41f5-b1dd-cbdd47603fe3,baaedf71-9bd7-48da-8120-c69651880dc7,job_scraped_48517a8c2a,27,poor,,engineering,,"Match Score: 27%

Strong matches:
✓ Profile captured

Potential gap:
! engineering
! Seniority mismatch

Why this job matches:
This role only partially overlaps with your current skills and preferences.",2026-09-04T19:45:05.206Z,2026-09-04T19:47:07.327Z,pending,,
299144d2-4864-46c0-ae0d-723bdf32452f,baaedf71-9bd7-48da-8120-c69651880dc7,job_scraped_0b5ca98e7e,30,poor,,sales,,"Match Score: 30%

Strong matches:
✓ Profile captured

Potential gap:
! sales

Why this job matches:
This role only partially overlaps with your current skills and preferences.",2026-09-04T19:45:05.418Z,2026-09-04T20:30:11.097Z,pending,,
836a9cc7-933b-4243-9364-af275bf20172,baaedf71-9bd7-48da-8120-c69651880dc7,job_scraped_c52b9c9c78,27,poor,,engineering,,"Match Score: 27%

Strong matches:
✓ Profile captured

Potential gap:
! engineering
! Seniority mismatch

Why this job matches:
This role only partially overlaps with your current skills and preferences.",2026-09-04T19:45:05.746Z,2026-09-04T19:47:08.207Z,pending,,
87c588dd-bd94-4de3-8877-f7ca4a33a333,baaedf71-9bd7-48da-8120-c69651880dc7,job_scraped_1087389cf5,30,poor,,engineering,,"Match Score: 30%

Strong matches:
✓ Profile captured

Potential gap:
! engineering

Why this job matches:
This role only partially overlaps with your current skills and preferences.",2026-09-04T19:45:05.930Z,2026-09-04T20:30:28.580Z,pending,,
bb2b6311-f3dc-411f-9659-d7ac12b24d72,baaedf71-9bd7-48da-8120-c69651880dc7,job_scraped_9c418eda7d,27,poor,,engineering,,"Match Score: 27%

Strong matches:
✓ Profile captured

Potential gap:
! engineering
! Seniority mismatch

Why this job matches:
This role only partially overlaps with your current skills and preferences.",2026-09-04T19:45:06.292Z,2026-09-04T19:47:08.649Z,pending,,
e30e39df-b861-4c6f-8ad8-3f9b57f5b1ac,baaedf71-9bd7-48da-8120-c69651880dc7,job_scraped_f3c3f13f21,30,poor,,sales,,"Match Score: 30%

Strong matches:
✓ Profile captured

Potential gap:
! sales

Why this job matches:
This role only partially overlaps with your current skills and preferences.",2026-09-04T19:45:06.545Z,2026-09-04T20:30:43.234Z,pending,,
a34902ed-1ab6-475b-9710-1ce5c6b013ed,baaedf71-9bd7-48da-8120-c69651880dc7,job_scraped_e1fce8eca5,30,poor,,engineering,,"Match Score: 30%

Strong matches:
✓ Profile captured

Potential gap:
! engineering

Why this job matches:
This role only partially overlaps with your current skills and preferences.",2026-09-04T19:45:06.730Z,2026-09-04T19:47:09.080Z,pending,,
bf731ce2-4bb8-4b99-b760-ac1f1be6cf50,baaedf71-9bd7-48da-8120-c69651880dc7,job_scraped_aa09f9b516,30,poor,,sales,,"Match Score: 30%

Strong matches:
✓ Profile captured

Potential gap:
! sales

Why this job matches:
This role only partially overlaps with your current skills and preferences.",2026-09-04T19:45:07.095Z,2026-09-04T20:30:59.325Z,pending,,
c4d966ae-f84f-49ac-b0d1-9b917081d85f,baaedf71-9bd7-48da-8120-c69651880dc7,job_scraped_2d7b4920a9,30,poor,,legal,,"Match Score: 30%

Strong matches:
✓ Profile captured

Potential gap:
! legal

Why this job matches:
This role only partially overlaps with your current skills and preferences.",2026-09-04T19:45:07.216Z,2026-09-04T19:47:09.680Z,pending,,
e1c8e2af-9a96-4f3e-a7bb-968f43c0b4ef,baaedf71-9bd7-48da-8120-c69651880dc7,job_scraped_67cbdd13c1,27,poor,,sales,,"Match Score: 27%

Strong matches:
✓ Profile captured

Potential gap:
! sales
! Seniority mismatch

Why this job matches:
This role only partially overlaps with your current skills and preferences.",2026-09-04T19:45:07.433Z,2026-09-04T20:31:22.571Z,pending,,
c8d75e26-9ec2-40d9-a19f-eb2b5f5374f5,baaedf71-9bd7-48da-8120-c69651880dc7,job_scraped_2d1298696d,30,poor,,legal,,"Match Score: 30%

Strong matches:
✓ Profile captured

Potential gap:
! legal

Why this job matches:
This role only partially overlaps with your current skills and preferences.",2026-09-04T19:45:07.704Z,2026-09-04T19:47:10.167Z,pending,,
27a36888-6237-4c65-8c83-91617f6d939b,baaedf71-9bd7-48da-8120-c69651880dc7,job_scraped_d87f6dfe1b,27,poor,,sales,,"Match Score: 27%

Strong matches:
✓ Profile captured

Potential gap:
! sales
! Seniority mismatch

Why this job matches:
This role only partially overlaps with your current skills and preferences.",2026-09-04T19:45:08.006Z,2026-09-04T20:31:49.723Z,pending,,
9ca4fdd1-2a72-482c-99a6-bc57a8fea05c,baaedf71-9bd7-48da-8120-c69651880dc7,job_scraped_909d459ab7,30,poor,,legal,,"Match Score: 30%

Strong matches:
✓ Profile captured

Potential gap:
! legal

Why this job matches:
This role only partially overlaps with your current skills and preferences.",2026-09-04T19:45:08.207Z,2026-09-04T19:47:10.767Z,pending,,
658c7057-aa21-4a2d-b7a0-b389701d7772,baaedf71-9bd7-48da-8120-c69651880dc7,job_scraped_2f61b1f20c,30,poor,,engineering,,"Match Score: 30%

Strong matches:
✓ Profile captured

Potential gap:
! engineering

Why this job matches:
This role only partially overlaps with your current skills and preferences.",2026-09-04T19:45:08.506Z,2026-09-04T19:45:08.506Z,pending,,
6c47dd76-2ff1-4ccb-b2ee-5d403f69ae58,baaedf71-9bd7-48da-8120-c69651880dc7,job_scraped_aa784ad514,27,poor,,compliance,,"Match Score: 27%

Strong matches:
✓ Profile captured

Potential gap:
! compliance
! Seniority mismatch

Why this job matches:
This role only partially overlaps with your current skills and preferences.",2026-09-04T19:45:08.622Z,2026-09-04T19:47:11.359Z,pending,,
2d14954d-11f6-44f6-aa47-2f81bc45ab1b,baaedf71-9bd7-48da-8120-c69651880dc7,job_scraped_3caff37c71,30,poor,,engineering,,"Match Score: 30%

Strong matches:
✓ Profile captured

Potential gap:
! engineering

Why this job matches:
This role only partially overlaps with your current skills and preferences.",2026-09-04T19:45:08.746Z,2026-09-04T19:45:08.746Z,pending,,
1b2614a1-3263-4704-8ee7-2c209da4eca6,baaedf71-9bd7-48da-8120-c69651880dc7,job_scraped_c6ed2f1d53,27,poor,,engineering,,"Match Score: 27%

Strong matches:
✓ Profile captured

Potential gap:
! engineering
! Seniority mismatch

Why this job matches:
This role only partially overlaps with your current skills and preferences.",2026-09-04T19:45:08.995Z,2026-09-04T19:47:12.111Z,pending,,
03fc230f-20f0-4594-888b-04dbbbe9cdb0,baaedf71-9bd7-48da-8120-c69651880dc7,job_scraped_d345f26619,27,poor,,engineering,,"Match Score: 27%

Strong matches:
✓ Profile captured

Potential gap:
! engineering
! Seniority mismatch

Why this job matches:
This role only partially overlaps with your current skills and preferences.",2026-09-04T19:45:09.324Z,2026-09-04T19:47:13.193Z,pending,,
b5210ac9-c3b8-433f-9b61-fe88173c4065,baaedf71-9bd7-48da-8120-c69651880dc7,job_scraped_44cebea3c2,27,poor,,trading|product management,,"Match Score: 27%

Strong matches:
✓ Profile captured

Potential gap:
! trading
! product management
! Seniority mismatch

Why this job matches:
This role only partially overlaps with your current skills and preferences.",2026-09-04T19:45:09.891Z,2026-09-04T19:47:13.859Z,pending,,
b6e02717-fe6b-4aed-bd0e-b97ea9919539,baaedf71-9bd7-48da-8120-c69651880dc7,job_scraped_62541d4593,27,poor,,product management,,"Match Score: 27%

Strong matches:
✓ Profile captured

Potential gap:
! product management
! Seniority mismatch

Why this job matches:
This role only partially overlaps with your current skills and preferences.",2026-09-04T19:45:10.395Z,2026-09-04T19:47:14.370Z,pending,,
b2d9223c-3d70-4d77-94fd-328a27499d0b,baaedf71-9bd7-48da-8120-c69651880dc7,job_scraped_9cb320aab9,27,poor,,product management,,"Match Score: 27%

Strong matches:
✓ Profile captured

Potential gap:
! product management
! Seniority mismatch

Why this job matches:
This role only partially overlaps with your current skills and preferences.",2026-09-04T19:45:10.731Z,2026-09-04T19:47:15.733Z,pending,,
35394ced-7298-41a0-88a7-6b9b8f7444b3,baaedf71-9bd7-48da-8120-c69651880dc7,job_scraped_59bc47a991,30,poor,,engineering,,"Match Score: 30%

Strong matches:
✓ Profile captured

Potential gap:
! engineering

Why this job matches:
This role only partially overlaps with your current skills and preferences.",2026-09-04T19:45:11.159Z,2026-09-04T19:47:16.681Z,pending,,
bf2be178-d2fb-418d-bba3-d2e04936b8cc,baaedf71-9bd7-48da-8120-c69651880dc7,job_scraped_5ed0dbf1b8,27,poor,,engineering,,"Match Score: 27%

Strong matches:
✓ Profile captured

Potential gap:
! engineering
! Seniority mismatch

Why this job matches:
This role only partially overlaps with your current skills and preferences.",2026-09-04T19:45:11.576Z,2026-09-04T19:45:11.576Z,pending,,
8dae21ed-a527-4bc1-a2b3-b172a8412e4e,baaedf71-9bd7-48da-8120-c69651880dc7,job_scraped_b56a202fb1,30,poor,,sales,,"Match Score: 30%

Strong matches:
✓ Profile captured

Potential gap:
! sales

Why this job matches:
This role only partially overlaps with your current skills and preferences.",2026-09-04T19:45:11.699Z,2026-09-04T19:47:17.795Z,pending,,
a17f3605-ff6e-44a7-b845-568f7980588f,baaedf71-9bd7-48da-8120-c69651880dc7,job_scraped_9a93c7f569,30,poor,,engineering,,"Match Score: 30%

Strong matches:
✓ Profile captured

Potential gap:
! engineering

Why this job matches:
This role only partially overlaps with your current skills and preferences.",2026-09-04T19:45:12.359Z,2026-09-04T19:47:18.858Z,pending,,
a4bbf812-2f38-4b9a-a34d-a485bda77f3b,baaedf71-9bd7-48da-8120-c69651880dc7,job_scraped_2994581fb1,30,poor,,engineering,,"Match Score: 30%

Strong matches:
✓ Profile captured

Potential gap:
! engineering

Why this job matches:
This role only partially overlaps with your current skills and preferences.",2026-09-04T19:45:12.613Z,2026-09-04T19:45:12.613Z,pending,,
07aa7a25-ad1a-45b2-8913-b9ec82581ff6,baaedf71-9bd7-48da-8120-c69651880dc7,job_scraped_d401b53735,30,poor,,engineering,,"Match Score: 30%

Strong matches:
✓ Profile captured

Potential gap:
! engineering

Why this job matches:
This role only partially overlaps with your current skills and preferences.",2026-09-04T19:45:12.953Z,2026-09-04T19:47:19.574Z,pending,,
7027a2db-be77-4caa-b441-77cfd2a28ed5,baaedf71-9bd7-48da-8120-c69651880dc7,job_scraped_2979412611,27,poor,,engineering,,"Match Score: 27%

Strong matches:
✓ Profile captured

Potential gap:
! engineering
! Seniority mismatch

Why this job matches:
This role only partially overlaps with your current skills and preferences.",2026-09-04T19:45:15.275Z,2026-09-04T19:47:20.261Z,pending,,
cbae45e1-4c47-47bd-84ee-61e6999a6b47,baaedf71-9bd7-48da-8120-c69651880dc7,job_scraped_00f46175ca,27,poor,,engineering,,"Match Score: 27%

Strong matches:
✓ Profile captured

Potential gap:
! engineering
! Seniority mismatch

Why this job matches:
This role only partially overlaps with your current skills and preferences.",2026-09-04T19:45:16.203Z,2026-09-04T19:47:21.212Z,pending,,
6fb9ba7d-39a0-41c9-9252-48dda1892b85,baaedf71-9bd7-48da-8120-c69651880dc7,job_scraped_12cd5b1eae,27,poor,,security,,"Match Score: 27%

Strong matches:
✓ Profile captured

Potential gap:
! security
! Seniority mismatch

Why this job matches:
This role only partially overlaps with your current skills and preferences.",2026-09-04T19:45:16.945Z,2026-09-04T19:47:22.658Z,pending,,
f8ef3d1e-fd5f-4063-a693-ad67e6cb6c7e,baaedf71-9bd7-48da-8120-c69651880dc7,job_scraped_44601eaa75,27,poor,,research,,"Match Score: 27%

Strong matches:
✓ Profile captured

Potential gap:
! research
! Seniority mismatch

Why this job matches:
This role only partially overlaps with your current skills and preferences.",2026-09-04T19:45:17.675Z,2026-09-04T19:47:23.833Z,pending,,
a4ef574d-0d7c-4654-a8cc-cdf0d74b240b,baaedf71-9bd7-48da-8120-c69651880dc7,job_scraped_e977de7b4a,27,poor,,engineering,,"Match Score: 27%

Strong matches:
✓ Profile captured

Potential gap:
! engineering
! Seniority mismatch

Why this job matches:
This role only partially overlaps with your current skills and preferences.",2026-09-04T19:45:18.459Z,2026-09-04T19:47:24.299Z,pending,,
c176fff5-2f3b-4afd-ac9a-dbdd608c6f79,baaedf71-9bd7-48da-8120-c69651880dc7,job_scraped_cf56377c78,27,poor,,engineering,,"Match Score: 27%

Strong matches:
✓ Profile captured

Potential gap:
! engineering
! Seniority mismatch

Why this job matches:
This role only partially overlaps with your current skills and preferences.",2026-09-04T19:45:18.790Z,2026-09-04T19:47:27.153Z,pending,,
5edf06b2-9aa7-40f3-b886-d775fee698d4,baaedf71-9bd7-48da-8120-c69651880dc7,job_scraped_30aad4f612,27,poor,,engineering,,"Match Score: 27%

Strong matches:
✓ Profile captured

Potential gap:
! engineering
! Seniority mismatch

Why this job matches:
This role only partially overlaps with your current skills and preferences.",2026-09-04T19:45:19.110Z,2026-09-04T19:47:30.023Z,pending,,
da022a07-0313-4618-a12d-6e14cd06e8f7,baaedf71-9bd7-48da-8120-c69651880dc7,job_scraped_e0bfdec713,30,poor,,engineering,,"Match Score: 30%

Strong matches:
✓ Profile captured

Potential gap:
! engineering

Why this job matches:
This role only partially overlaps with your current skills and preferences.",2026-09-04T19:45:19.438Z,2026-09-04T19:47:30.733Z,pending,,
825be1f8-21c1-48cc-8c97-4019e83922f1,baaedf71-9bd7-48da-8120-c69651880dc7,job_scraped_541feebff6,30,poor,,engineering,,"Match Score: 30%

Strong matches:
✓ Profile captured

Potential gap:
! engineering

Why this job matches:
This role only partially overlaps with your current skills and preferences.",2026-09-04T19:45:20.037Z,2026-09-04T19:47:31.244Z,pending,,
63836af7-8252-49a6-ac46-1c25a8d8392d,baaedf71-9bd7-48da-8120-c69651880dc7,job_scraped_91b1bc1953,30,poor,,engineering,,"Match Score: 30%

Strong matches:
✓ Profile captured

Potential gap:
! engineering

Why this job matches:
This role only partially overlaps with your current skills and preferences.",2026-09-04T19:45:20.517Z,2026-09-04T19:47:31.780Z,pending,,
40dd4c4a-d83b-4208-a90e-56cb8f643b04,baaedf71-9bd7-48da-8120-c69651880dc7,job_scraped_cf3b8ab1e3,30,poor,,engineering,,"Match Score: 30%

Strong matches:
✓ Profile captured

Potential gap:
! engineering

Why this job matches:
This role only partially overlaps with your current skills and preferences.",2026-09-04T19:45:21.132Z,2026-09-04T19:47:32.274Z,pending,,
63d9fbc8-c3d6-4dcb-8ddc-a9f0e40ffc42,baaedf71-9bd7-48da-8120-c69651880dc7,job_scraped_6759d2a3b3,30,poor,,engineering,,"Match Score: 30%

Strong matches:
✓ Profile captured

Potential gap:
! engineering

Why this job matches:
This role only partially overlaps with your current skills and preferences.",2026-09-04T19:45:21.479Z,2026-09-04T19:47:32.845Z,pending,,
f077b99e-60ec-40e7-a71d-520bf23e0d8f,baaedf71-9bd7-48da-8120-c69651880dc7,job_scraped_a8785917d2,30,poor,,engineering,,"Match Score: 30%

Strong matches:
✓ Profile captured

Potential gap:
! engineering

Why this job matches:
This role only partially overlaps with your current skills and preferences.",2026-09-04T19:45:21.874Z,2026-09-04T19:47:33.428Z,pending,,
27522463-7c0b-4e94-ae53-0955e0456235,baaedf71-9bd7-48da-8120-c69651880dc7,job_scraped_6c917e2e6d,30,poor,,engineering,,"Match Score: 30%

Strong matches:
✓ Profile captured

Potential gap:
! engineering

Why this job matches:
This role only partially overlaps with your current skills and preferences.",2026-09-04T19:45:22.475Z,2026-09-04T19:47:33.913Z,pending,,
4a8118f6-e33b-4e9c-8bda-e3b9ada4d5e8,baaedf71-9bd7-48da-8120-c69651880dc7,job_scraped_5fb0d0dfdd,27,poor,,engineering,,"Match Score: 27%

Strong matches:
✓ Profile captured

Potential gap:
! engineering
! Seniority mismatch

Why this job matches:
This role only partially overlaps with your current skills and preferences.",2026-09-04T19:45:22.872Z,2026-09-04T19:47:34.421Z,pending,,
f73a92e0-dba5-48d5-8fa9-d910d1cc78aa,baaedf71-9bd7-48da-8120-c69651880dc7,job_scraped_f3907638ed,27,poor,,trading,,"Match Score: 27%

Strong matches:
✓ Profile captured

Potential gap:
! trading
! Seniority mismatch

Why this job matches:
This role only partially overlaps with your current skills and preferences.",2026-09-04T19:45:23.263Z,2026-09-04T19:47:34.802Z,pending,,
8267889c-916c-4c4f-b54c-251562aa5664,baaedf71-9bd7-48da-8120-c69651880dc7,job_scraped_d69a0577a0,27,poor,,engineering,,"Match Score: 27%

Strong matches:
✓ Profile captured

Potential gap:
! engineering
! Seniority mismatch

Why this job matches:
This role only partially overlaps with your current skills and preferences.",2026-09-04T19:45:23.681Z,2026-09-04T19:47:35.339Z,pending,,
a4760160-a11c-47ee-9841-1adff1a3514c,baaedf71-9bd7-48da-8120-c69651880dc7,job_scraped_9adf19a5c3,27,poor,,engineering,,"Match Score: 27%

Strong matches:
✓ Profile captured

Potential gap:
! engineering
! Seniority mismatch

Why this job matches:
This role only partially overlaps with your current skills and preferences.",2026-09-04T19:45:24.010Z,2026-09-04T19:47:35.888Z,pending,,
41ec6afd-bac9-4eef-a07a-9110b501931a,baaedf71-9bd7-48da-8120-c69651880dc7,job_scraped_ba0da50e0e,27,poor,,engineering,,"Match Score: 27%

Strong matches:
✓ Profile captured

Potential gap:
! engineering
! Seniority mismatch

Why this job matches:
This role only partially overlaps with your current skills and preferences.",2026-09-04T19:45:24.428Z,2026-09-04T19:47:36.501Z,pending,,
29c18184-4292-4ee6-b43e-63d936ee5760,baaedf71-9bd7-48da-8120-c69651880dc7,job_scraped_01488e1179,27,poor,,engineering,,"Match Score: 27%

Strong matches:
✓ Profile captured

Potential gap:
! engineering
! Seniority mismatch

Why this job matches:
This role only partially overlaps with your current skills and preferences.",2026-09-04T19:45:27.734Z,2026-09-04T19:47:36.970Z,pending,,
3092b6e9-c863-40df-9f89-d20a389e95cc,baaedf71-9bd7-48da-8120-c69651880dc7,job_scraped_e24134f0f7,30,poor,,engineering,,"Match Score: 30%

Strong matches:
✓ Profile captured

Potential gap:
! engineering

Why this job matches:
This role only partially overlaps with your current skills and preferences.",2026-09-04T19:45:29.500Z,2026-09-04T19:47:37.506Z,pending,,
95cbe964-1324-495f-98ae-7c298ea99332,baaedf71-9bd7-48da-8120-c69651880dc7,job_scraped_1d67635ca9,30,poor,,engineering,,"Match Score: 30%

Strong matches:
✓ Profile captured

Potential gap:
! engineering

Why this job matches:
This role only partially overlaps with your current skills and preferences.",2026-09-04T19:45:31.127Z,2026-09-04T19:47:38.060Z,pending,,
70275e96-828d-48e2-9f8a-2b61e443875e,baaedf71-9bd7-48da-8120-c69651880dc7,job_scraped_e6edb17ec0,30,poor,,engineering,,"Match Score: 30%

Strong matches:
✓ Profile captured

Potential gap:
! engineering

Why this job matches:
This role only partially overlaps with your current skills and preferences.",2026-09-04T19:45:32.898Z,2026-09-04T19:47:38.573Z,pending,,
069d13a6-3473-41b2-83da-96017be2f6ef,baaedf71-9bd7-48da-8120-c69651880dc7,job_scraped_7d268fa050,30,poor,,engineering,,"Match Score: 30%

Strong matches:
✓ Profile captured

Potential gap:
! engineering

Why this job matches:
This role only partially overlaps with your current skills and preferences.",2026-09-04T19:45:34.880Z,2026-09-04T19:47:39.114Z,pending,,
15bcdaf8-d8f1-44b9-ab65-d4525ff63eb7,baaedf71-9bd7-48da-8120-c69651880dc7,job_scraped_5ca2deb287,30,poor,,operations,,"Match Score: 30%

Strong matches:
✓ Profile captured

Potential gap:
! operations

Why this job matches:
This role only partially overlaps with your current skills and preferences.",2026-09-04T19:45:36.453Z,2026-09-04T19:47:39.574Z,pending,,
a77c3ce3-d3e5-46fa-8313-b714d60c1344,baaedf71-9bd7-48da-8120-c69651880dc7,job_scraped_a9e7e4b17d,30,poor,,executive,,"Match Score: 30%

Strong matches:
✓ Profile captured

Potential gap:
! executive

Why this job matches:
This role only partially overlaps with your current skills and preferences.",2026-09-04T19:45:39.684Z,2026-09-04T19:47:40.029Z,pending,,
97d19ead-db6c-452a-8c08-eedbf3180280,baaedf71-9bd7-48da-8120-c69651880dc7,job_scraped_f079b615c5,30,poor,,sales,,"Match Score: 30%

Strong matches:
✓ Profile captured

Potential gap:
! sales

Why this job matches:
This role only partially overlaps with your current skills and preferences.",2026-09-04T19:45:40.765Z,2026-09-04T19:47:40.692Z,pending,,
869cef33-6507-449f-8bba-0c1ab1e74b85,baaedf71-9bd7-48da-8120-c69651880dc7,job_scraped_bb00dc589e,30,poor,,engineering,,"Match Score: 30%

Strong matches:
✓ Profile captured

Potential gap:
! engineering

Why this job matches:
This role only partially overlaps with your current skills and preferences.",2026-09-04T19:45:41.514Z,2026-09-04T19:47:41.087Z,pending,,
fe0ad01d-063a-467f-8a22-e8ca12c5cedf,baaedf71-9bd7-48da-8120-c69651880dc7,job_scraped_2996d179ac,27,poor,,engineering,,"Match Score: 27%

Strong matches:
✓ Profile captured

Potential gap:
! engineering
! Seniority mismatch

Why this job matches:
This role only partially overlaps with your current skills and preferences.",2026-09-04T19:45:42.660Z,2026-09-04T19:47:41.431Z,pending,,
62ef54f5-5662-4a5b-a149-93c72ea64eff,baaedf71-9bd7-48da-8120-c69651880dc7,job_scraped_1d39c13270,30,poor,,finance,,"Match Score: 30%

Strong matches:
✓ Profile captured

Potential gap:
! finance

Why this job matches:
This role only partially overlaps with your current skills and preferences.",2026-09-04T19:45:43.773Z,2026-09-04T19:47:42.009Z,pending,,
b17a4882-1c93-4129-b9d9-542171b6ef71,baaedf71-9bd7-48da-8120-c69651880dc7,job_scraped_f187b899d7,30,poor,,engineering,,"Match Score: 30%

Strong matches:
✓ Profile captured

Potential gap:
! engineering

Why this job matches:
This role only partially overlaps with your current skills and preferences.",2026-09-04T19:45:45.376Z,2026-09-04T19:47:42.516Z,pending,,
769403e1-041c-4bfe-bb01-a28942e9e47a,baaedf71-9bd7-48da-8120-c69651880dc7,job_scraped_d8ecdb5e5d,30,poor,,quantitative analysis,,"Match Score: 30%

Strong matches:
✓ Profile captured

Potential gap:
! quantitative analysis

Why this job matches:
This role only partially overlaps with your current skills and preferences.",2026-09-04T19:45:46.925Z,2026-09-04T19:47:42.979Z,pending,,
3c63a953-c61a-4469-9187-e878d5425680,baaedf71-9bd7-48da-8120-c69651880dc7,job_scraped_9886f083d4,27,poor,,engineering,,"Match Score: 27%

Strong matches:
✓ Profile captured

Potential gap:
! engineering
! Seniority mismatch

Why this job matches:
This role only partially overlaps with your current skills and preferences.",2026-09-04T19:45:48.007Z,2026-09-04T19:47:43.575Z,pending,,
26f13fe2-b48f-4927-a29f-8611582c725f,baaedf71-9bd7-48da-8120-c69651880dc7,job_scraped_9b6ca6d56c,30,poor,,sales,,"Match Score: 30%

Strong matches:
✓ Profile captured

Potential gap:
! sales

Why this job matches:
This role only partially overlaps with your current skills and preferences.",2026-09-04T19:45:48.915Z,2026-09-04T19:47:44.000Z,pending,,
869baa92-4c57-4d9c-aae2-601aef2f2e05,baaedf71-9bd7-48da-8120-c69651880dc7,job_scraped_ff83b7606e,27,poor,,engineering,,"Match Score: 27%

Strong matches:
✓ Profile captured

Potential gap:
! engineering
! Seniority mismatch

Why this job matches:
This role only partially overlaps with your current skills and preferences.",2026-09-04T19:45:49.567Z,2026-09-04T19:47:44.525Z,pending,,
5204d182-9696-4ad9-87ea-b1ddef6e9ecd,baaedf71-9bd7-48da-8120-c69651880dc7,job_scraped_a097831c2a,30,poor,,sales,,"Match Score: 30%

Strong matches:
✓ Profile captured

Potential gap:
! sales

Why this job matches:
This role only partially overlaps with your current skills and preferences.",2026-09-04T19:45:50.617Z,2026-09-04T19:47:45.530Z,pending,,
8625ba6b-fe20-4b1b-ad6b-828eee967a5b,baaedf71-9bd7-48da-8120-c69651880dc7,job_scraped_f0a6f37c7f,30,poor,,sales,,"Match Score: 30%

Strong matches:
✓ Profile captured

Potential gap:
! sales

Why this job matches:
This role only partially overlaps with your current skills and preferences.",2026-09-04T19:45:53.051Z,2026-09-04T19:47:46.668Z,pending,,
7aa2676c-edab-4c79-987b-4ac391ae02c5,baaedf71-9bd7-48da-8120-c69651880dc7,job_scraped_28d6c51c7f,27,poor,,compliance,,"Match Score: 27%

Strong matches:
✓ Profile captured

Potential gap:
! compliance
! Seniority mismatch

Why this job matches:
This role only partially overlaps with your current skills and preferences.",2026-09-04T19:45:53.541Z,2026-09-04T19:47:47.471Z,pending,,
c649f444-e606-4809-a379-27c74ad2e2c0,baaedf71-9bd7-48da-8120-c69651880dc7,job_scraped_c21465f785,30,poor,,engineering,,"Match Score: 30%

Strong matches:
✓ Profile captured

Potential gap:
! engineering

Why this job matches:
This role only partially overlaps with your current skills and preferences.",2026-09-04T19:45:54.013Z,2026-09-04T19:47:48.382Z,pending,,
cb6de01f-a4e0-4ae3-9e42-0af3a264a748,baaedf71-9bd7-48da-8120-c69651880dc7,job_scraped_7887da3cdd,30,poor,,engineering,,"Match Score: 30%

Strong matches:
✓ Profile captured

Potential gap:
! engineering

Why this job matches:
This role only partially overlaps with your current skills and preferences.",2026-09-04T19:45:54.613Z,2026-09-04T19:47:49.362Z,pending,,
54a7ca57-b980-415f-86fc-03613182bc30,baaedf71-9bd7-48da-8120-c69651880dc7,job_scraped_85ce32ef3f,30,poor,,engineering,,"Match Score: 30%

Strong matches:
✓ Profile captured

Potential gap:
! engineering

Why this job matches:
This role only partially overlaps with your current skills and preferences.",2026-09-04T19:45:55.095Z,2026-09-04T19:47:50.050Z,pending,,
f2cf9b6e-25e8-4a61-82d1-563ff8612607,baaedf71-9bd7-48da-8120-c69651880dc7,job_scraped_89f3b7a20b,30,poor,,engineering,,"Match Score: 30%

Strong matches:
✓ Profile captured

Potential gap:
! engineering

Why this job matches:
This role only partially overlaps with your current skills and preferences.",2026-09-04T19:45:55.513Z,2026-09-04T19:47:50.559Z,pending,,
9ccdcfde-b05b-4f5d-91fc-90b36825b039,baaedf71-9bd7-48da-8120-c69651880dc7,job_scraped_181b4951c7,30,poor,,research,,"Match Score: 30%

Strong matches:
✓ Profile captured

Potential gap:
! research

Why this job matches:
This role only partially overlaps with your current skills and preferences.",2026-09-04T19:45:55.935Z,2026-09-04T19:47:51.534Z,pending,,
464e404c-0fc7-4d7d-af32-f16c25572f11,baaedf71-9bd7-48da-8120-c69651880dc7,job_scraped_4f3d723968,30,poor,,engineering,,"Match Score: 30%

Strong matches:
✓ Profile captured

Potential gap:
! engineering

Why this job matches:
This role only partially overlaps with your current skills and preferences.",2026-09-04T19:45:56.385Z,2026-09-04T19:47:52.732Z,pending,,
4009cf44-cb1c-43ef-8ec4-aaa433b62f20,baaedf71-9bd7-48da-8120-c69651880dc7,job_scraped_76b9e5f915,30,poor,,engineering,,"Match Score: 30%

Strong matches:
✓ Profile captured

Potential gap:
! engineering

Why this job matches:
This role only partially overlaps with your current skills and preferences.",2026-09-04T19:45:57.322Z,2026-09-04T19:47:53.790Z,pending,,
09524bae-1f48-4673-9ec2-7232a0a91972,baaedf71-9bd7-48da-8120-c69651880dc7,job_scraped_aa30869d4a,30,poor,,engineering,,"Match Score: 30%

Strong matches:
✓ Profile captured

Potential gap:
! engineering

Why this job matches:
This role only partially overlaps with your current skills and preferences.",2026-09-04T19:45:58.159Z,2026-09-04T19:47:54.456Z,pending,,
ddc53a4b-48ee-4c1e-a4fb-44176e38f0cf,baaedf71-9bd7-48da-8120-c69651880dc7,job_scraped_797eb3c52c,27,poor,,engineering,,"Match Score: 27%

Strong matches:
✓ Profile captured

Potential gap:
! engineering
! Seniority mismatch

Why this job matches:
This role only partially overlaps with your current skills and preferences.",2026-09-04T19:45:58.790Z,2026-09-04T19:47:55.113Z,pending,,
565a8456-1436-4560-be9c-a7c5063dd036,baaedf71-9bd7-48da-8120-c69651880dc7,job_scraped_e629a6a53b,27,poor,,research,,"Match Score: 27%

Strong matches:
✓ Profile captured

Potential gap:
! research
! Seniority mismatch

Why this job matches:
This role only partially overlaps with your current skills and preferences.",2026-09-04T19:45:59.357Z,2026-09-04T19:47:55.707Z,pending,,
50999ec4-c928-4658-a983-d3aa962b2e3e,baaedf71-9bd7-48da-8120-c69651880dc7,job_scraped_e0de552a90,27,poor,,engineering,,"Match Score: 27%

Strong matches:
✓ Profile captured

Potential gap:
! engineering
! Seniority mismatch

Why this job matches:
This role only partially overlaps with your current skills and preferences.",2026-09-04T19:45:59.930Z,2026-09-04T19:47:56.360Z,pending,,
df8cdc8c-c63c-4edd-b285-b77594fa69f4,baaedf71-9bd7-48da-8120-c69651880dc7,job_scraped_3475619950,27,poor,,engineering,,"Match Score: 27%

Strong matches:
✓ Profile captured

Potential gap:
! engineering
! Seniority mismatch

Why this job matches:
This role only partially overlaps with your current skills and preferences.",2026-09-04T19:46:00.302Z,2026-09-04T19:47:57.336Z,pending,,
f88b879f-ef70-4276-857a-5fb96d0bbd40,baaedf71-9bd7-48da-8120-c69651880dc7,job_scraped_f1544aeb3f,30,poor,,engineering,,"Match Score: 30%

Strong matches:
✓ Profile captured

Potential gap:
! engineering

Why this job matches:
This role only partially overlaps with your current skills and preferences.",2026-09-04T19:46:01.099Z,2026-09-04T19:47:58.172Z,pending,,
94263b5d-eb51-4859-9efe-8fd6e2066c4a,baaedf71-9bd7-48da-8120-c69651880dc7,job_scraped_78c4913466,27,poor,,engineering,,"Match Score: 27%

Strong matches:
✓ Profile captured

Potential gap:
! engineering
! Seniority mismatch

Why this job matches:
This role only partially overlaps with your current skills and preferences.",2026-09-04T19:46:01.831Z,2026-09-04T19:47:59.081Z,pending,,
e59f8b11-58dd-44a2-a68e-24759523ba31,baaedf71-9bd7-48da-8120-c69651880dc7,job_scraped_2d4e496189,27,poor,,engineering,,"Match Score: 27%

Strong matches:
✓ Profile captured

Potential gap:
! engineering
! Seniority mismatch

Why this job matches:
This role only partially overlaps with your current skills and preferences.",2026-09-04T19:46:02.515Z,2026-09-04T19:48:00.148Z,pending,,
ce730879-6753-40d1-abd8-2fd760c8feff,baaedf71-9bd7-48da-8120-c69651880dc7,job_scraped_a5787a5f19,27,poor,,trading,,"Match Score: 27%

Strong matches:
✓ Profile captured

Potential gap:
! trading
! Seniority mismatch

Why this job matches:
This role only partially overlaps with your current skills and preferences.",2026-09-04T19:46:03.086Z,2026-09-04T19:48:00.864Z,pending,,
18ba2778-3cb4-4d53-b00f-0754436fc80d,baaedf71-9bd7-48da-8120-c69651880dc7,job_scraped_19830b3bc6,27,poor,,engineering,,"Match Score: 27%

Strong matches:
✓ Profile captured

Potential gap:
! engineering
! Seniority mismatch

Why this job matches:
This role only partially overlaps with your current skills and preferences.",2026-09-04T19:46:03.423Z,2026-09-04T19:48:01.743Z,pending,,
ed41354b-ca74-47f8-87e7-9a68e20d0ef5,baaedf71-9bd7-48da-8120-c69651880dc7,job_scraped_eae3e259c1,27,poor,,engineering,,"Match Score: 27%

Strong matches:
✓ Profile captured

Potential gap:
! engineering
! Seniority mismatch

Why this job matches:
This role only partially overlaps with your current skills and preferences.",2026-09-04T19:46:03.862Z,2026-09-04T19:48:02.778Z,pending,,
f9e0b949-ecfa-49fa-9500-08f0003da831,baaedf71-9bd7-48da-8120-c69651880dc7,job_scraped_9da208a05b,27,poor,,engineering,,"Match Score: 27%

Strong matches:
✓ Profile captured

Potential gap:
! engineering
! Seniority mismatch

Why this job matches:
This role only partially overlaps with your current skills and preferences.",2026-09-04T19:46:04.347Z,2026-09-04T19:48:03.662Z,pending,,
4bcc070b-0829-48d4-9f5f-893670fda9fc,baaedf71-9bd7-48da-8120-c69651880dc7,job_scraped_70ee0de4bb,35,poor,,engineering,,"Match Score: 35%

Strong matches:
✓ Profile captured

Potential gap:
! engineering
! Seniority mismatch

Why this job matches:
This role only partially overlaps with your current skills and preferences.",2026-09-04T19:46:04.771Z,2026-09-04T19:48:04.581Z,pending,,
eecc8ffe-8873-4586-8c07-4a880aa16041,baaedf71-9bd7-48da-8120-c69651880dc7,job_scraped_72f8d5f4f1,27,poor,,engineering,,"Match Score: 27%

Strong matches:
✓ Profile captured

Potential gap:
! engineering
! Seniority mismatch

Why this job matches:
This role only partially overlaps with your current skills and preferences.",2026-09-04T19:46:05.280Z,2026-09-04T19:48:05.415Z,pending,,
77709af6-5206-4a86-9355-d31c4fc4821f,baaedf71-9bd7-48da-8120-c69651880dc7,job_scraped_0743fe1e67,27,poor,,engineering,,"Match Score: 27%

Strong matches:
✓ Profile captured

Potential gap:
! engineering
! Seniority mismatch

Why this job matches:
This role only partially overlaps with your current skills and preferences.",2026-09-04T19:46:05.767Z,2026-09-04T19:48:06.235Z,pending,,
744c84be-c734-43be-8329-3ad7c7090b4e,baaedf71-9bd7-48da-8120-c69651880dc7,job_scraped_63de74e615,27,poor,,engineering,,"Match Score: 27%

Strong matches:
✓ Profile captured

Potential gap:
! engineering
! Seniority mismatch

Why this job matches:
This role only partially overlaps with your current skills and preferences.",2026-09-04T19:46:06.359Z,2026-09-04T19:48:07.524Z,pending,,
303ff0c5-2bc0-4abc-8c29-bb97bc7bdc28,baaedf71-9bd7-48da-8120-c69651880dc7,job_scraped_126eb95265,30,poor,,engineering,,"Match Score: 30%

Strong matches:
✓ Profile captured

Potential gap:
! engineering

Why this job matches:
This role only partially overlaps with your current skills and preferences.",2026-09-04T19:46:07.056Z,2026-09-04T19:48:08.958Z,pending,,
65a3c79e-7089-432c-9a5f-a2d3dc15f249,baaedf71-9bd7-48da-8120-c69651880dc7,job_scraped_70dcecd13c,30,poor,,engineering,,"Match Score: 30%

Strong matches:
✓ Profile captured

Potential gap:
! engineering

Why this job matches:
This role only partially overlaps with your current skills and preferences.",2026-09-04T19:46:07.801Z,2026-09-04T19:48:10.355Z,pending,,
b7f63f49-4c05-42ae-9d06-fc49dd9db213,baaedf71-9bd7-48da-8120-c69651880dc7,job_scraped_b1834ffc12,27,poor,,engineering,,"Match Score: 27%

Strong matches:
✓ Profile captured

Potential gap:
! engineering
! Seniority mismatch

Why this job matches:
This role only partially overlaps with your current skills and preferences.",2026-09-04T19:46:08.344Z,2026-09-04T19:48:11.395Z,pending,,
8a36189e-5c4f-40ab-b863-93af6da7763a,baaedf71-9bd7-48da-8120-c69651880dc7,job_scraped_8711f8cf7f,27,poor,,engineering,,"Match Score: 27%

Strong matches:
✓ Profile captured

Potential gap:
! engineering
! Seniority mismatch

Why this job matches:
This role only partially overlaps with your current skills and preferences.",2026-09-04T19:46:08.970Z,2026-09-04T19:48:12.680Z,pending,,
35c232dd-bdfe-43d3-884d-2d41783100f5,baaedf71-9bd7-48da-8120-c69651880dc7,job_scraped_4cdfffcd5c,27,poor,,engineering,,"Match Score: 27%

Strong matches:
✓ Profile captured

Potential gap:
! engineering
! Seniority mismatch

Why this job matches:
This role only partially overlaps with your current skills and preferences.",2026-09-04T19:46:09.432Z,2026-09-04T19:48:14.052Z,pending,,
bcb4f0a3-653e-44ef-a0a2-8abaaabe7834,baaedf71-9bd7-48da-8120-c69651880dc7,job_scraped_fc564efa27,30,poor,,sales,,"Match Score: 30%

Strong matches:
✓ Profile captured

Potential gap:
! sales

Why this job matches:
This role only partially overlaps with your current skills and preferences.",2026-09-04T19:46:10.918Z,2026-09-04T19:48:15.171Z,pending,,
ffc6bd56-9530-4d14-b965-dfb635ef746d,baaedf71-9bd7-48da-8120-c69651880dc7,job_scraped_214d432fb2,30,poor,,engineering,,"Match Score: 30%

Strong matches:
✓ Profile captured

Potential gap:
! engineering

Why this job matches:
This role only partially overlaps with your current skills and preferences.",2026-09-04T19:46:12.041Z,2026-09-04T19:48:17.107Z,pending,,
f72d8505-d1f4-4f84-8b66-836bd8b2fcf6,baaedf71-9bd7-48da-8120-c69651880dc7,job_scraped_046011e94e,30,poor,,engineering,,"Match Score: 30%

Strong matches:
✓ Profile captured

Potential gap:
! engineering

Why this job matches:
This role only partially overlaps with your current skills and preferences.",2026-09-04T19:46:13.098Z,2026-09-04T19:48:18.082Z,pending,,
8c8b8588-f1dd-4bc8-ba30-f583a308793c,baaedf71-9bd7-48da-8120-c69651880dc7,job_scraped_6819583388,30,poor,,finance,,"Match Score: 30%

Strong matches:
✓ Profile captured

Potential gap:
! finance

Why this job matches:
This role only partially overlaps with your current skills and preferences.",2026-09-04T19:46:14.008Z,2026-09-04T19:48:18.889Z,pending,,
f42a3594-5efe-4019-ab2f-d3f9ec9c2c84,baaedf71-9bd7-48da-8120-c69651880dc7,job_scraped_70e87ac501,30,poor,,finance,,"Match Score: 30%

Strong matches:
✓ Profile captured

Potential gap:
! finance

Why this job matches:
This role only partially overlaps with your current skills and preferences.",2026-09-04T19:46:15.395Z,2026-09-04T19:48:19.604Z,pending,,
f3e349aa-63be-41a8-83ea-d539acbe8dc1,baaedf71-9bd7-48da-8120-c69651880dc7,job_scraped_c98b9a6abf,30,poor,,research,,"Match Score: 30%

Strong matches:
✓ Profile captured

Potential gap:
! research

Why this job matches:
This role only partially overlaps with your current skills and preferences.",2026-09-04T19:46:16.872Z,2026-09-04T19:48:20.545Z,pending,,
6ba47314-ad9c-45b1-8e53-9e86532a09bf,baaedf71-9bd7-48da-8120-c69651880dc7,job_scraped_a5f7fa2d13,30,poor,,operations,,"Match Score: 30%

Strong matches:
✓ Profile captured

Potential gap:
! operations

Why this job matches:
This role only partially overlaps with your current skills and preferences.",2026-09-04T19:46:18.794Z,2026-09-04T19:48:21.457Z,pending,,
dd101611-3595-425b-a594-643b3d8ccfe7,baaedf71-9bd7-48da-8120-c69651880dc7,job_scraped_3ec230b5a6,30,poor,,hr,,"Match Score: 30%

Strong matches:
✓ Profile captured

Potential gap:
! hr

Why this job matches:
This role only partially overlaps with your current skills and preferences.",2026-09-04T19:46:19.848Z,2026-09-04T19:48:22.516Z,pending,,
292dfb35-6212-41f9-9807-d1da9d3cd11c,baaedf71-9bd7-48da-8120-c69651880dc7,job_scraped_701f40abeb,34,poor,,smart contracts,,"Match Score: 34%

Strong matches:
✓ Profile captured

Potential gap:
! smart contracts

Why this job matches:
This role only partially overlaps with your current skills and preferences.",2026-09-04T19:46:21.056Z,2026-09-04T19:48:23.864Z,pending,,
dc51db9f-60bd-480a-bb24-0ee2070a8c08,baaedf71-9bd7-48da-8120-c69651880dc7,job_scraped_04bc7c0955,34,poor,,smart contracts,,"Match Score: 34%

Strong matches:
✓ Profile captured

Potential gap:
! smart contracts

Why this job matches:
This role only partially overlaps with your current skills and preferences.",2026-09-04T19:46:22.279Z,2026-09-04T19:48:24.629Z,pending,,
e7c7e504-618e-4e1e-a9f1-66862f8a84e5,baaedf71-9bd7-48da-8120-c69651880dc7,job_scraped_ba02f78bae,34,poor,,smart contracts,,"Match Score: 34%

Strong matches:
✓ Profile captured

Potential gap:
! smart contracts

Why this job matches:
This role only partially overlaps with your current skills and preferences.",2026-09-04T19:46:23.375Z,2026-09-04T19:48:25.123Z,pending,,
e9d116ed-54fc-46f4-b396-be67710c4429,baaedf71-9bd7-48da-8120-c69651880dc7,job_scraped_2a86e4ca82,30,poor,,finance,,"Match Score: 30%

Strong matches:
✓ Profile captured

Potential gap:
! finance

Why this job matches:
This role only partially overlaps with your current skills and preferences.",2026-09-04T19:46:24.585Z,2026-09-04T19:48:25.863Z,pending,,
f2c27f84-a689-44b9-877c-ee417c5ba1d2,baaedf71-9bd7-48da-8120-c69651880dc7,job_scraped_9c0806ab9f,30,poor,,operations,,"Match Score: 30%

Strong matches:
✓ Profile captured

Potential gap:
! operations

Why this job matches:
This role only partially overlaps with your current skills and preferences.",2026-09-04T19:46:25.982Z,2026-09-04T19:48:26.643Z,pending,,
81fcf029-c5c2-41a6-a668-79861ee0491e,baaedf71-9bd7-48da-8120-c69651880dc7,job_scraped_9673dce7ea,27,poor,,engineering,,"Match Score: 27%

Strong matches:
✓ Profile captured

Potential gap:
! engineering
! Seniority mismatch

Why this job matches:
This role only partially overlaps with your current skills and preferences.",2026-09-04T19:46:26.615Z,2026-09-04T19:48:27.245Z,pending,,
273d9f06-fd96-46f4-ae47-b9323682a72a,baaedf71-9bd7-48da-8120-c69651880dc7,job_scraped_6482b2d82b,27,poor,,legal,,"Match Score: 27%

Strong matches:
✓ Profile captured

Potential gap:
! legal
! Seniority mismatch

Why this job matches:
This role only partially overlaps with your current skills and preferences.",2026-09-04T19:46:28.145Z,2026-09-04T19:48:27.946Z,pending,,
15b81990-0bf4-46fd-b8c9-056f93bfe873,baaedf71-9bd7-48da-8120-c69651880dc7,job_scraped_30eee598f6,27,poor,,finance,,"Match Score: 27%

Strong matches:
✓ Profile captured

Potential gap:
! finance
! Seniority mismatch

Why this job matches:
This role only partially overlaps with your current skills and preferences.",2026-09-04T19:46:29.737Z,2026-09-04T19:48:28.411Z,pending,,
604ef9d4-2ad9-4525-8217-2ce6e80a676c,baaedf71-9bd7-48da-8120-c69651880dc7,job_scraped_b4090bcdb8,27,poor,,operations,,"Match Score: 27%

Strong matches:
✓ Profile captured

Potential gap:
! operations
! Seniority mismatch

Why this job matches:
This role only partially overlaps with your current skills and preferences.",2026-09-04T19:46:30.607Z,2026-09-04T19:48:29.075Z,pending,,
21fbf21f-35fc-45b3-94dc-dd1e796de43e,baaedf71-9bd7-48da-8120-c69651880dc7,job_scraped_a6e6bab4fb,27,poor,,operations,,"Match Score: 27%

Strong matches:
✓ Profile captured

Potential gap:
! operations
! Seniority mismatch

Why this job matches:
This role only partially overlaps with your current skills and preferences.",2026-09-04T19:46:31.580Z,2026-09-04T19:48:29.868Z,pending,,
e387e38c-3144-44d1-bc88-deb7be3558b6,baaedf71-9bd7-48da-8120-c69651880dc7,job_scraped_df102eb6e2,27,poor,,finance,,"Match Score: 27%

Strong matches:
✓ Profile captured

Potential gap:
! finance
! Seniority mismatch

Why this job matches:
This role only partially overlaps with your current skills and preferences.",2026-09-04T19:46:32.775Z,2026-09-04T19:48:30.557Z,pending,,
36c9d61f-2874-4948-b7af-0c6651b010b6,baaedf71-9bd7-48da-8120-c69651880dc7,job_scraped_13124be2cd,27,poor,,smart contracts,,"Match Score: 27%

Strong matches:
✓ Profile captured

Potential gap:
! smart contracts
! Seniority mismatch

Why this job matches:
This role only partially overlaps with your current skills and preferences.",2026-09-04T19:46:33.750Z,2026-09-04T19:48:31.894Z,pending,,
b54121a7-75fc-4918-a9e5-7cc75c4645ad,baaedf71-9bd7-48da-8120-c69651880dc7,job_scraped_5b04688060,27,poor,,engineering,,"Match Score: 27%

Strong matches:
✓ Profile captured

Potential gap:
! engineering
! Seniority mismatch

Why this job matches:
This role only partially overlaps with your current skills and preferences.",2026-09-04T19:46:34.893Z,2026-09-04T19:48:32.613Z,pending,,
585c1bb6-77e6-483b-ac20-35103a7bc3ce,baaedf71-9bd7-48da-8120-c69651880dc7,job_scraped_10a2b53685,27,poor,,engineering,,"Match Score: 27%

Strong matches:
✓ Profile captured

Potential gap:
! engineering
! Seniority mismatch

Why this job matches:
This role only partially overlaps with your current skills and preferences.",2026-09-04T19:46:35.897Z,2026-09-04T19:48:33.279Z,pending,,
0747d055-ead6-4536-a2ec-3f37e4eacb60,baaedf71-9bd7-48da-8120-c69651880dc7,job_scraped_ce4b6ec8da,30,poor,,sales,,"Match Score: 30%

Strong matches:
✓ Profile captured

Potential gap:
! sales

Why this job matches:
This role only partially overlaps with your current skills and preferences.",2026-09-04T19:46:36.721Z,2026-09-04T19:48:34.502Z,pending,,
fd46b373-b477-4604-b881-2c9cbd8b5a94,baaedf71-9bd7-48da-8120-c69651880dc7,job_scraped_12d75e0af3,30,poor,,sales,,"Match Score: 30%

Strong matches:
✓ Profile captured

Potential gap:
! sales

Why this job matches:
This role only partially overlaps with your current skills and preferences.",2026-09-04T19:46:37.497Z,2026-09-04T19:48:35.680Z,pending,,
4e621845-6c57-495d-a1c9-dfd133d20ba5,baaedf71-9bd7-48da-8120-c69651880dc7,job_scraped_cf3d647742,30,poor,,sales,,"Match Score: 30%

Strong matches:
✓ Profile captured

Potential gap:
! sales

Why this job matches:
This role only partially overlaps with your current skills and preferences.",2026-09-04T19:46:38.097Z,2026-09-04T19:48:36.785Z,pending,,
294e7949-559d-4821-b81f-51d70e02913f,baaedf71-9bd7-48da-8120-c69651880dc7,job_scraped_dd8134e691,27,poor,,engineering,,"Match Score: 27%

Strong matches:
✓ Profile captured

Potential gap:
! engineering
! Seniority mismatch

Why this job matches:
This role only partially overlaps with your current skills and preferences.",2026-09-04T19:46:38.786Z,2026-09-04T19:48:37.774Z,pending,,
30fdae73-d79d-4c45-9c67-4360a9f54388,baaedf71-9bd7-48da-8120-c69651880dc7,job_scraped_4445d73322,27,poor,,sales,,"Match Score: 27%

Strong matches:
✓ Profile captured

Potential gap:
! sales
! Seniority mismatch

Why this job matches:
This role only partially overlaps with your current skills and preferences.",2026-09-04T19:46:39.454Z,2026-09-04T19:48:38.798Z,pending,,
b1373cd0-6689-4460-afea-b97b545fab53,baaedf71-9bd7-48da-8120-c69651880dc7,job_scraped_a96b4ad6ed,30,poor,,executive,,"Match Score: 30%

Strong matches:
✓ Profile captured

Potential gap:
! executive

Why this job matches:
This role only partially overlaps with your current skills and preferences.",2026-09-04T19:46:39.852Z,2026-09-04T19:48:39.650Z,pending,,
b039d393-31a3-435a-a3e7-f29c5eaf449d,baaedf71-9bd7-48da-8120-c69651880dc7,job_scraped_ac4c13a485,27,poor,,operations,,"Match Score: 27%

Strong matches:
✓ Profile captured

Potential gap:
! operations
! Seniority mismatch

Why this job matches:
This role only partially overlaps with your current skills and preferences.",2026-09-04T19:46:40.623Z,2026-09-04T19:48:40.794Z,pending,,
49116913-bf5a-47e5-a60b-7368762d2821,baaedf71-9bd7-48da-8120-c69651880dc7,job_scraped_64ab6bc4f8,34,poor,,smart contracts,,"Match Score: 34%

Strong matches:
✓ Profile captured

Potential gap:
! smart contracts

Why this job matches:
This role only partially overlaps with your current skills and preferences.",2026-09-04T19:46:41.319Z,2026-09-04T19:48:42.330Z,pending,,
89edb46f-2d39-4b6e-81bd-a7320ed0f97b,baaedf71-9bd7-48da-8120-c69651880dc7,job_scraped_c1765db0ce,30,poor,,operations,,"Match Score: 30%

Strong matches:
✓ Profile captured

Potential gap:
! operations

Why this job matches:
This role only partially overlaps with your current skills and preferences.",2026-09-04T19:46:41.756Z,2026-09-04T19:48:43.983Z,pending,,
b7965fad-b757-4898-b6d0-19ead929ab21,baaedf71-9bd7-48da-8120-c69651880dc7,job_scraped_6665289fa9,27,poor,,engineering,,"Match Score: 27%

Strong matches:
✓ Profile captured

Potential gap:
! engineering
! Seniority mismatch

Why this job matches:
This role only partially overlaps with your current skills and preferences.",2026-09-04T19:46:42.519Z,2026-09-04T19:48:46.313Z,pending,,
95cd8a59-8e8a-45a5-9862-4833bfbb13c7,baaedf71-9bd7-48da-8120-c69651880dc7,job_scraped_5cf1607f90,27,poor,,compliance,,"Match Score: 27%

Strong matches:
✓ Profile captured

Potential gap:
! compliance
! Seniority mismatch

Why this job matches:
This role only partially overlaps with your current skills and preferences.",2026-09-04T19:46:43.090Z,2026-09-04T19:48:47.738Z,pending,,
c327d79e-d23e-474c-a82e-160c7e2b170e,baaedf71-9bd7-48da-8120-c69651880dc7,job_scraped_dcb93e84c3,30,poor,,compliance,,"Match Score: 30%

Strong matches:
✓ Profile captured

Potential gap:
! compliance

Why this job matches:
This role only partially overlaps with your current skills and preferences.",2026-09-04T19:46:43.752Z,2026-09-04T19:48:48.766Z,pending,,
b9a1b6a4-e6e6-4af2-b0f5-84e0a366528c,baaedf71-9bd7-48da-8120-c69651880dc7,job_scraped_a8a410342d,30,poor,,legal,,"Match Score: 30%

Strong matches:
✓ Profile captured

Potential gap:
! legal

Why this job matches:
This role only partially overlaps with your current skills and preferences.",2026-09-04T19:46:44.654Z,2026-09-04T19:48:49.811Z,pending,,
e4bf7276-8e6c-4d44-a228-5702f73aaef3,baaedf71-9bd7-48da-8120-c69651880dc7,job_scraped_5c6de57440,30,poor,,legal,,"Match Score: 30%

Strong matches:
✓ Profile captured

Potential gap:
! legal

Why this job matches:
This role only partially overlaps with your current skills and preferences.",2026-09-04T19:46:45.531Z,2026-09-04T19:48:50.794Z,pending,,
09c8cda5-a9a1-4380-8c2a-7e7cc98cdf47,baaedf71-9bd7-48da-8120-c69651880dc7,job_scraped_e1b5729fd3,30,poor,,legal,,"Match Score: 30%

Strong matches:
✓ Profile captured

Potential gap:
! legal

Why this job matches:
This role only partially overlaps with your current skills and preferences.",2026-09-04T19:46:46.132Z,2026-09-04T19:48:52.214Z,pending,,
5c80cd64-503d-49bf-a257-b2f6f0e3e220,baaedf71-9bd7-48da-8120-c69651880dc7,job_scraped_02910f4b5e,30,poor,,compliance,,"Match Score: 30%

Strong matches:
✓ Profile captured

Potential gap:
! compliance

Why this job matches:
This role only partially overlaps with your current skills and preferences.",2026-09-04T19:46:46.972Z,2026-09-04T19:48:54.008Z,pending,,
2e0304b7-1620-410a-a9ff-96b39a3c6181,baaedf71-9bd7-48da-8120-c69651880dc7,job_scraped_f2b6a1db91,30,poor,,legal,,"Match Score: 30%

Strong matches:
✓ Profile captured

Potential gap:
! legal

Why this job matches:
This role only partially overlaps with your current skills and preferences.",2026-09-04T19:46:47.419Z,2026-09-04T19:48:54.739Z,pending,,
998540ce-1dc5-4cec-a44a-24bf6d8033e7,baaedf71-9bd7-48da-8120-c69651880dc7,job_scraped_865f222784,27,poor,,compliance,,"Match Score: 27%

Strong matches:
✓ Profile captured

Potential gap:
! compliance
! Seniority mismatch

Why this job matches:
This role only partially overlaps with your current skills and preferences.",2026-09-04T19:46:48.107Z,2026-09-04T19:48:55.692Z,pending,,
402dfd10-a69f-4fe4-bd75-273c8d271c45,baaedf71-9bd7-48da-8120-c69651880dc7,job_scraped_92c14091a6,27,poor,,legal,,"Match Score: 27%

Strong matches:
✓ Profile captured

Potential gap:
! legal
! Seniority mismatch

Why this job matches:
This role only partially overlaps with your current skills and preferences.",2026-09-04T19:46:48.676Z,2026-09-04T19:48:56.613Z,pending,,
1fb9fe00-070e-4f0a-8c20-3151c7c67845,baaedf71-9bd7-48da-8120-c69651880dc7,job_scraped_2e55168545,27,poor,,legal,,"Match Score: 27%

Strong matches:
✓ Profile captured

Potential gap:
! legal
! Seniority mismatch

Why this job matches:
This role only partially overlaps with your current skills and preferences.",2026-09-04T19:46:49.121Z,2026-09-04T19:48:57.294Z,pending,,
43916201-2336-436e-979a-acce0af49004,baaedf71-9bd7-48da-8120-c69651880dc7,job_scraped_90c689ce41,27,poor,,compliance|product management,,"Match Score: 27%

Strong matches:
✓ Profile captured

Potential gap:
! compliance
! product management
! Seniority mismatch

Why this job matches:
This role only partially overlaps with your current skills and preferences.",2026-09-04T19:46:49.556Z,2026-09-04T19:48:58.095Z,pending,,
5e348a3c-81e6-4c76-8c9b-b62178822b5b,baaedf71-9bd7-48da-8120-c69651880dc7,job_scraped_45f2207a09,27,poor,,engineering,,"Match Score: 27%

Strong matches:
✓ Profile captured

Potential gap:
! engineering
! Seniority mismatch

Why this job matches:
This role only partially overlaps with your current skills and preferences.",2026-09-04T19:46:50.306Z,2026-09-04T19:48:58.787Z,pending,,
b78f7ce3-f7c7-48cf-913f-fa288310a47b,baaedf71-9bd7-48da-8120-c69651880dc7,job_scraped_a1b475a03d,27,poor,,engineering,,"Match Score: 27%

Strong matches:
✓ Profile captured

Potential gap:
! engineering
! Seniority mismatch

Why this job matches:
This role only partially overlaps with your current skills and preferences.",2026-09-04T19:46:51.238Z,2026-09-04T19:48:59.972Z,pending,,
8c913e4a-e937-4a7a-995a-de0ccd2b0bc1,baaedf71-9bd7-48da-8120-c69651880dc7,job_scraped_3e75a143ce,30,poor,,marketing,,"Match Score: 30%

Strong matches:
✓ Profile captured

Potential gap:
! marketing

Why this job matches:
This role only partially overlaps with your current skills and preferences.",2026-09-04T19:46:52.216Z,2026-09-04T19:49:00.764Z,pending,,
4d312825-543f-4aa0-a94f-6ad974d0a420,baaedf71-9bd7-48da-8120-c69651880dc7,job_scraped_adada98798,30,poor,,marketing,,"Match Score: 30%

Strong matches:
✓ Profile captured

Potential gap:
! marketing

Why this job matches:
This role only partially overlaps with your current skills and preferences.",2026-09-04T19:46:52.941Z,2026-09-04T19:49:01.632Z,pending,,
330fdd7d-4244-4073-8536-0fafa4c41b04,baaedf71-9bd7-48da-8120-c69651880dc7,job_scraped_2ba4e06e9b,30,poor,,marketing|product management,,"Match Score: 30%

Strong matches:
✓ Profile captured

Potential gap:
! marketing
! product management

Why this job matches:
This role only partially overlaps with your current skills and preferences.",2026-09-04T19:46:53.594Z,2026-09-04T19:49:02.233Z,pending,,
6ca23700-e8ce-4666-b6a6-a333ea3c7e15,baaedf71-9bd7-48da-8120-c69651880dc7,job_scraped_486f3a9043,30,poor,,marketing|product management,,"Match Score: 30%

Strong matches:
✓ Profile captured

Potential gap:
! marketing
! product management

Why this job matches:
This role only partially overlaps with your current skills and preferences.",2026-09-04T19:46:54.144Z,2026-09-04T19:49:02.751Z,pending,,
055ced31-8f20-4b03-86d4-94280143c959,baaedf71-9bd7-48da-8120-c69651880dc7,job_scraped_c3f1ca6e96,30,poor,,compliance|product management,,"Match Score: 30%

Strong matches:
✓ Profile captured

Potential gap:
! compliance
! product management

Why this job matches:
This role only partially overlaps with your current skills and preferences.",2026-09-04T19:46:54.808Z,2026-09-04T19:49:03.193Z,pending,,
73aea820-db8b-4e32-b788-5e2830a28b25,baaedf71-9bd7-48da-8120-c69651880dc7,job_scraped_02950fb935,30,poor,,product management,,"Match Score: 30%

Strong matches:
✓ Profile captured

Potential gap:
! product management

Why this job matches:
This role only partially overlaps with your current skills and preferences.",2026-09-04T19:46:55.591Z,2026-09-04T19:49:03.879Z,pending,,
3c72725c-b580-4100-a406-4a859cfad1eb,baaedf71-9bd7-48da-8120-c69651880dc7,job_scraped_d080d67022,30,poor,,product management,,"Match Score: 30%

Strong matches:
✓ Profile captured

Potential gap:
! product management

Why this job matches:
This role only partially overlaps with your current skills and preferences.",2026-09-04T19:46:56.055Z,2026-09-04T19:49:04.505Z,pending,,
0f603d7c-00f3-43bc-9e7c-55563bb6fe70,baaedf71-9bd7-48da-8120-c69651880dc7,job_scraped_f61e9090c1,30,poor,,product management,,"Match Score: 30%

Strong matches:
✓ Profile captured

Potential gap:
! product management

Why this job matches:
This role only partially overlaps with your current skills and preferences.",2026-09-04T19:46:56.506Z,2026-09-04T19:49:05.258Z,pending,,
67528422-1cc7-472c-ab44-a71e3de3345b,baaedf71-9bd7-48da-8120-c69651880dc7,job_scraped_945027a713,30,poor,,product management,,"Match Score: 30%

Strong matches:
✓ Profile captured

Potential gap:
! product management

Why this job matches:
This role only partially overlaps with your current skills and preferences.",2026-09-04T19:46:57.054Z,2026-09-04T19:49:06.322Z,pending,,
d92f477a-a41b-4451-a4f0-b34583206ef4,baaedf71-9bd7-48da-8120-c69651880dc7,job_scraped_931c99389c,27,poor,,product management,,"Match Score: 27%

Strong matches:
✓ Profile captured

Potential gap:
! product management
! Seniority mismatch

Why this job matches:
This role only partially overlaps with your current skills and preferences.",2026-09-04T19:46:57.748Z,2026-09-04T19:49:07.429Z,pending,,
3c48e76a-098c-4d0e-a3ce-e72a1800e9a8,baaedf71-9bd7-48da-8120-c69651880dc7,job_scraped_f76b2a2aa4,30,poor,,research,,"Match Score: 30%

Strong matches:
✓ Profile captured

Potential gap:
! research

Why this job matches:
This role only partially overlaps with your current skills and preferences.",2026-09-04T19:46:58.346Z,2026-09-04T19:49:08.354Z,pending,,
a6a403cc-c024-4459-88a9-9b38860cad06,baaedf71-9bd7-48da-8120-c69651880dc7,job_scraped_85570b939a,30,poor,,research,,"Match Score: 30%

Strong matches:
✓ Profile captured

Potential gap:
! research

Why this job matches:
This role only partially overlaps with your current skills and preferences.",2026-09-04T19:46:58.926Z,2026-09-04T19:49:08.906Z,pending,,
68574e2b-a47a-47d7-abce-656e7c2201ef,baaedf71-9bd7-48da-8120-c69651880dc7,job_scraped_e27477e668,30,poor,,research,,"Match Score: 30%

Strong matches:
✓ Profile captured

Potential gap:
! research

Why this job matches:
This role only partially overlaps with your current skills and preferences.",2026-09-04T19:46:59.917Z,2026-09-04T19:49:09.565Z,pending,,
eadb7b65-3cda-4905-ae39-c20a1f600643,baaedf71-9bd7-48da-8120-c69651880dc7,job_scraped_786b31be13,30,poor,,hr,,"Match Score: 30%

Strong matches:
✓ Profile captured

Potential gap:
! hr

Why this job matches:
This role only partially overlaps with your current skills and preferences.",2026-09-04T19:47:00.639Z,2026-09-04T19:49:10.199Z,pending,,
cda9baf4-63f7-4f0f-b32b-5153eb508225,baaedf71-9bd7-48da-8120-c69651880dc7,job_scraped_4ba7019af5,27,poor,,research,,"Match Score: 27%

Strong matches:
✓ Profile captured

Potential gap:
! research
! Seniority mismatch

Why this job matches:
This role only partially overlaps with your current skills and preferences.",2026-09-04T19:47:00.993Z,2026-09-04T19:49:10.743Z,pending,,
3e32c673-a3d3-404f-861e-d18f40630183,baaedf71-9bd7-48da-8120-c69651880dc7,job_scraped_45f6fee604,30,poor,,engineering,,"Match Score: 30%

Strong matches:
✓ Profile captured

Potential gap:
! engineering

Why this job matches:
This role only partially overlaps with your current skills and preferences.",2026-09-04T19:47:01.673Z,2026-09-04T19:49:11.367Z,pending,,
e9e6d0ec-b1e0-4f86-9a2b-a96d586e6a93,baaedf71-9bd7-48da-8120-c69651880dc7,job_scraped_6776947a24,27,poor,,engineering,,"Match Score: 27%

Strong matches:
✓ Profile captured

Potential gap:
! engineering
! Seniority mismatch

Why this job matches:
This role only partially overlaps with your current skills and preferences.",2026-09-04T19:47:02.141Z,2026-09-04T19:49:12.055Z,pending,,
4e5c2e60-6745-4260-8431-a67b0fd029ed,baaedf71-9bd7-48da-8120-c69651880dc7,job_scraped_9f3212ba2d,27,poor,,engineering,,"Match Score: 27%

Strong matches:
✓ Profile captured

Potential gap:
! engineering
! Seniority mismatch

Why this job matches:
This role only partially overlaps with your current skills and preferences.",2026-09-04T19:47:02.742Z,2026-09-04T19:49:12.754Z,pending,,
0118cad2-40fc-49b5-9bac-75d315695329,baaedf71-9bd7-48da-8120-c69651880dc7,job_scraped_d998889bda,30,poor,,engineering,,"Match Score: 30%

Strong matches:
✓ Profile captured

Potential gap:
! engineering

Why this job matches:
This role only partially overlaps with your current skills and preferences.",2026-09-04T19:47:03.134Z,2026-09-04T19:49:14.484Z,pending,,
de2af6f5-e811-4277-8aac-2174dcd03dc6,baaedf71-9bd7-48da-8120-c69651880dc7,job_scraped_7372dc78ec,30,poor,,engineering,,"Match Score: 30%

Strong matches:
✓ Profile captured

Potential gap:
! engineering

Why this job matches:
This role only partially overlaps with your current skills and preferences.",2026-09-04T19:47:03.671Z,2026-09-04T19:49:16.192Z,pending,,
42bcfba7-b7da-457d-add5-9fe379ab95f0,baaedf71-9bd7-48da-8120-c69651880dc7,job_scraped_26b9e2b75a,30,poor,,smart contracts,,"Match Score: 30%

Strong matches:
✓ Profile captured

Potential gap:
! smart contracts

Why this job matches:
This role only partially overlaps with your current skills and preferences.",2026-09-04T19:47:04.203Z,2026-09-04T19:49:16.860Z,pending,,
1d440c43-db46-4616-bf28-407d9009c5e2,baaedf71-9bd7-48da-8120-c69651880dc7,job_scraped_2bde47e750,30,poor,,compliance,,"Match Score: 30%

Strong matches:
✓ Profile captured

Potential gap:
! compliance

Why this job matches:
This role only partially overlaps with your current skills and preferences.",2026-09-04T19:47:04.800Z,2026-09-04T19:49:17.395Z,pending,,
354292a3-e8af-46f0-afcf-d92fa852e4a4,baaedf71-9bd7-48da-8120-c69651880dc7,job_scraped_3b5e988b0b,27,poor,,engineering,,"Match Score: 27%

Strong matches:
✓ Profile captured

Potential gap:
! engineering
! Seniority mismatch

Why this job matches:
This role only partially overlaps with your current skills and preferences.",2026-09-04T19:47:05.406Z,2026-09-04T19:49:18.012Z,pending,,
0792bbb7-5f0e-48ed-b09e-33f84b0f3243,baaedf71-9bd7-48da-8120-c69651880dc7,job_scraped_b90e098784,30,poor,,marketing,,"Match Score: 30%

Strong matches:
✓ Profile captured

Potential gap:
! marketing

Why this job matches:
This role only partially overlaps with your current skills and preferences.",2026-09-04T19:47:05.924Z,2026-09-04T19:49:18.269Z,pending,,
e967cbab-4ea4-4818-a5b1-ef0d8e63597d,baaedf71-9bd7-48da-8120-c69651880dc7,job_scraped_fa4e8ca776,27,poor,,engineering,,"Match Score: 27%

Strong matches:
✓ Profile captured

Potential gap:
! engineering
! Seniority mismatch

Why this job matches:
This role only partially overlaps with your current skills and preferences.",2026-09-04T19:47:06.314Z,2026-09-04T19:49:18.817Z,pending,,
5a519800-f162-4665-a3af-e3ba7dd3a871,baaedf71-9bd7-48da-8120-c69651880dc7,job_scraped_f367698740,30,poor,,engineering,,"Match Score: 30%

Strong matches:
✓ Profile captured

Potential gap:
! engineering

Why this job matches:
This role only partially overlaps with your current skills and preferences.",2026-09-04T19:47:07.193Z,2026-09-04T19:49:19.327Z,pending,,
0f7c0d2f-0fc0-49ac-be4a-d986773f48c5,baaedf71-9bd7-48da-8120-c69651880dc7,job_scraped_a2f88ca7f0,30,poor,,product management,,"Match Score: 30%

Strong matches:
✓ Profile captured

Potential gap:
! product management

Why this job matches:
This role only partially overlaps with your current skills and preferences.",2026-09-04T19:47:07.611Z,2026-09-04T19:49:19.689Z,pending,,
78a975c5-b6fa-4018-bd37-8fb69dc76c3f,baaedf71-9bd7-48da-8120-c69651880dc7,job_scraped_dec967226a,30,poor,,hr,,"Match Score: 30%

Strong matches:
✓ Profile captured

Potential gap:
! hr

Why this job matches:
This role only partially overlaps with your current skills and preferences.",2026-09-04T19:47:08.496Z,2026-09-04T19:49:20.055Z,pending,,
7c8f89da-6342-42cf-82ca-13c301593442,baaedf71-9bd7-48da-8120-c69651880dc7,job_scraped_f96be3c7d3,30,poor,,engineering,,"Match Score: 30%

Strong matches:
✓ Profile captured

Potential gap:
! engineering

Why this job matches:
This role only partially overlaps with your current skills and preferences.",2026-09-04T19:47:08.960Z,2026-09-04T19:49:20.466Z,pending,,
f7b12bbb-e67d-49d8-9c1e-db20b65e0bba,baaedf71-9bd7-48da-8120-c69651880dc7,job_scraped_d737690bc9,30,poor,,sales,,"Match Score: 30%

Strong matches:
✓ Profile captured

Potential gap:
! sales

Why this job matches:
This role only partially overlaps with your current skills and preferences.",2026-09-04T19:47:09.506Z,2026-09-04T19:49:21.154Z,pending,,
4ded4ac5-1479-42c0-a133-7ec9212b7117,baaedf71-9bd7-48da-8120-c69651880dc7,job_scraped_05f5cef15e,30,poor,,sales,,"Match Score: 30%

Strong matches:
✓ Profile captured

Potential gap:
! sales

Why this job matches:
This role only partially overlaps with your current skills and preferences.",2026-09-04T19:47:09.956Z,2026-09-04T19:49:21.797Z,pending,,
2a1e53b5-0414-4b98-b3a6-0091726f63a4,baaedf71-9bd7-48da-8120-c69651880dc7,job_scraped_8ba2b0c07a,30,poor,,sales,,"Match Score: 30%

Strong matches:
✓ Profile captured

Potential gap:
! sales

Why this job matches:
This role only partially overlaps with your current skills and preferences.",2026-09-04T19:47:10.422Z,2026-09-04T19:49:22.270Z,pending,,
90378c36-f00a-4d8c-a355-2c8ba4b1b044,baaedf71-9bd7-48da-8120-c69651880dc7,job_scraped_33e3c5783c,30,poor,,sales,,"Match Score: 30%

Strong matches:
✓ Profile captured

Potential gap:
! sales

Why this job matches:
This role only partially overlaps with your current skills and preferences.",2026-09-04T19:47:10.966Z,2026-09-04T19:49:23.205Z,pending,,
89742298-09d2-4812-af18-0933d8c69049,baaedf71-9bd7-48da-8120-c69651880dc7,job_scraped_150b31cb77,30,poor,,sales,,"Match Score: 30%

Strong matches:
✓ Profile captured

Potential gap:
! sales

Why this job matches:
This role only partially overlaps with your current skills and preferences.",2026-09-04T19:47:11.764Z,2026-09-04T19:49:24.005Z,pending,,
8c371716-f09e-407d-801c-e548436dac72,baaedf71-9bd7-48da-8120-c69651880dc7,job_scraped_5f087f8dfa,30,poor,,sales,,"Match Score: 30%

Strong matches:
✓ Profile captured

Potential gap:
! sales

Why this job matches:
This role only partially overlaps with your current skills and preferences.",2026-09-04T19:47:12.790Z,2026-09-04T19:49:24.501Z,pending,,
4b8a8140-33fd-44f5-9f51-c7e23b232c51,baaedf71-9bd7-48da-8120-c69651880dc7,job_scraped_b2d313faa5,30,poor,,sales,,"Match Score: 30%

Strong matches:
✓ Profile captured

Potential gap:
! sales

Why this job matches:
This role only partially overlaps with your current skills and preferences.",2026-09-04T19:47:13.743Z,2026-09-04T19:49:24.857Z,pending,,
0b128222-24e0-49b7-983a-02adc7e01513,baaedf71-9bd7-48da-8120-c69651880dc7,job_scraped_619e62d6e3,30,poor,,sales,,"Match Score: 30%

Strong matches:
✓ Profile captured

Potential gap:
! sales

Why this job matches:
This role only partially overlaps with your current skills and preferences.",2026-09-04T19:47:14.142Z,2026-09-04T19:49:25.480Z,pending,,
063cbf7a-dbe7-4c0a-bf68-27a562b454d1,baaedf71-9bd7-48da-8120-c69651880dc7,job_scraped_61a45d4e4a,30,poor,,sales,,"Match Score: 30%

Strong matches:
✓ Profile captured

Potential gap:
! sales

Why this job matches:
This role only partially overlaps with your current skills and preferences.",2026-09-04T19:47:15.054Z,2026-09-04T19:49:25.992Z,pending,,
a0432e82-5c3f-48d3-9126-edd5be75fec1,baaedf71-9bd7-48da-8120-c69651880dc7,job_scraped_92d046ba29,30,poor,,sales,,"Match Score: 30%

Strong matches:
✓ Profile captured

Potential gap:
! sales

Why this job matches:
This role only partially overlaps with your current skills and preferences.",2026-09-04T19:47:16.229Z,2026-09-04T19:49:26.452Z,pending,,
75685cb3-ec84-48d9-be7c-fdfacfdd9e8b,baaedf71-9bd7-48da-8120-c69651880dc7,job_scraped_95f149eddd,30,poor,,sales,,"Match Score: 30%

Strong matches:
✓ Profile captured

Potential gap:
! sales

Why this job matches:
This role only partially overlaps with your current skills and preferences.",2026-09-04T19:47:17.020Z,2026-09-04T19:49:26.778Z,pending,,
1c12b4b1-433d-430f-aa49-4929769bc3e1,baaedf71-9bd7-48da-8120-c69651880dc7,job_scraped_55e1bc2a8d,30,poor,,operations,,"Match Score: 30%

Strong matches:
✓ Profile captured

Potential gap:
! operations

Why this job matches:
This role only partially overlaps with your current skills and preferences.",2026-09-04T19:47:18.406Z,2026-09-04T19:49:29.090Z,pending,,
43780133-f052-45cf-9e2f-996d89b371de,baaedf71-9bd7-48da-8120-c69651880dc7,job_scraped_5dd27b46c2,30,poor,,sales,,"Match Score: 30%

Strong matches:
✓ Profile captured

Potential gap:
! sales

Why this job matches:
This role only partially overlaps with your current skills and preferences.",2026-09-04T19:47:19.141Z,2026-09-04T19:49:30.139Z,pending,,
1a9e834c-4fcb-446a-a5d6-4806f22326a3,baaedf71-9bd7-48da-8120-c69651880dc7,job_scraped_6bf8be3128,27,poor,,sales,,"Match Score: 27%

Strong matches:
✓ Profile captured

Potential gap:
! sales
! Seniority mismatch

Why this job matches:
This role only partially overlaps with your current skills and preferences.",2026-09-04T19:47:19.998Z,2026-09-04T19:49:31.163Z,pending,,
64d0f2d0-cdf5-4c0e-b4d3-e7630eb640bf,baaedf71-9bd7-48da-8120-c69651880dc7,job_scraped_886e5e116e,30,poor,,engineering,,"Match Score: 30%

Strong matches:
✓ Profile captured

Potential gap:
! engineering

Why this job matches:
This role only partially overlaps with your current skills and preferences.",2026-09-04T19:47:20.889Z,2026-09-04T19:49:32.126Z,pending,,
f331491e-b8fe-414b-8b9e-5e8a9eef9c0f,baaedf71-9bd7-48da-8120-c69651880dc7,job_scraped_f38f493de1,27,poor,,marketing,,"Match Score: 27%

Strong matches:
✓ Profile captured

Potential gap:
! marketing
! Seniority mismatch

Why this job matches:
This role only partially overlaps with your current skills and preferences.",2026-09-04T19:47:22.091Z,2026-09-04T19:49:32.873Z,pending,,
9a16ad33-bd73-402a-b0df-63571e3111a7,baaedf71-9bd7-48da-8120-c69651880dc7,job_scraped_38eaf442c9,27,poor,,marketing,,"Match Score: 27%

Strong matches:
✓ Profile captured

Potential gap:
! marketing
! Seniority mismatch

Why this job matches:
This role only partially overlaps with your current skills and preferences.",2026-09-04T19:47:23.351Z,2026-09-04T19:49:33.742Z,pending,,
3ad0b776-ce86-4827-8749-8c464d106524,baaedf71-9bd7-48da-8120-c69651880dc7,job_scraped_8c672364d3,30,poor,,engineering,,"Match Score: 30%

Strong matches:
✓ Profile captured

Potential gap:
! engineering

Why this job matches:
This role only partially overlaps with your current skills and preferences.",2026-09-04T19:47:24.063Z,2026-09-04T19:49:34.505Z,pending,,
5a3b8c5a-208e-4f49-b44c-b057b830c76e,baaedf71-9bd7-48da-8120-c69651880dc7,job_scraped_a8b523aaef,30,poor,,research,,"Match Score: 30%

Strong matches:
✓ Profile captured

Potential gap:
! research

Why this job matches:
This role only partially overlaps with your current skills and preferences.",2026-09-04T19:47:26.473Z,2026-09-04T19:49:35.152Z,pending,,
1a1b6c7c-37d3-40e0-baaa-424940e85208,baaedf71-9bd7-48da-8120-c69651880dc7,job_scraped_e7301be2ff,30,poor,,engineering,,"Match Score: 30%

Strong matches:
✓ Profile captured

Potential gap:
! engineering

Why this job matches:
This role only partially overlaps with your current skills and preferences.",2026-09-04T19:47:27.809Z,2026-09-04T19:49:35.911Z,pending,,
b83e74bc-3938-4f78-9760-c07e55471bb5,baaedf71-9bd7-48da-8120-c69651880dc7,job_scraped_5e6302f988,30,poor,,engineering,,"Match Score: 30%

Strong matches:
✓ Profile captured

Potential gap:
! engineering

Why this job matches:
This role only partially overlaps with your current skills and preferences.",2026-09-04T19:47:30.504Z,2026-09-04T19:49:37.045Z,pending,,
af24935c-69f9-42cf-9376-6c95c20cac1b,baaedf71-9bd7-48da-8120-c69651880dc7,job_scraped_c1f549eb2a,30,poor,,engineering,,"Match Score: 30%

Strong matches:
✓ Profile captured

Potential gap:
! engineering

Why this job matches:
This role only partially overlaps with your current skills and preferences.",2026-09-04T19:47:31.016Z,2026-09-04T19:49:38.219Z,pending,,
d661e253-b065-4b61-bd9f-28f57d12376e,baaedf71-9bd7-48da-8120-c69651880dc7,job_scraped_307f6d34e1,30,poor,,engineering,,"Match Score: 30%

Strong matches:
✓ Profile captured

Potential gap:
! engineering

Why this job matches:
This role only partially overlaps with your current skills and preferences.",2026-09-04T19:47:31.540Z,2026-09-04T19:49:39.507Z,pending,,
b8d50f2e-4a56-4d51-a57d-cf9cc6ae991c,baaedf71-9bd7-48da-8120-c69651880dc7,job_scraped_eace29dc43,30,poor,,research,,"Match Score: 30%

Strong matches:
✓ Profile captured

Potential gap:
! research

Why this job matches:
This role only partially overlaps with your current skills and preferences.",2026-09-04T19:47:32.070Z,2026-09-04T19:49:40.682Z,pending,,
7be200f5-d85c-46a7-bcbc-18a212b396fc,baaedf71-9bd7-48da-8120-c69651880dc7,job_scraped_0293365195,30,poor,,engineering,,"Match Score: 30%

Strong matches:
✓ Profile captured

Potential gap:
! engineering

Why this job matches:
This role only partially overlaps with your current skills and preferences.",2026-09-04T19:47:32.500Z,2026-09-04T19:49:41.417Z,pending,,
0bc2ea59-7f92-4be6-ac36-baa7aa3acecf,baaedf71-9bd7-48da-8120-c69651880dc7,job_scraped_4e194be273,30,poor,,research,,"Match Score: 30%

Strong matches:
✓ Profile captured

Potential gap:
! research

Why this job matches:
This role only partially overlaps with your current skills and preferences.",2026-09-04T19:47:33.140Z,2026-09-04T19:49:42.404Z,pending,,
8f99200d-c14b-478c-ada3-c56ca799d274,baaedf71-9bd7-48da-8120-c69651880dc7,job_scraped_a5d6a497b1,30,poor,,engineering,,"Match Score: 30%

Strong matches:
✓ Profile captured

Potential gap:
! engineering

Why this job matches:
This role only partially overlaps with your current skills and preferences.",2026-09-04T19:47:33.628Z,2026-09-04T19:49:44.265Z,pending,,
747758d7-c291-462a-bdf9-2a03930ac168,baaedf71-9bd7-48da-8120-c69651880dc7,job_scraped_82215bbeb2,30,poor,,research,,"Match Score: 30%

Strong matches:
✓ Profile captured

Potential gap:
! research

Why this job matches:
This role only partially overlaps with your current skills and preferences.",2026-09-04T19:47:34.135Z,2026-09-04T19:49:45.405Z,pending,,
83da3735-45b3-434a-b684-fc91307bd96e,baaedf71-9bd7-48da-8120-c69651880dc7,job_scraped_bfb2b0fd72,30,poor,,research,,"Match Score: 30%

Strong matches:
✓ Profile captured

Potential gap:
! research

Why this job matches:
This role only partially overlaps with your current skills and preferences.",2026-09-04T19:47:34.539Z,2026-09-04T19:49:46.602Z,pending,,
456e4789-0863-4434-b42b-02cd75df5824,baaedf71-9bd7-48da-8120-c69651880dc7,job_scraped_9ff9b761bb,27,poor,,engineering,,"Match Score: 27%

Strong matches:
✓ Profile captured

Potential gap:
! engineering
! Seniority mismatch

Why this job matches:
This role only partially overlaps with your current skills and preferences.",2026-09-04T19:47:35.109Z,2026-09-04T19:49:47.240Z,pending,,
c9f4f00a-a374-405d-a350-2646ba401c11,baaedf71-9bd7-48da-8120-c69651880dc7,job_scraped_15c8359575,30,poor,,engineering,,"Match Score: 30%

Strong matches:
✓ Profile captured

Potential gap:
! engineering

Why this job matches:
This role only partially overlaps with your current skills and preferences.",2026-09-04T19:47:35.630Z,2026-09-04T19:49:47.898Z,pending,,
0fd72f4f-4db2-49e3-a2ec-17b0b5399a2c,baaedf71-9bd7-48da-8120-c69651880dc7,job_scraped_b7b7a0bbf4,30,poor,,engineering,,"Match Score: 30%

Strong matches:
✓ Profile captured

Potential gap:
! engineering

Why this job matches:
This role only partially overlaps with your current skills and preferences.",2026-09-04T19:47:36.201Z,2026-09-04T19:49:48.354Z,pending,,
402e916c-a026-4f8f-ae6d-3879b81530ba,baaedf71-9bd7-48da-8120-c69651880dc7,job_scraped_b4fa0e72b9,30,poor,,go|python,,"Match Score: 30%

Strong matches:
✓ Profile captured

Potential gap:
! go
! python

Why this job matches:
This role only partially overlaps with your current skills and preferences.",2026-09-04T19:47:36.659Z,2026-09-04T19:49:50.758Z,pending,,
00e7d001-1d19-40de-bfca-46c0d6550879,baaedf71-9bd7-48da-8120-c69651880dc7,job_scraped_b2ede7fd54,30,poor,,engineering,,"Match Score: 30%

Strong matches:
✓ Profile captured

Potential gap:
! engineering

Why this job matches:
This role only partially overlaps with your current skills and preferences.",2026-09-04T19:47:37.287Z,2026-09-04T19:49:51.759Z,pending,,
66ec58ac-b3b8-4d37-9ce9-078b990e30df,baaedf71-9bd7-48da-8120-c69651880dc7,job_scraped_8e7a32a096,30,poor,,engineering,,"Match Score: 30%

Strong matches:
✓ Profile captured

Potential gap:
! engineering

Why this job matches:
This role only partially overlaps with your current skills and preferences.",2026-09-04T19:47:37.803Z,2026-09-04T19:49:52.391Z,pending,,
a030fb5b-65fc-499a-a48e-e4962e0f1ed4,baaedf71-9bd7-48da-8120-c69651880dc7,job_scraped_8ddf4c54f3,30,poor,,engineering,,"Match Score: 30%

Strong matches:
✓ Profile captured

Potential gap:
! engineering

Why this job matches:
This role only partially overlaps with your current skills and preferences.",2026-09-04T19:47:38.283Z,2026-09-04T19:49:53.666Z,pending,,
a88a1c3f-6bc9-4f3e-ae4d-f43bb6216edb,baaedf71-9bd7-48da-8120-c69651880dc7,job_scraped_6ff1ca51d3,30,poor,,engineering,,"Match Score: 30%

Strong matches:
✓ Profile captured

Potential gap:
! engineering

Why this job matches:
This role only partially overlaps with your current skills and preferences.",2026-09-04T19:47:38.972Z,2026-09-04T19:49:54.623Z,pending,,
907776c3-cc26-4bb6-b413-cb12e42b8432,baaedf71-9bd7-48da-8120-c69651880dc7,job_scraped_4b2f5dc1c0,30,poor,,engineering,,"Match Score: 30%

Strong matches:
✓ Profile captured

Potential gap:
! engineering

Why this job matches:
This role only partially overlaps with your current skills and preferences.",2026-09-04T19:47:39.347Z,2026-09-04T19:49:55.736Z,pending,,
f633845d-c5a6-450d-ae3d-c096a118b3b4,baaedf71-9bd7-48da-8120-c69651880dc7,job_scraped_cf2ed73653,30,poor,,engineering,,"Match Score: 30%

Strong matches:
✓ Profile captured

Potential gap:
! engineering

Why this job matches:
This role only partially overlaps with your current skills and preferences.",2026-09-04T19:47:39.719Z,2026-09-04T19:49:57.017Z,pending,,
63075c66-cad9-47b3-bbe7-884821ac31dc,baaedf71-9bd7-48da-8120-c69651880dc7,job_scraped_5eabb519b8,30,poor,,engineering,,"Match Score: 30%

Strong matches:
✓ Profile captured

Potential gap:
! engineering

Why this job matches:
This role only partially overlaps with your current skills and preferences.",2026-09-04T19:47:40.146Z,2026-09-04T19:49:57.874Z,pending,,
d6b532ae-7c6d-40e3-bf00-fce523e37935,baaedf71-9bd7-48da-8120-c69651880dc7,job_scraped_84ecc4629e,30,poor,,engineering,,"Match Score: 30%

Strong matches:
✓ Profile captured

Potential gap:
! engineering

Why this job matches:
This role only partially overlaps with your current skills and preferences.",2026-09-04T19:47:40.855Z,2026-09-04T19:49:58.424Z,pending,,
3289f9d0-6d7d-4769-a0c5-b47f8d58b4ed,baaedf71-9bd7-48da-8120-c69651880dc7,job_scraped_2eafe0652b,30,poor,,product management,,"Match Score: 30%

Strong matches:
✓ Profile captured

Potential gap:
! product management

Why this job matches:
This role only partially overlaps with your current skills and preferences.",2026-09-04T19:47:41.293Z,2026-09-04T19:49:59.308Z,pending,,
c56b3904-700c-4150-bf3c-017dc191466d,baaedf71-9bd7-48da-8120-c69651880dc7,job_scraped_c6bca6bb99,30,poor,,engineering,,"Match Score: 30%

Strong matches:
✓ Profile captured

Potential gap:
! engineering

Why this job matches:
This role only partially overlaps with your current skills and preferences.",2026-09-04T19:47:41.745Z,2026-09-04T19:49:59.967Z,pending,,
08027197-5c85-4f34-9de6-ffacfd11d5a6,baaedf71-9bd7-48da-8120-c69651880dc7,job_scraped_c960cbaf34,30,poor,,engineering,,"Match Score: 30%

Strong matches:
✓ Profile captured

Potential gap:
! engineering

Why this job matches:
This role only partially overlaps with your current skills and preferences.",2026-09-04T19:47:42.258Z,2026-09-04T19:50:01.250Z,pending,,
da9992b4-4604-49ee-b382-f57a3bb243cb,baaedf71-9bd7-48da-8120-c69651880dc7,job_scraped_1bcd53fb0a,30,poor,,engineering,,"Match Score: 30%

Strong matches:
✓ Profile captured

Potential gap:
! engineering

Why this job matches:
This role only partially overlaps with your current skills and preferences.",2026-09-04T19:47:42.773Z,2026-09-04T19:50:02.031Z,pending,,
a8a9c9ab-7042-496a-8a32-e8bebd84297d,baaedf71-9bd7-48da-8120-c69651880dc7,job_scraped_4e9b250ccf,30,poor,,engineering,,"Match Score: 30%

Strong matches:
✓ Profile captured

Potential gap:
! engineering

Why this job matches:
This role only partially overlaps with your current skills and preferences.",2026-09-04T19:47:43.237Z,2026-09-04T19:50:02.773Z,pending,,
40b16525-e0b7-4a1f-9efa-2f85a1df8c74,baaedf71-9bd7-48da-8120-c69651880dc7,job_scraped_e774f2b233,30,poor,,engineering,,"Match Score: 30%

Strong matches:
✓ Profile captured

Potential gap:
! engineering

Why this job matches:
This role only partially overlaps with your current skills and preferences.",2026-09-04T19:47:43.727Z,2026-09-04T19:50:03.510Z,pending,,
f46c5339-6853-4071-832d-d488149f0742,baaedf71-9bd7-48da-8120-c69651880dc7,job_scraped_30aa2fbee3,30,poor,,engineering,,"Match Score: 30%

Strong matches:
✓ Profile captured

Potential gap:
! engineering

Why this job matches:
This role only partially overlaps with your current skills and preferences.",2026-09-04T19:47:44.259Z,2026-09-04T19:50:05.409Z,pending,,
700a8042-b5e2-466b-9b1b-1119a8b8afdf,baaedf71-9bd7-48da-8120-c69651880dc7,job_scraped_d85c522b64,30,poor,,engineering,,"Match Score: 30%

Strong matches:
✓ Profile captured

Potential gap:
! engineering

Why this job matches:
This role only partially overlaps with your current skills and preferences.",2026-09-04T19:47:45.043Z,2026-09-04T19:50:06.225Z,pending,,
b2936384-ca47-42b0-8df4-7d320f9d3b3f,baaedf71-9bd7-48da-8120-c69651880dc7,job_scraped_74db46a2d1,30,poor,,engineering,,"Match Score: 30%

Strong matches:
✓ Profile captured

Potential gap:
! engineering

Why this job matches:
This role only partially overlaps with your current skills and preferences.",2026-09-04T19:47:46.186Z,2026-09-04T19:50:06.940Z,pending,,
d4cb5435-bc06-49b7-93a4-f173d61a384f,baaedf71-9bd7-48da-8120-c69651880dc7,job_scraped_1e358787f1,30,poor,,engineering,,"Match Score: 30%

Strong matches:
✓ Profile captured

Potential gap:
! engineering

Why this job matches:
This role only partially overlaps with your current skills and preferences.",2026-09-04T19:47:47.188Z,2026-09-04T19:50:07.569Z,pending,,
98c77fb6-fc3b-42e5-9684-7d954c73d387,baaedf71-9bd7-48da-8120-c69651880dc7,job_scraped_497d62001b,30,poor,,engineering,,"Match Score: 30%

Strong matches:
✓ Profile captured

Potential gap:
! engineering

Why this job matches:
This role only partially overlaps with your current skills and preferences.",2026-09-04T19:47:47.894Z,2026-09-04T19:50:08.290Z,pending,,
70053c86-37ce-4ff3-ba7c-58f474cc7713,baaedf71-9bd7-48da-8120-c69651880dc7,job_scraped_97a1939b8b,30,poor,,engineering,,"Match Score: 30%

Strong matches:
✓ Profile captured

Potential gap:
! engineering

Why this job matches:
This role only partially overlaps with your current skills and preferences.",2026-09-04T19:47:49.046Z,2026-09-04T19:50:08.736Z,pending,,
c4243e2c-1667-40b6-b206-05c6f962d63d,baaedf71-9bd7-48da-8120-c69651880dc7,job_scraped_6f0751c538,30,poor,,engineering,,"Match Score: 30%

Strong matches:
✓ Profile captured

Potential gap:
! engineering

Why this job matches:
This role only partially overlaps with your current skills and preferences.",2026-09-04T19:47:49.556Z,2026-09-04T19:50:09.335Z,pending,,
e09bfeba-9e8f-4535-aeff-b33c62fb17c7,baaedf71-9bd7-48da-8120-c69651880dc7,job_scraped_e4c86bc430,30,poor,,engineering,,"Match Score: 30%

Strong matches:
✓ Profile captured

Potential gap:
! engineering

Why this job matches:
This role only partially overlaps with your current skills and preferences.",2026-09-04T19:47:50.356Z,2026-09-04T19:50:09.829Z,pending,,
5e435bcd-7ba6-4102-9c5b-5baea9330e8d,baaedf71-9bd7-48da-8120-c69651880dc7,job_scraped_b71ef47ee1,30,poor,,engineering,,"Match Score: 30%

Strong matches:
✓ Profile captured

Potential gap:
! engineering

Why this job matches:
This role only partially overlaps with your current skills and preferences.",2026-09-04T19:47:51.164Z,2026-09-04T19:50:10.579Z,pending,,
2acf69c8-f1ce-44dc-b2b6-3d23c7fad6d6,baaedf71-9bd7-48da-8120-c69651880dc7,job_scraped_8bb086f81e,30,poor,,engineering,,"Match Score: 30%

Strong matches:
✓ Profile captured

Potential gap:
! engineering

Why this job matches:
This role only partially overlaps with your current skills and preferences.",2026-09-04T19:47:52.131Z,2026-09-04T19:50:10.903Z,pending,,
ba8746cf-8090-4553-ba4a-811ee4517edb,baaedf71-9bd7-48da-8120-c69651880dc7,job_scraped_b130c9b537,34,poor,,quantitative analysis,,"Match Score: 34%

Strong matches:
✓ Profile captured

Potential gap:
! quantitative analysis

Why this job matches:
This role only partially overlaps with your current skills and preferences.",2026-09-04T19:47:53.247Z,2026-09-04T19:50:13.127Z,pending,,
2468864e-f5b6-4162-bcf8-1880507d71ff,baaedf71-9bd7-48da-8120-c69651880dc7,job_scraped_5b4e90d449,30,poor,,engineering,,"Match Score: 30%

Strong matches:
✓ Profile captured

Potential gap:
! engineering

Why this job matches:
This role only partially overlaps with your current skills and preferences.",2026-09-04T19:47:53.994Z,2026-09-04T19:50:14.210Z,pending,,
77875340-6b45-4926-9b0e-08d0e0f0cc3a,baaedf71-9bd7-48da-8120-c69651880dc7,job_scraped_74bcba98b6,30,poor,,engineering,,"Match Score: 30%

Strong matches:
✓ Profile captured

Potential gap:
! engineering

Why this job matches:
This role only partially overlaps with your current skills and preferences.",2026-09-04T19:47:54.741Z,2026-09-04T19:50:14.806Z,pending,,
527ba1dc-2a92-4092-8a1f-edc176b7487d,baaedf71-9bd7-48da-8120-c69651880dc7,job_scraped_b63cd684a4,30,poor,,product management,,"Match Score: 30%

Strong matches:
✓ Profile captured

Potential gap:
! product management

Why this job matches:
This role only partially overlaps with your current skills and preferences.",2026-09-04T19:47:55.310Z,2026-09-04T19:50:15.405Z,pending,,
6b33a751-5898-4a74-b88a-78fc687a1cce,baaedf71-9bd7-48da-8120-c69651880dc7,job_scraped_2116e7261d,30,poor,,product management,,"Match Score: 30%

Strong matches:
✓ Profile captured

Potential gap:
! product management

Why this job matches:
This role only partially overlaps with your current skills and preferences.",2026-09-04T19:47:56.030Z,2026-09-04T19:50:16.039Z,pending,,
dae47ecb-eb2d-474b-b5bc-f59560e82ced,baaedf71-9bd7-48da-8120-c69651880dc7,job_scraped_6b3b6108e5,30,poor,,engineering,,"Match Score: 30%

Strong matches:
✓ Profile captured

Potential gap:
! engineering

Why this job matches:
This role only partially overlaps with your current skills and preferences.",2026-09-04T19:47:57.022Z,2026-09-04T19:50:16.641Z,pending,,
c28219ce-27cf-4111-b3b7-12917682caa9,baaedf71-9bd7-48da-8120-c69651880dc7,job_scraped_5640102a0d,27,poor,,engineering,,"Match Score: 27%

Strong matches:
✓ Profile captured

Potential gap:
! engineering
! Seniority mismatch

Why this job matches:
This role only partially overlaps with your current skills and preferences.",2026-09-04T19:47:57.624Z,2026-09-04T19:50:17.209Z,pending,,
0e6a87cd-9678-4b16-be83-c6700660cc3b,baaedf71-9bd7-48da-8120-c69651880dc7,job_scraped_f8696792af,27,poor,,engineering,,"Match Score: 27%

Strong matches:
✓ Profile captured

Potential gap:
! engineering
! Seniority mismatch

Why this job matches:
This role only partially overlaps with your current skills and preferences.",2026-09-04T19:47:58.888Z,2026-09-04T19:50:17.871Z,pending,,
6ea9375e-246e-4fc3-b406-cd23081ccb8e,baaedf71-9bd7-48da-8120-c69651880dc7,job_scraped_c43859d6b2,27,poor,,go,,"Match Score: 27%

Strong matches:
✓ Profile captured

Potential gap:
! go
! Seniority mismatch

Why this job matches:
This role only partially overlaps with your current skills and preferences.",2026-09-04T19:47:59.714Z,2026-09-04T19:50:18.441Z,pending,,
5800d252-9416-45c5-b44c-e90bb95eeab3,baaedf71-9bd7-48da-8120-c69651880dc7,job_scraped_0f54c925f6,27,poor,,engineering,,"Match Score: 27%

Strong matches:
✓ Profile captured

Potential gap:
! engineering
! Seniority mismatch

Why this job matches:
This role only partially overlaps with your current skills and preferences.",2026-09-04T19:48:00.542Z,2026-09-04T19:50:19.127Z,pending,,
f3caa312-536e-42df-87fc-b750f3077e2c,baaedf71-9bd7-48da-8120-c69651880dc7,job_scraped_f6fc342f7f,27,poor,,engineering,,"Match Score: 27%

Strong matches:
✓ Profile captured

Potential gap:
! engineering
! Seniority mismatch

Why this job matches:
This role only partially overlaps with your current skills and preferences.",2026-09-04T19:48:01.205Z,2026-09-04T19:50:20.645Z,pending,,
862b439c-0a69-4aac-bef6-32346a6415d5,baaedf71-9bd7-48da-8120-c69651880dc7,job_scraped_ad9c5c871e,27,poor,,engineering,,"Match Score: 27%

Strong matches:
✓ Profile captured

Potential gap:
! engineering
! Seniority mismatch

Why this job matches:
This role only partially overlaps with your current skills and preferences.",2026-09-04T19:48:01.881Z,2026-09-04T19:50:21.752Z,pending,,
5f7255bf-4aad-4ce4-a96e-e05e3d4dae36,baaedf71-9bd7-48da-8120-c69651880dc7,job_scraped_348b2e7d36,27,poor,,engineering,,"Match Score: 27%

Strong matches:
✓ Profile captured

Potential gap:
! engineering
! Seniority mismatch

Why this job matches:
This role only partially overlaps with your current skills and preferences.",2026-09-04T19:48:03.254Z,2026-09-04T19:50:23.813Z,pending,,
1f19e75a-1b3f-4b78-b45c-748757ffcd97,baaedf71-9bd7-48da-8120-c69651880dc7,job_scraped_aa809e7e83,27,poor,,engineering,,"Match Score: 27%

Strong matches:
✓ Profile captured

Potential gap:
! engineering
! Seniority mismatch

Why this job matches:
This role only partially overlaps with your current skills and preferences.",2026-09-04T19:48:04.155Z,2026-09-04T19:50:25.120Z,pending,,
d1b30efd-9b81-4d18-a0ab-779273868db2,baaedf71-9bd7-48da-8120-c69651880dc7,job_scraped_a8f2978eb8,27,poor,,engineering,,"Match Score: 27%

Strong matches:
✓ Profile captured

Potential gap:
! engineering
! Seniority mismatch

Why this job matches:
This role only partially overlaps with your current skills and preferences.",2026-09-04T19:48:04.831Z,2026-09-04T19:50:26.363Z,pending,,
192f62e1-df01-4c37-8cef-7d4ad2e8241f,baaedf71-9bd7-48da-8120-c69651880dc7,job_scraped_78b634a5a0,27,poor,,engineering,,"Match Score: 27%

Strong matches:
✓ Profile captured

Potential gap:
! engineering
! Seniority mismatch

Why this job matches:
This role only partially overlaps with your current skills and preferences.",2026-09-04T19:48:05.694Z,2026-09-04T19:50:27.161Z,pending,,
cf8d162b-a609-4343-9145-4bc2b0836f70,baaedf71-9bd7-48da-8120-c69651880dc7,job_scraped_e1efd636d8,30,poor,,engineering,,"Match Score: 30%

Strong matches:
✓ Profile captured

Potential gap:
! engineering

Why this job matches:
This role only partially overlaps with your current skills and preferences.",2026-09-04T19:48:06.692Z,2026-09-04T19:50:28.277Z,pending,,
fd7f41f4-4c20-4b20-8f10-f6de8e04dc87,baaedf71-9bd7-48da-8120-c69651880dc7,job_scraped_fa97e6377a,30,poor,,engineering,,"Match Score: 30%

Strong matches:
✓ Profile captured

Potential gap:
! engineering

Why this job matches:
This role only partially overlaps with your current skills and preferences.",2026-09-04T19:48:08.410Z,2026-09-04T19:50:30.654Z,pending,,
6760565b-411b-49d6-a16b-e865721379d2,baaedf71-9bd7-48da-8120-c69651880dc7,job_scraped_fb53e69d39,30,poor,,engineering,,"Match Score: 30%

Strong matches:
✓ Profile captured

Potential gap:
! engineering

Why this job matches:
This role only partially overlaps with your current skills and preferences.",2026-09-04T19:48:09.781Z,2026-09-04T19:50:32.195Z,pending,,
6392b955-64a1-477c-8cd8-9f537c305853,baaedf71-9bd7-48da-8120-c69651880dc7,job_scraped_13210897d0,30,poor,,engineering,,"Match Score: 30%

Strong matches:
✓ Profile captured

Potential gap:
! engineering

Why this job matches:
This role only partially overlaps with your current skills and preferences.",2026-09-04T19:48:10.587Z,2026-09-04T19:50:32.928Z,pending,,
f78d2bc5-5f08-4583-9a3b-c3563086de02,baaedf71-9bd7-48da-8120-c69651880dc7,job_scraped_f2ad06b94c,30,poor,,engineering,,"Match Score: 30%

Strong matches:
✓ Profile captured

Potential gap:
! engineering

Why this job matches:
This role only partially overlaps with your current skills and preferences.",2026-09-04T19:48:12.069Z,2026-09-04T19:50:33.705Z,pending,,
da31dbcb-4ea1-4127-8565-58c1a7a94f2c,baaedf71-9bd7-48da-8120-c69651880dc7,job_scraped_0095ca0512,30,poor,,engineering,,"Match Score: 30%

Strong matches:
✓ Profile captured

Potential gap:
! engineering

Why this job matches:
This role only partially overlaps with your current skills and preferences.",2026-09-04T19:48:13.074Z,2026-09-04T19:50:34.565Z,pending,,
847730bd-120b-47ce-a4b9-78b4be610e64,baaedf71-9bd7-48da-8120-c69651880dc7,job_scraped_823dffbd47,27,poor,,compliance,,"Match Score: 27%

Strong matches:
✓ Profile captured

Potential gap:
! compliance
! Seniority mismatch

Why this job matches:
This role only partially overlaps with your current skills and preferences.",2026-09-04T19:48:14.362Z,2026-09-04T19:50:35.087Z,pending,,
9c8c4b1b-de4e-4c92-a606-abe661fd576c,baaedf71-9bd7-48da-8120-c69651880dc7,job_scraped_560446e88b,27,poor,,marketing,,"Match Score: 27%

Strong matches:
✓ Profile captured

Potential gap:
! marketing
! Seniority mismatch

Why this job matches:
This role only partially overlaps with your current skills and preferences.",2026-09-04T19:48:16.103Z,2026-09-04T19:50:35.832Z,pending,,
df6c0749-a0d5-4b90-8fe0-ff9f8678b2ba,baaedf71-9bd7-48da-8120-c69651880dc7,job_scraped_bebeee8e5e,27,poor,,engineering,,"Match Score: 27%

Strong matches:
✓ Profile captured

Potential gap:
! engineering
! Seniority mismatch

Why this job matches:
This role only partially overlaps with your current skills and preferences.",2026-09-04T19:48:17.905Z,2026-09-04T19:50:36.463Z,pending,,
857d187e-1867-4a40-b1d0-c9b8bbe158e6,baaedf71-9bd7-48da-8120-c69651880dc7,job_scraped_c5926e1901,30,poor,,engineering,,"Match Score: 30%

Strong matches:
✓ Profile captured

Potential gap:
! engineering

Why this job matches:
This role only partially overlaps with your current skills and preferences.",2026-09-04T19:48:18.709Z,2026-09-04T19:50:37.257Z,pending,,
ab4f2154-86b5-4866-98bc-f6336d0b0d5e,baaedf71-9bd7-48da-8120-c69651880dc7,job_scraped_2e29a65cf1,30,poor,,research,,"Match Score: 30%

Strong matches:
✓ Profile captured

Potential gap:
! research

Why this job matches:
This role only partially overlaps with your current skills and preferences.",2026-09-04T19:48:19.391Z,2026-09-04T19:50:38.368Z,pending,,
cbc2a473-73cc-4a88-a385-e67ef3531dac,baaedf71-9bd7-48da-8120-c69651880dc7,job_scraped_0e412255d4,30,poor,,engineering,,"Match Score: 30%

Strong matches:
✓ Profile captured

Potential gap:
! engineering

Why this job matches:
This role only partially overlaps with your current skills and preferences.",2026-09-04T19:48:19.861Z,2026-09-04T19:50:39.407Z,pending,,
19640b5c-33a0-4f95-a0ba-0c0658708040,baaedf71-9bd7-48da-8120-c69651880dc7,job_scraped_6fa7fb6121,30,poor,,research,,"Match Score: 30%

Strong matches:
✓ Profile captured

Potential gap:
! research

Why this job matches:
This role only partially overlaps with your current skills and preferences.",2026-09-04T19:48:21.029Z,2026-09-04T19:50:40.920Z,pending,,
38993a83-d927-43fa-910b-85eda7f6b727,baaedf71-9bd7-48da-8120-c69651880dc7,job_scraped_f641d4abb3,30,poor,,research,,"Match Score: 30%

Strong matches:
✓ Profile captured

Potential gap:
! research

Why this job matches:
This role only partially overlaps with your current skills and preferences.",2026-09-04T19:48:22.059Z,2026-09-04T19:50:42.237Z,pending,,
7e16d1bb-2246-4859-b7f0-24c90b4583f9,baaedf71-9bd7-48da-8120-c69651880dc7,job_scraped_956a17932d,30,poor,,ai,,"Match Score: 30%

Strong matches:
✓ Profile captured

Potential gap:
! ai

Why this job matches:
This role only partially overlaps with your current skills and preferences.",2026-09-04T19:48:23.570Z,2026-09-04T19:50:43.528Z,pending,,
49dfae91-6097-4965-94fd-5e7addb5c14d,baaedf71-9bd7-48da-8120-c69651880dc7,job_scraped_6e7d614194,30,poor,,research,,"Match Score: 30%

Strong matches:
✓ Profile captured

Potential gap:
! research

Why this job matches:
This role only partially overlaps with your current skills and preferences.",2026-09-04T19:48:24.228Z,2026-09-04T19:50:44.463Z,pending,,
f87feabf-d048-47be-8273-b14381f49c8f,baaedf71-9bd7-48da-8120-c69651880dc7,job_scraped_d2d4f0a877,30,poor,,research,,"Match Score: 30%

Strong matches:
✓ Profile captured

Potential gap:
! research

Why this job matches:
This role only partially overlaps with your current skills and preferences.",2026-09-04T19:48:24.946Z,2026-09-04T19:50:45.961Z,pending,,
e0ce08b1-2fab-420d-9ad6-cf95b584e746,baaedf71-9bd7-48da-8120-c69651880dc7,job_scraped_9a183395b9,30,poor,,research,,"Match Score: 30%

Strong matches:
✓ Profile captured

Potential gap:
! research

Why this job matches:
This role only partially overlaps with your current skills and preferences.",2026-09-04T19:48:25.491Z,2026-09-04T19:50:46.906Z,pending,,
5ad8b2be-2531-4299-ac7d-38fd79322588,baaedf71-9bd7-48da-8120-c69651880dc7,job_scraped_1435a476d5,30,poor,,research,,"Match Score: 30%

Strong matches:
✓ Profile captured

Potential gap:
! research

Why this job matches:
This role only partially overlaps with your current skills and preferences.",2026-09-04T19:48:26.300Z,2026-09-04T19:50:48.571Z,pending,,
31ba35ca-beec-4ec8-836d-7f4b51b97628,baaedf71-9bd7-48da-8120-c69651880dc7,job_scraped_3b1cacb06f,30,poor,,research,,"Match Score: 30%

Strong matches:
✓ Profile captured

Potential gap:
! research

Why this job matches:
This role only partially overlaps with your current skills and preferences.",2026-09-04T19:48:27.009Z,2026-09-04T19:50:49.543Z,pending,,
75b7588f-6712-45c1-8f8e-628a9f945be6,baaedf71-9bd7-48da-8120-c69651880dc7,job_scraped_99cc0c8e6a,30,poor,,trading|quantitative analysis,,"Match Score: 30%

Strong matches:
✓ Profile captured

Potential gap:
! trading
! quantitative analysis

Why this job matches:
This role only partially overlaps with your current skills and preferences.",2026-09-04T19:48:27.640Z,2026-09-04T19:50:50.729Z,pending,,
ae81e456-97d1-44d9-900a-3c5418ae9b46,baaedf71-9bd7-48da-8120-c69651880dc7,job_scraped_09f57fc9d9,30,poor,,research,,"Match Score: 30%

Strong matches:
✓ Profile captured

Potential gap:
! research

Why this job matches:
This role only partially overlaps with your current skills and preferences.",2026-09-04T19:48:28.180Z,2026-09-04T19:50:51.458Z,pending,,
e452f5f2-324e-40fe-9fd7-b611a319006e,baaedf71-9bd7-48da-8120-c69651880dc7,job_scraped_e01fc8a1b3,30,poor,,research,,"Match Score: 30%

Strong matches:
✓ Profile captured

Potential gap:
! research

Why this job matches:
This role only partially overlaps with your current skills and preferences.",2026-09-04T19:48:28.759Z,2026-09-04T19:50:52.030Z,pending,,
b44ac2ae-f4b8-43ec-aa6b-a66038850a84,baaedf71-9bd7-48da-8120-c69651880dc7,job_scraped_4926f0ea4b,30,poor,,engineering,,"Match Score: 30%

Strong matches:
✓ Profile captured

Potential gap:
! engineering

Why this job matches:
This role only partially overlaps with your current skills and preferences.",2026-09-04T19:48:29.359Z,2026-09-04T19:50:52.902Z,pending,,
8ee49be8-41a2-4bd7-ba68-19dcaa2a52e3,baaedf71-9bd7-48da-8120-c69651880dc7,job_scraped_c454b2af22,30,poor,,engineering,,"Match Score: 30%

Strong matches:
✓ Profile captured

Potential gap:
! engineering

Why this job matches:
This role only partially overlaps with your current skills and preferences.",2026-09-04T19:48:30.209Z,2026-09-04T19:50:53.984Z,pending,,
83c99b76-1e60-4030-bebd-976d03ab336b,baaedf71-9bd7-48da-8120-c69651880dc7,job_scraped_db0bb3ff0b,30,poor,,engineering,,"Match Score: 30%

Strong matches:
✓ Profile captured

Potential gap:
! engineering

Why this job matches:
This role only partially overlaps with your current skills and preferences.",2026-09-04T19:48:31.018Z,2026-09-04T19:50:54.942Z,pending,,
cbf1ee53-41b8-45c5-a49e-5999dace0501,baaedf71-9bd7-48da-8120-c69651880dc7,job_scraped_ed2a8d965f,30,poor,,research,,"Match Score: 30%

Strong matches:
✓ Profile captured

Potential gap:
! research

Why this job matches:
This role only partially overlaps with your current skills and preferences.",2026-09-04T19:48:32.279Z,2026-09-04T19:50:55.724Z,pending,,
d4fdbb1c-9c19-49b8-a39f-ba09578375c7,baaedf71-9bd7-48da-8120-c69651880dc7,job_scraped_c149bed0bf,30,poor,,research,,"Match Score: 30%

Strong matches:
✓ Profile captured

Potential gap:
! research

Why this job matches:
This role only partially overlaps with your current skills and preferences.",2026-09-04T19:48:32.996Z,2026-09-04T19:50:56.296Z,pending,,
5777446f-5fcf-4bd1-8714-e9e448faf616,baaedf71-9bd7-48da-8120-c69651880dc7,job_scraped_21211c1473,30,poor,,research,,"Match Score: 30%

Strong matches:
✓ Profile captured

Potential gap:
! research

Why this job matches:
This role only partially overlaps with your current skills and preferences.",2026-09-04T19:48:34.192Z,2026-09-04T19:50:57.075Z,pending,,
303cc147-f6dc-44a1-a8b4-7fee965c4170,baaedf71-9bd7-48da-8120-c69651880dc7,job_scraped_7dd5349919,27,poor,,engineering,,"Match Score: 27%

Strong matches:
✓ Profile captured

Potential gap:
! engineering
! Seniority mismatch

Why this job matches:
This role only partially overlaps with your current skills and preferences.",2026-09-04T19:48:35.082Z,2026-09-04T19:50:58.257Z,pending,,
541cab28-3919-42ec-b726-83657f0046a0,baaedf71-9bd7-48da-8120-c69651880dc7,job_scraped_28cd9db68b,30,poor,,engineering,,"Match Score: 30%

Strong matches:
✓ Profile captured

Potential gap:
! engineering

Why this job matches:
This role only partially overlaps with your current skills and preferences.",2026-09-04T19:48:36.429Z,2026-09-04T19:50:59.030Z,pending,,
42fbc79e-3bae-4e93-b2cd-d958c6b0444f,baaedf71-9bd7-48da-8120-c69651880dc7,job_scraped_8d7163d2b9,30,poor,,engineering,,"Match Score: 30%

Strong matches:
✓ Profile captured

Potential gap:
! engineering

Why this job matches:
This role only partially overlaps with your current skills and preferences.",2026-09-04T19:48:37.136Z,2026-09-04T19:50:59.938Z,pending,,
eb3acedb-2962-4ae7-bfe2-f7cd33327200,baaedf71-9bd7-48da-8120-c69651880dc7,job_scraped_0ea5881477,30,poor,,python,,"Match Score: 30%

Strong matches:
✓ Profile captured

Potential gap:
! python

Why this job matches:
This role only partially overlaps with your current skills and preferences.",2026-09-04T19:48:38.197Z,2026-09-04T19:51:00.871Z,pending,,
55148c77-70af-49b3-9d73-c22e2f99689d,baaedf71-9bd7-48da-8120-c69651880dc7,job_scraped_4abfa8ccf4,30,poor,,engineering,,"Match Score: 30%

Strong matches:
✓ Profile captured

Potential gap:
! engineering

Why this job matches:
This role only partially overlaps with your current skills and preferences.",2026-09-04T19:48:39.176Z,2026-09-04T19:51:02.080Z,pending,,
c356ea9d-92e4-41d9-a41a-2423a61a22d0,baaedf71-9bd7-48da-8120-c69651880dc7,job_scraped_90555b65c7,30,poor,,engineering,,"Match Score: 30%

Strong matches:
✓ Profile captured

Potential gap:
! engineering

Why this job matches:
This role only partially overlaps with your current skills and preferences.",2026-09-04T19:48:40.099Z,2026-09-04T19:51:03.191Z,pending,,
ccd5ca37-57bc-48e2-b6b1-12d15e9c0af5,baaedf71-9bd7-48da-8120-c69651880dc7,job_scraped_a1393bc4ee,30,poor,,engineering,,"Match Score: 30%

Strong matches:
✓ Profile captured

Potential gap:
! engineering

Why this job matches:
This role only partially overlaps with your current skills and preferences.",2026-09-04T19:48:41.379Z,2026-09-04T19:51:03.791Z,pending,,
c126d9b0-0877-4d96-bbf6-300449e1f5cf,baaedf71-9bd7-48da-8120-c69651880dc7,job_scraped_acf15e7391,27,poor,,engineering,,"Match Score: 27%

Strong matches:
✓ Profile captured

Potential gap:
! engineering
! Seniority mismatch

Why this job matches:
This role only partially overlaps with your current skills and preferences.",2026-09-04T19:48:42.927Z,2026-09-04T19:51:04.391Z,pending,,
5c8548b9-0313-47ee-94d1-2664a790c8a5,baaedf71-9bd7-48da-8120-c69651880dc7,job_scraped_d3254ca0a4,27,poor,,engineering,,"Match Score: 27%

Strong matches:
✓ Profile captured

Potential gap:
! engineering
! Seniority mismatch

Why this job matches:
This role only partially overlaps with your current skills and preferences.",2026-09-04T19:48:44.934Z,2026-09-04T19:51:04.905Z,pending,,
834b7168-b76f-4e3f-b32b-a29220a45641,baaedf71-9bd7-48da-8120-c69651880dc7,job_scraped_7dfe80249f,30,poor,,engineering,,"Match Score: 30%

Strong matches:
✓ Profile captured

Potential gap:
! engineering

Why this job matches:
This role only partially overlaps with your current skills and preferences.",2026-09-04T19:48:47.184Z,2026-09-04T19:51:05.510Z,pending,,
cf6f6c39-4326-4c8d-ad11-8c837a2ab937,baaedf71-9bd7-48da-8120-c69651880dc7,job_scraped_145e018758,30,poor,,engineering,,"Match Score: 30%

Strong matches:
✓ Profile captured

Potential gap:
! engineering

Why this job matches:
This role only partially overlaps with your current skills and preferences.",2026-09-04T19:48:48.116Z,2026-09-04T19:51:06.027Z,pending,,
7a1320d0-cc42-4af1-897d-fe1fe0fa6b15,baaedf71-9bd7-48da-8120-c69651880dc7,job_scraped_ae39ba159a,42,poor,,engineering,,"Match Score: 42%

Strong matches:
✓ Target role alignment

Potential gap:
! engineering

Why this job matches:
This role only partially overlaps with your current skills and preferences.",2026-09-04T19:48:49.365Z,2026-09-04T19:51:07.148Z,pending,,
02b0bdd7-0ff3-4088-be90-b570307d9dcf,baaedf71-9bd7-48da-8120-c69651880dc7,job_scraped_8db8ca4be7,42,poor,,engineering,,"Match Score: 42%

Strong matches:
✓ Target role alignment

Potential gap:
! engineering

Why this job matches:
This role only partially overlaps with your current skills and preferences.",2026-09-04T19:48:50.295Z,2026-09-04T19:51:07.890Z,pending,,
edb45162-c60e-4062-a05e-6965eb404ac7,baaedf71-9bd7-48da-8120-c69651880dc7,job_scraped_018f8065e1,30,poor,,engineering,,"Match Score: 30%

Strong matches:
✓ Profile captured

Potential gap:
! engineering

Why this job matches:
This role only partially overlaps with your current skills and preferences.",2026-09-04T19:48:51.637Z,2026-09-04T19:51:08.462Z,pending,,
5dc12eb9-11e4-4bc0-8821-ceaaa7f6f219,baaedf71-9bd7-48da-8120-c69651880dc7,job_scraped_94774fc596,27,poor,,engineering,,"Match Score: 27%

Strong matches:
✓ Profile captured

Potential gap:
! engineering
! Seniority mismatch

Why this job matches:
This role only partially overlaps with your current skills and preferences.",2026-09-04T19:48:53.219Z,2026-09-04T19:51:09.085Z,pending,,
1ddd599b-81a3-4ccb-a850-89fd6f4793f2,baaedf71-9bd7-48da-8120-c69651880dc7,job_scraped_a9ce34b477,27,poor,,engineering,,"Match Score: 27%

Strong matches:
✓ Profile captured

Potential gap:
! engineering
! Seniority mismatch

Why this job matches:
This role only partially overlaps with your current skills and preferences.",2026-09-04T19:48:54.407Z,2026-09-04T19:51:09.708Z,pending,,
74089058-f3c0-4dde-b3f1-f1c7a58abe6f,baaedf71-9bd7-48da-8120-c69651880dc7,job_scraped_87c430a7f2,42,poor,,engineering,,"Match Score: 42%

Strong matches:
✓ Target role alignment

Potential gap:
! engineering
! Seniority mismatch

Why this job matches:
This role only partially overlaps with your current skills and preferences.",2026-09-04T19:48:55.343Z,2026-09-04T19:51:10.267Z,pending,,
07db43c8-d2d1-48de-a34a-f2cce6213654,baaedf71-9bd7-48da-8120-c69651880dc7,job_scraped_e98a588c6d,42,poor,,engineering,,"Match Score: 42%

Strong matches:
✓ Target role alignment

Potential gap:
! engineering
! Seniority mismatch

Why this job matches:
This role only partially overlaps with your current skills and preferences.",2026-09-04T19:48:56.326Z,2026-09-04T19:51:11.060Z,pending,,
4a2fb899-d471-4e17-b947-26004b5dcaf4,baaedf71-9bd7-48da-8120-c69651880dc7,job_scraped_7de9794774,42,poor,,engineering,,"Match Score: 42%

Strong matches:
✓ Target role alignment

Potential gap:
! engineering
! Seniority mismatch

Why this job matches:
This role only partially overlaps with your current skills and preferences.",2026-09-04T19:48:56.979Z,2026-09-04T19:51:11.640Z,pending,,
61aac4a8-3a03-4697-827a-0bbeef70b15c,baaedf71-9bd7-48da-8120-c69651880dc7,job_scraped_cdbd0ce04d,42,poor,,engineering,,"Match Score: 42%

Strong matches:
✓ Target role alignment

Potential gap:
! engineering
! Seniority mismatch

Why this job matches:
This role only partially overlaps with your current skills and preferences.",2026-09-04T19:48:57.747Z,2026-09-04T19:51:13.406Z,pending,,
be2a029e-fa33-4ba1-a83b-67157a08b527,baaedf71-9bd7-48da-8120-c69651880dc7,job_scraped_1fbe87f2dc,42,poor,,engineering,,"Match Score: 42%

Strong matches:
✓ Target role alignment

Potential gap:
! engineering
! Seniority mismatch

Why this job matches:
This role only partially overlaps with your current skills and preferences.",2026-09-04T19:48:58.494Z,2026-09-04T19:51:13.929Z,pending,,
59fbff44-c366-4729-b664-b0bb81d88e39,baaedf71-9bd7-48da-8120-c69651880dc7,job_scraped_403e10d37a,42,poor,,trading,,"Match Score: 42%

Strong matches:
✓ Target role alignment

Potential gap:
! trading
! Seniority mismatch

Why this job matches:
This role only partially overlaps with your current skills and preferences.",2026-09-04T19:48:59.351Z,2026-09-04T19:51:14.549Z,pending,,
146b3960-bbfd-4f78-9cb5-498f8828fefc,baaedf71-9bd7-48da-8120-c69651880dc7,job_scraped_9cb547470e,42,poor,,engineering,,"Match Score: 42%

Strong matches:
✓ Target role alignment

Potential gap:
! engineering
! Seniority mismatch

Why this job matches:
This role only partially overlaps with your current skills and preferences.",2026-09-04T19:49:00.469Z,2026-09-04T19:51:15.150Z,pending,,
8ea54030-8e76-4495-8ac4-1643ba916eb0,baaedf71-9bd7-48da-8120-c69651880dc7,job_scraped_862b8f6a10,30,poor,,engineering,,"Match Score: 30%

Strong matches:
✓ Profile captured

Potential gap:
! engineering

Why this job matches:
This role only partially overlaps with your current skills and preferences.",2026-09-04T19:49:01.030Z,2026-09-04T19:51:15.872Z,pending,,
9232c078-f01a-4b56-9b1c-1fc30a84b589,baaedf71-9bd7-48da-8120-c69651880dc7,job_scraped_b6ca3c5f0a,30,poor,,engineering,,"Match Score: 30%

Strong matches:
✓ Profile captured

Potential gap:
! engineering

Why this job matches:
This role only partially overlaps with your current skills and preferences.",2026-09-04T19:49:01.811Z,2026-09-04T19:51:16.361Z,pending,,
13483ab3-e123-42ae-a8ab-9e95fcdbb73b,baaedf71-9bd7-48da-8120-c69651880dc7,job_scraped_df87cea429,34,poor,,engineering,,"Match Score: 34%

Strong matches:
✓ Profile captured

Potential gap:
! engineering

Why this job matches:
This role only partially overlaps with your current skills and preferences.",2026-09-04T19:49:02.439Z,2026-09-04T19:51:16.982Z,pending,,
b3d3564c-95a9-4c6b-a078-c092ee242f30,baaedf71-9bd7-48da-8120-c69651880dc7,job_scraped_47c8a9a8d8,27,poor,,engineering,,"Match Score: 27%

Strong matches:
✓ Profile captured

Potential gap:
! engineering
! Seniority mismatch

Why this job matches:
This role only partially overlaps with your current skills and preferences.",2026-09-04T19:49:02.961Z,2026-09-04T19:51:17.638Z,pending,,
7c81a55b-ab7b-4cf4-96e4-0a2cf318d34f,baaedf71-9bd7-48da-8120-c69651880dc7,job_scraped_711082464c,27,poor,,engineering,,"Match Score: 27%

Strong matches:
✓ Profile captured

Potential gap:
! engineering
! Seniority mismatch

Why this job matches:
This role only partially overlaps with your current skills and preferences.",2026-09-04T19:49:03.638Z,2026-09-04T19:51:18.130Z,pending,,
0897f11e-3b0b-4265-add6-4acc672dd310,baaedf71-9bd7-48da-8120-c69651880dc7,job_scraped_8d25a0e49f,27,poor,,engineering,,"Match Score: 27%

Strong matches:
✓ Profile captured

Potential gap:
! engineering
! Seniority mismatch

Why this job matches:
This role only partially overlaps with your current skills and preferences.",2026-09-04T19:49:04.214Z,2026-09-04T19:51:18.533Z,pending,,
6c47daa2-6ceb-4a5d-a044-a60daf9c8dc3,baaedf71-9bd7-48da-8120-c69651880dc7,job_scraped_6fef0dfe3b,27,poor,,engineering,,"Match Score: 27%

Strong matches:
✓ Profile captured

Potential gap:
! engineering
! Seniority mismatch

Why this job matches:
This role only partially overlaps with your current skills and preferences.",2026-09-04T19:49:04.663Z,2026-09-04T19:51:19.105Z,pending,,
34503ce3-c761-480e-823b-131b465bf3bc,baaedf71-9bd7-48da-8120-c69651880dc7,job_scraped_9f2f313c0d,27,poor,,engineering,,"Match Score: 27%

Strong matches:
✓ Profile captured

Potential gap:
! engineering
! Seniority mismatch

Why this job matches:
This role only partially overlaps with your current skills and preferences.",2026-09-04T19:49:05.533Z,2026-09-04T19:51:19.702Z,pending,,
caeabf48-533b-422f-a39e-a7654516a048,baaedf71-9bd7-48da-8120-c69651880dc7,job_scraped_355f53ffe4,30,poor,,engineering,,"Match Score: 30%

Strong matches:
✓ Profile captured

Potential gap:
! engineering

Why this job matches:
This role only partially overlaps with your current skills and preferences.",2026-09-04T19:49:06.796Z,2026-09-04T19:51:20.192Z,pending,,
785e70e4-9707-4280-813b-eb2c99f84b37,baaedf71-9bd7-48da-8120-c69651880dc7,job_scraped_aff0858b92,30,poor,,engineering,,"Match Score: 30%

Strong matches:
✓ Profile captured

Potential gap:
! engineering

Why this job matches:
This role only partially overlaps with your current skills and preferences.",2026-09-04T19:49:07.904Z,2026-09-04T19:51:20.733Z,pending,,
261c6d92-c635-422d-8b50-0da92fc7f528,baaedf71-9bd7-48da-8120-c69651880dc7,job_scraped_505096ccb6,30,poor,,engineering,,"Match Score: 30%

Strong matches:
✓ Profile captured

Potential gap:
! engineering

Why this job matches:
This role only partially overlaps with your current skills and preferences.",2026-09-04T19:49:08.504Z,2026-09-04T19:51:21.249Z,pending,,
8c0b3692-620a-47e1-97c3-b1d30521c256,baaedf71-9bd7-48da-8120-c69651880dc7,job_scraped_be418885f8,30,poor,,engineering,,"Match Score: 30%

Strong matches:
✓ Profile captured

Potential gap:
! engineering

Why this job matches:
This role only partially overlaps with your current skills and preferences.",2026-09-04T19:49:09.261Z,2026-09-04T19:51:22.085Z,pending,,
e647b1c2-47d8-430e-bf5e-06d80b4e4a48,baaedf71-9bd7-48da-8120-c69651880dc7,job_scraped_fb97ed2da2,30,poor,,engineering,,"Match Score: 30%

Strong matches:
✓ Profile captured

Potential gap:
! engineering

Why this job matches:
This role only partially overlaps with your current skills and preferences.",2026-09-04T19:49:10.013Z,2026-09-04T19:51:23.002Z,pending,,
b16b3e96-333f-4f22-8486-4827269bc069,baaedf71-9bd7-48da-8120-c69651880dc7,job_scraped_ad637c83bc,30,poor,,engineering,,"Match Score: 30%

Strong matches:
✓ Profile captured

Potential gap:
! engineering

Why this job matches:
This role only partially overlaps with your current skills and preferences.",2026-09-04T19:49:10.560Z,2026-09-04T19:51:23.685Z,pending,,
933ea8b2-e8a2-4986-a9eb-8fdb7424af52,baaedf71-9bd7-48da-8120-c69651880dc7,job_scraped_657734d144,30,poor,,engineering,,"Match Score: 30%

Strong matches:
✓ Profile captured

Potential gap:
! engineering

Why this job matches:
This role only partially overlaps with your current skills and preferences.",2026-09-04T19:49:11.005Z,2026-09-04T19:51:24.347Z,pending,,
54c7d2e6-36cb-452c-8a99-83f7e9d9485a,baaedf71-9bd7-48da-8120-c69651880dc7,job_scraped_ede710d9eb,30,poor,,engineering,,"Match Score: 30%

Strong matches:
✓ Profile captured

Potential gap:
! engineering

Why this job matches:
This role only partially overlaps with your current skills and preferences.",2026-09-04T19:49:11.901Z,2026-09-04T19:51:25.289Z,pending,,
71a136d2-9027-4467-8915-c4a05b575ad2,baaedf71-9bd7-48da-8120-c69651880dc7,job_scraped_01b5e2ee3f,30,poor,,engineering,,"Match Score: 30%

Strong matches:
✓ Profile captured

Potential gap:
! engineering

Why this job matches:
This role only partially overlaps with your current skills and preferences.",2026-09-04T19:49:12.389Z,2026-09-04T19:51:25.857Z,pending,,
8580990c-c688-47af-abae-cc9b23aa3baf,baaedf71-9bd7-48da-8120-c69651880dc7,job_scraped_832462b601,27,poor,,python,,"Match Score: 27%

Strong matches:
✓ Profile captured

Potential gap:
! python
! Seniority mismatch

Why this job matches:
This role only partially overlaps with your current skills and preferences.",2026-09-04T19:49:12.901Z,2026-09-04T19:51:26.484Z,pending,,
8ac999ff-d835-46cd-8757-8a4866eef4b1,baaedf71-9bd7-48da-8120-c69651880dc7,job_scraped_eef413fc3e,27,poor,,engineering,,"Match Score: 27%

Strong matches:
✓ Profile captured

Potential gap:
! engineering
! Seniority mismatch

Why this job matches:
This role only partially overlaps with your current skills and preferences.",2026-09-04T19:49:14.764Z,2026-09-04T19:51:27.178Z,pending,,
fee69ff4-6af7-4c85-9ccf-6765b7481887,baaedf71-9bd7-48da-8120-c69651880dc7,job_scraped_82fc95ece0,27,poor,,trading,,"Match Score: 27%

Strong matches:
✓ Profile captured

Potential gap:
! trading
! Seniority mismatch

Why this job matches:
This role only partially overlaps with your current skills and preferences.",2026-09-04T19:49:16.594Z,2026-09-04T19:51:27.864Z,pending,,
5ef7c240-7ba0-4416-9b5a-055f3ac68768,baaedf71-9bd7-48da-8120-c69651880dc7,job_scraped_641bb6f02c,27,poor,,engineering,,"Match Score: 27%

Strong matches:
✓ Profile captured

Potential gap:
! engineering
! Seniority mismatch

Why this job matches:
This role only partially overlaps with your current skills and preferences.",2026-09-04T19:49:17.014Z,2026-09-04T19:51:28.442Z,pending,,
b49f6631-8e8c-409f-a7f8-6591cc183381,baaedf71-9bd7-48da-8120-c69651880dc7,job_scraped_5c8d18acdf,27,poor,,engineering,,"Match Score: 27%

Strong matches:
✓ Profile captured

Potential gap:
! engineering
! Seniority mismatch

Why this job matches:
This role only partially overlaps with your current skills and preferences.",2026-09-04T19:49:17.679Z,2026-09-04T19:51:28.927Z,pending,,
8d888921-44f5-47e0-818d-266545bd6ba2,baaedf71-9bd7-48da-8120-c69651880dc7,job_scraped_1eb5e5f915,27,poor,,engineering,,"Match Score: 27%

Strong matches:
✓ Profile captured

Potential gap:
! engineering
! Seniority mismatch

Why this job matches:
This role only partially overlaps with your current skills and preferences.",2026-09-04T19:49:18.131Z,2026-09-04T19:51:29.470Z,pending,,
fd74646d-b28e-416a-9ebf-f214cae762fb,baaedf71-9bd7-48da-8120-c69651880dc7,job_scraped_f72adc42d4,27,poor,,engineering,,"Match Score: 27%

Strong matches:
✓ Profile captured

Potential gap:
! engineering
! Seniority mismatch

Why this job matches:
This role only partially overlaps with your current skills and preferences.",2026-09-04T19:49:18.374Z,2026-09-04T19:51:30.184Z,pending,,
6c5c29fa-6d22-494c-963a-5e71f9cb3d5f,baaedf71-9bd7-48da-8120-c69651880dc7,job_scraped_6252879fa9,27,poor,,rust,,"Match Score: 27%

Strong matches:
✓ Profile captured

Potential gap:
! rust
! Seniority mismatch

Why this job matches:
This role only partially overlaps with your current skills and preferences.",2026-09-04T19:49:19.034Z,2026-09-04T19:51:30.873Z,pending,,
3c4ef98a-cc4a-492c-8022-9f59ccb02a89,baaedf71-9bd7-48da-8120-c69651880dc7,job_scraped_8fe89c0b13,33,poor,,engineering,,"Match Score: 33%

Strong matches:
✓ Profile captured

Potential gap:
! engineering
! Seniority mismatch

Why this job matches:
This role only partially overlaps with your current skills and preferences.",2026-09-04T19:49:19.446Z,2026-09-04T19:51:31.582Z,pending,,
f22e7085-91fc-4dec-8d66-c3aaaed124cf,baaedf71-9bd7-48da-8120-c69651880dc7,job_scraped_2cc51b1476,27,poor,,rust,,"Match Score: 27%

Strong matches:
✓ Profile captured

Potential gap:
! rust
! Seniority mismatch

Why this job matches:
This role only partially overlaps with your current skills and preferences.",2026-09-04T19:49:19.865Z,2026-09-04T19:51:32.217Z,pending,,
65053e4c-bb21-456e-acfb-959fb93e8e65,baaedf71-9bd7-48da-8120-c69651880dc7,job_scraped_61f97fd78d,27,poor,,engineering,,"Match Score: 27%

Strong matches:
✓ Profile captured

Potential gap:
! engineering
! Seniority mismatch

Why this job matches:
This role only partially overlaps with your current skills and preferences.",2026-09-04T19:49:20.166Z,2026-09-04T19:51:32.785Z,pending,,
9c651b9e-38aa-4459-a17d-e3ed0b270224,baaedf71-9bd7-48da-8120-c69651880dc7,job_scraped_7001e11d90,30,poor,,engineering,,"Match Score: 30%

Strong matches:
✓ Profile captured

Potential gap:
! engineering

Why this job matches:
This role only partially overlaps with your current skills and preferences.",2026-09-04T19:49:20.615Z,2026-09-04T19:51:33.217Z,pending,,
28cd0cc1-9757-4f90-8703-47daf7280cdc,baaedf71-9bd7-48da-8120-c69651880dc7,job_scraped_21f21d6afc,30,poor,,marketing,,"Match Score: 30%

Strong matches:
✓ Profile captured

Potential gap:
! marketing

Why this job matches:
This role only partially overlaps with your current skills and preferences.",2026-09-04T19:49:21.524Z,2026-09-04T19:51:33.793Z,pending,,
0b2026bf-5524-4a6e-b63f-d57cf9f1266f,baaedf71-9bd7-48da-8120-c69651880dc7,job_scraped_6ed6d0965a,30,poor,,finance,,"Match Score: 30%

Strong matches:
✓ Profile captured

Potential gap:
! finance

Why this job matches:
This role only partially overlaps with your current skills and preferences.",2026-09-04T19:49:22.022Z,2026-09-04T19:51:34.302Z,pending,,
21d0c3a0-475a-44dc-b5fd-955d9e48f869,baaedf71-9bd7-48da-8120-c69651880dc7,job_scraped_f60b106cbf,30,poor,,finance,,"Match Score: 30%

Strong matches:
✓ Profile captured

Potential gap:
! finance

Why this job matches:
This role only partially overlaps with your current skills and preferences.",2026-09-04T19:49:22.940Z,2026-09-04T19:51:35.053Z,pending,,
70a3d97b-c63a-4a50-92e7-9d949c161b45,baaedf71-9bd7-48da-8120-c69651880dc7,job_scraped_02f3d7369e,30,poor,,engineering,,"Match Score: 30%

Strong matches:
✓ Profile captured

Potential gap:
! engineering

Why this job matches:
This role only partially overlaps with your current skills and preferences.",2026-09-04T19:49:23.799Z,2026-09-04T19:51:35.701Z,pending,,
7e4c8410-2d4a-40e2-9066-e9f24e62157c,baaedf71-9bd7-48da-8120-c69651880dc7,job_scraped_d1d65c237d,30,poor,,finance,,"Match Score: 30%

Strong matches:
✓ Profile captured

Potential gap:
! finance

Why this job matches:
This role only partially overlaps with your current skills and preferences.",2026-09-04T19:49:24.282Z,2026-09-04T19:51:36.169Z,pending,,
4cba3d4d-6df6-4ae3-8f5b-73929d5b4c40,baaedf71-9bd7-48da-8120-c69651880dc7,job_scraped_3e52c165a8,30,poor,,engineering,,"Match Score: 30%

Strong matches:
✓ Profile captured

Potential gap:
! engineering

Why this job matches:
This role only partially overlaps with your current skills and preferences.",2026-09-04T19:49:24.698Z,2026-09-04T19:51:36.514Z,pending,,
2ce08a77-0fe0-4d15-b0af-ccdcdfecd3db,baaedf71-9bd7-48da-8120-c69651880dc7,job_scraped_9b904a0a9a,27,poor,,finance,,"Match Score: 27%

Strong matches:
✓ Profile captured

Potential gap:
! finance
! Seniority mismatch

Why this job matches:
This role only partially overlaps with your current skills and preferences.",2026-09-04T19:49:25.153Z,2026-09-04T19:51:37.156Z,pending,,
70fa252a-9402-46ae-b17d-42441316f246,baaedf71-9bd7-48da-8120-c69651880dc7,job_scraped_07f9d8f9f7,30,poor,,hr,,"Match Score: 30%

Strong matches:
✓ Profile captured

Potential gap:
! hr

Why this job matches:
This role only partially overlaps with your current skills and preferences.",2026-09-04T19:49:25.665Z,2026-09-04T19:51:37.849Z,pending,,
b3c0d57c-767a-4c4f-b78b-a41df5bec0a6,baaedf71-9bd7-48da-8120-c69651880dc7,job_scraped_4c25cea1f1,33,poor,,hr,,"Match Score: 33%

Strong matches:
✓ Profile captured

Potential gap:
! hr

Why this job matches:
This role only partially overlaps with your current skills and preferences.",2026-09-04T19:49:26.229Z,2026-09-04T19:51:38.360Z,pending,,
8a73ef2a-628d-474f-84e6-0c26ce5cd2af,baaedf71-9bd7-48da-8120-c69651880dc7,job_scraped_221511464b,30,poor,,product management,,"Match Score: 30%

Strong matches:
✓ Profile captured

Potential gap:
! product management
! Seniority mismatch

Why this job matches:
This role only partially overlaps with your current skills and preferences.",2026-09-04T19:49:26.574Z,2026-09-04T19:51:41.145Z,pending,,
fa79aeb1-ef21-4e9b-b6d1-4f8c9ff7ebef,baaedf71-9bd7-48da-8120-c69651880dc7,job_scraped_b26583e008,33,poor,,hr,,"Match Score: 33%

Strong matches:
✓ Profile captured

Potential gap:
! hr

Why this job matches:
This role only partially overlaps with your current skills and preferences.",2026-09-04T19:49:28.733Z,2026-09-04T19:51:42.665Z,pending,,
a9681581-9b78-4ce9-9883-f899bfdf8ade,baaedf71-9bd7-48da-8120-c69651880dc7,job_scraped_5584688bcf,33,poor,,hr,,"Match Score: 33%

Strong matches:
✓ Profile captured

Potential gap:
! hr

Why this job matches:
This role only partially overlaps with your current skills and preferences.",2026-09-04T19:49:29.747Z,2026-09-04T19:51:43.298Z,pending,,
a9ebc076-5a84-40d3-8c68-d00f07cf1429,baaedf71-9bd7-48da-8120-c69651880dc7,job_scraped_782831c761,33,poor,,hr,,"Match Score: 33%

Strong matches:
✓ Profile captured

Potential gap:
! hr

Why this job matches:
This role only partially overlaps with your current skills and preferences.",2026-09-04T19:49:30.739Z,2026-09-04T19:51:43.956Z,pending,,
4b5831bc-77d2-4aab-8481-edbd69965d62,baaedf71-9bd7-48da-8120-c69651880dc7,job_scraped_21d2b24d7b,30,poor,,compliance,,"Match Score: 30%

Strong matches:
✓ Profile captured

Potential gap:
! compliance

Why this job matches:
This role only partially overlaps with your current skills and preferences.",2026-09-04T19:49:31.703Z,2026-09-04T19:51:44.350Z,pending,,
f26e10b2-fd17-4f20-b50d-419d2ddcbc34,baaedf71-9bd7-48da-8120-c69651880dc7,job_scraped_3e505a5c1e,30,poor,,engineering,,"Match Score: 30%

Strong matches:
✓ Profile captured

Potential gap:
! engineering

Why this job matches:
This role only partially overlaps with your current skills and preferences.",2026-09-04T19:49:32.606Z,2026-09-04T19:51:45.354Z,pending,,
f255f6f5-24c1-490d-9581-ada8d0ff06bd,baaedf71-9bd7-48da-8120-c69651880dc7,job_scraped_2926d84978,30,poor,,compliance|product management,,"Match Score: 30%

Strong matches:
✓ Profile captured

Potential gap:
! compliance
! product management

Why this job matches:
This role only partially overlaps with your current skills and preferences.",2026-09-04T19:49:33.181Z,2026-09-04T19:51:46.876Z,pending,,
f0c6be37-3a76-4b97-bee9-1dcb86c7ce74,baaedf71-9bd7-48da-8120-c69651880dc7,job_scraped_c98566dcbc,30,poor,,compliance,,"Match Score: 30%

Strong matches:
✓ Profile captured

Potential gap:
! compliance

Why this job matches:
This role only partially overlaps with your current skills and preferences.",2026-09-04T19:49:34.048Z,2026-09-04T19:51:47.819Z,pending,,
ed0fd791-cf0a-45d9-a0b5-f0fcdfb3b2ac,baaedf71-9bd7-48da-8120-c69651880dc7,job_scraped_82effb8909,30,poor,,compliance,,"Match Score: 30%

Strong matches:
✓ Profile captured

Potential gap:
! compliance

Why this job matches:
This role only partially overlaps with your current skills and preferences.",2026-09-04T19:49:34.925Z,2026-09-04T19:51:48.534Z,pending,,
b4096efb-6966-4f68-ba34-93f248ef7821,baaedf71-9bd7-48da-8120-c69651880dc7,job_scraped_86d13cb184,30,poor,,compliance,,"Match Score: 30%

Strong matches:
✓ Profile captured

Potential gap:
! compliance

Why this job matches:
This role only partially overlaps with your current skills and preferences.",2026-09-04T19:49:35.663Z,2026-09-04T19:51:49.285Z,pending,,
0fbab7a1-1973-44aa-bdb4-f3f785758ba8,baaedf71-9bd7-48da-8120-c69651880dc7,job_scraped_9dbf5cff53,30,poor,,compliance,,"Match Score: 30%

Strong matches:
✓ Profile captured

Potential gap:
! compliance

Why this job matches:
This role only partially overlaps with your current skills and preferences.",2026-09-04T19:49:36.452Z,2026-09-04T19:51:49.870Z,pending,,
2d518c94-46d6-46aa-9c8d-8467d52ff58c,baaedf71-9bd7-48da-8120-c69651880dc7,job_scraped_ee07d8fbc6,30,poor,,compliance,,"Match Score: 30%

Strong matches:
✓ Profile captured

Potential gap:
! compliance

Why this job matches:
This role only partially overlaps with your current skills and preferences.",2026-09-04T19:49:37.703Z,2026-09-04T19:51:50.588Z,pending,,
4611c183-fabf-4163-8de5-ae4da7ef9a27,baaedf71-9bd7-48da-8120-c69651880dc7,job_scraped_0020051f0b,30,poor,,engineering,,"Match Score: 30%

Strong matches:
✓ Profile captured

Potential gap:
! engineering

Why this job matches:
This role only partially overlaps with your current skills and preferences.",2026-09-04T19:49:38.768Z,2026-09-04T19:51:51.155Z,pending,,
18bac614-5cc9-4aa2-acfd-809f3c668204,baaedf71-9bd7-48da-8120-c69651880dc7,job_scraped_8540205a20,30,poor,,engineering,,"Match Score: 30%

Strong matches:
✓ Profile captured

Potential gap:
! engineering

Why this job matches:
This role only partially overlaps with your current skills and preferences.",2026-09-04T19:49:40.288Z,2026-09-04T19:51:51.548Z,pending,,
14e8029b-2a35-42b3-968f-75556a315852,baaedf71-9bd7-48da-8120-c69651880dc7,job_scraped_80679db918,30,poor,,engineering,,"Match Score: 30%

Strong matches:
✓ Profile captured

Potential gap:
! engineering

Why this job matches:
This role only partially overlaps with your current skills and preferences.",2026-09-04T19:49:41.087Z,2026-09-04T19:51:52.000Z,pending,,
7b0d3236-f479-41be-a946-5a0184b1ccb4,baaedf71-9bd7-48da-8120-c69651880dc7,job_scraped_3055cca00e,30,poor,,legal,,"Match Score: 30%

Strong matches:
✓ Profile captured

Potential gap:
! legal

Why this job matches:
This role only partially overlaps with your current skills and preferences.",2026-09-04T19:49:42.000Z,2026-09-04T19:51:52.565Z,pending,,
5d439c3b-bb30-4004-b7f6-2bc43435077a,baaedf71-9bd7-48da-8120-c69651880dc7,job_scraped_d533cfba6f,30,poor,,legal,,"Match Score: 30%

Strong matches:
✓ Profile captured

Potential gap:
! legal

Why this job matches:
This role only partially overlaps with your current skills and preferences.",2026-09-04T19:49:43.319Z,2026-09-04T19:51:53.027Z,pending,,
5979d22c-6786-4a82-8ce5-ff56ca1dc5ac,baaedf71-9bd7-48da-8120-c69651880dc7,job_scraped_2d9e75c5e3,30,poor,,legal,,"Match Score: 30%

Strong matches:
✓ Profile captured

Potential gap:
! legal

Why this job matches:
This role only partially overlaps with your current skills and preferences.",2026-09-04T19:49:44.520Z,2026-09-04T19:51:53.528Z,pending,,
7866d396-0761-4b9e-b947-1e8da63456ca,baaedf71-9bd7-48da-8120-c69651880dc7,job_scraped_07c39fc0d3,30,poor,,legal,,"Match Score: 30%

Strong matches:
✓ Profile captured

Potential gap:
! legal

Why this job matches:
This role only partially overlaps with your current skills and preferences.",2026-09-04T19:49:46.237Z,2026-09-04T19:51:54.214Z,pending,,
9c78ddff-2edb-4497-ac08-f3de94040820,baaedf71-9bd7-48da-8120-c69651880dc7,job_scraped_b3f6dd07a0,30,poor,,legal,,"Match Score: 30%

Strong matches:
✓ Profile captured

Potential gap:
! legal

Why this job matches:
This role only partially overlaps with your current skills and preferences.",2026-09-04T19:49:47.092Z,2026-09-04T19:51:54.870Z,pending,,
bfb4f18b-910e-40c0-9276-33091bb70589,baaedf71-9bd7-48da-8120-c69651880dc7,job_scraped_9ba5ac9914,30,poor,,legal,,"Match Score: 30%

Strong matches:
✓ Profile captured

Potential gap:
! legal

Why this job matches:
This role only partially overlaps with your current skills and preferences.",2026-09-04T19:49:47.556Z,2026-09-04T19:51:55.390Z,pending,,
13c97519-bcdc-4c0c-b169-b91fed4c931f,baaedf71-9bd7-48da-8120-c69651880dc7,job_scraped_99a0c3ef15,30,poor,,legal,,"Match Score: 30%

Strong matches:
✓ Profile captured

Potential gap:
! legal

Why this job matches:
This role only partially overlaps with your current skills and preferences.",2026-09-04T19:49:48.183Z,2026-09-04T19:51:55.870Z,pending,,
24112488-ea70-4e88-b205-270a1bfb3cf4,baaedf71-9bd7-48da-8120-c69651880dc7,job_scraped_4713eedc1b,27,poor,,legal,,"Match Score: 27%

Strong matches:
✓ Profile captured

Potential gap:
! legal
! Seniority mismatch

Why this job matches:
This role only partially overlaps with your current skills and preferences.",2026-09-04T19:49:50.303Z,2026-09-04T19:51:56.951Z,pending,,
fb020624-d692-49e6-9cb3-27c18157e917,baaedf71-9bd7-48da-8120-c69651880dc7,job_scraped_74cf15fa6e,30,poor,,sales,,"Match Score: 30%

Strong matches:
✓ Profile captured

Potential gap:
! sales

Why this job matches:
This role only partially overlaps with your current skills and preferences.",2026-09-04T19:49:51.293Z,2026-09-04T19:51:57.651Z,pending,,
9f5f6253-1445-48d8-98ae-1d4f5adf41e8,baaedf71-9bd7-48da-8120-c69651880dc7,job_scraped_80df6e91e8,30,poor,,sales,,"Match Score: 30%

Strong matches:
✓ Profile captured

Potential gap:
! sales

Why this job matches:
This role only partially overlaps with your current skills and preferences.",2026-09-04T19:49:52.243Z,2026-09-04T19:51:58.342Z,pending,,
fd5e88ce-d46f-4aa6-884d-334ec5c69f7f,baaedf71-9bd7-48da-8120-c69651880dc7,job_scraped_9ce1cc77fd,30,poor,,community,,"Match Score: 30%

Strong matches:
✓ Profile captured

Potential gap:
! community

Why this job matches:
This role only partially overlaps with your current skills and preferences.",2026-09-04T19:49:53.180Z,2026-09-04T19:51:58.780Z,pending,,
e43705b0-85a6-4244-b927-f7c615be923b,baaedf71-9bd7-48da-8120-c69651880dc7,job_scraped_38993c21f6,30,poor,,community,,"Match Score: 30%

Strong matches:
✓ Profile captured

Potential gap:
! community

Why this job matches:
This role only partially overlaps with your current skills and preferences.",2026-09-04T19:49:54.164Z,2026-09-04T19:51:59.333Z,pending,,
7f30edd3-ffe1-4220-9c19-bf6ae98204c8,baaedf71-9bd7-48da-8120-c69651880dc7,job_scraped_b53918501f,30,poor,,community,,"Match Score: 30%

Strong matches:
✓ Profile captured

Potential gap:
! community

Why this job matches:
This role only partially overlaps with your current skills and preferences.",2026-09-04T19:49:55.167Z,2026-09-04T19:52:00.428Z,pending,,
d795031c-8907-46db-b3d9-c1e5fbb14cb3,baaedf71-9bd7-48da-8120-c69651880dc7,job_scraped_5fb696ace0,30,poor,,community,,"Match Score: 30%

Strong matches:
✓ Profile captured

Potential gap:
! community

Why this job matches:
This role only partially overlaps with your current skills and preferences.",2026-09-04T19:49:56.708Z,2026-09-04T19:52:01.448Z,pending,,
795cea9b-c3be-4091-ac50-7f3fb8471f75,baaedf71-9bd7-48da-8120-c69651880dc7,job_scraped_b0f6cfb429,30,poor,,engineering,,"Match Score: 30%

Strong matches:
✓ Profile captured

Potential gap:
! engineering

Why this job matches:
This role only partially overlaps with your current skills and preferences.",2026-09-04T19:49:57.342Z,2026-09-04T19:52:02.468Z,pending,,
7d0f8dbe-ebbb-454e-a1fb-c7c02f0caa5e,baaedf71-9bd7-48da-8120-c69651880dc7,job_scraped_c212960ab6,30,poor,,engineering,,"Match Score: 30%

Strong matches:
✓ Profile captured

Potential gap:
! engineering

Why this job matches:
This role only partially overlaps with your current skills and preferences.",2026-09-04T19:49:58.158Z,2026-09-04T19:52:03.464Z,pending,,
8fc5981b-0da5-48be-9a76-db5231fa209d,baaedf71-9bd7-48da-8120-c69651880dc7,job_scraped_cd66b7f716,30,poor,,engineering,,"Match Score: 30%

Strong matches:
✓ Profile captured

Potential gap:
! engineering

Why this job matches:
This role only partially overlaps with your current skills and preferences.",2026-09-04T19:49:58.682Z,2026-09-04T19:52:04.239Z,pending,,
67c76cd8-c10c-439e-83c4-9e3301c5f7b7,baaedf71-9bd7-48da-8120-c69651880dc7,job_scraped_f79f3f0432,30,poor,,marketing,,"Match Score: 30%

Strong matches:
✓ Profile captured

Potential gap:
! marketing

Why this job matches:
This role only partially overlaps with your current skills and preferences.",2026-09-04T19:49:59.645Z,2026-09-04T19:52:05.248Z,pending,,
e197a0d0-2f45-4afb-8e8e-adaf48bf90a5,baaedf71-9bd7-48da-8120-c69651880dc7,job_scraped_7bdb28c6ca,30,poor,,marketing,,"Match Score: 30%

Strong matches:
✓ Profile captured

Potential gap:
! marketing

Why this job matches:
This role only partially overlaps with your current skills and preferences.",2026-09-04T19:50:00.732Z,2026-09-04T19:52:06.099Z,pending,,
32dbe208-f129-4294-84e1-78f3f716eb28,baaedf71-9bd7-48da-8120-c69651880dc7,job_scraped_057a75be2d,30,poor,,sales,,"Match Score: 30%

Strong matches:
✓ Profile captured

Potential gap:
! sales

Why this job matches:
This role only partially overlaps with your current skills and preferences.",2026-09-04T19:50:01.653Z,2026-09-04T19:52:06.562Z,pending,,
8ee6900e-ab50-41c3-9111-87e598c720d3,baaedf71-9bd7-48da-8120-c69651880dc7,job_scraped_b33c1c4fca,27,poor,,marketing,,"Match Score: 27%

Strong matches:
✓ Profile captured

Potential gap:
! marketing
! Seniority mismatch

Why this job matches:
This role only partially overlaps with your current skills and preferences.",2026-09-04T19:50:02.460Z,2026-09-04T19:52:07.989Z,pending,,
7a97b08c-72a8-43e5-9e32-df279c90c0d1,baaedf71-9bd7-48da-8120-c69651880dc7,job_scraped_54759bd361,30,poor,,sales,,"Match Score: 30%

Strong matches:
✓ Profile captured

Potential gap:
! sales

Why this job matches:
This role only partially overlaps with your current skills and preferences.",2026-09-04T19:50:03.136Z,2026-09-04T19:52:08.828Z,pending,,
651f0dd6-4ea6-4d5d-9d35-07e5e360c079,baaedf71-9bd7-48da-8120-c69651880dc7,job_scraped_f4ca16ec7f,30,poor,,engineering,,"Match Score: 30%

Strong matches:
✓ Profile captured

Potential gap:
! engineering

Why this job matches:
This role only partially overlaps with your current skills and preferences.",2026-09-04T19:50:03.858Z,2026-09-04T19:52:09.648Z,pending,,
15309c3b-0ae3-4635-a8fe-c5aad0d3ff86,baaedf71-9bd7-48da-8120-c69651880dc7,job_scraped_0a7f18fc6b,30,poor,,engineering,,"Match Score: 30%

Strong matches:
✓ Profile captured

Potential gap:
! engineering

Why this job matches:
This role only partially overlaps with your current skills and preferences.",2026-09-04T19:50:05.734Z,2026-09-04T19:52:10.396Z,pending,,
e2522bda-d083-4587-b6df-0f18ea9127e5,baaedf71-9bd7-48da-8120-c69651880dc7,job_scraped_339b58f664,30,poor,,engineering,,"Match Score: 30%

Strong matches:
✓ Profile captured

Potential gap:
! engineering

Why this job matches:
This role only partially overlaps with your current skills and preferences.",2026-09-04T19:50:06.736Z,2026-09-04T19:52:11.390Z,pending,,
2fa7adca-857d-42cb-8182-a9e81dc22189,baaedf71-9bd7-48da-8120-c69651880dc7,job_scraped_ba2a27bf21,30,poor,,engineering,,"Match Score: 30%

Strong matches:
✓ Profile captured

Potential gap:
! engineering

Why this job matches:
This role only partially overlaps with your current skills and preferences.",2026-09-04T19:50:07.242Z,2026-09-04T19:52:12.736Z,pending,,
e68d6bcd-b89a-4fed-8a89-ae8f3a17ad38,baaedf71-9bd7-48da-8120-c69651880dc7,job_scraped_a770046048,30,poor,,engineering,,"Match Score: 30%

Strong matches:
✓ Profile captured

Potential gap:
! engineering

Why this job matches:
This role only partially overlaps with your current skills and preferences.",2026-09-04T19:50:07.808Z,2026-09-04T19:52:13.796Z,pending,,
0c9da21b-f72b-4d38-bc9d-86ccb6bb665f,baaedf71-9bd7-48da-8120-c69651880dc7,job_scraped_92583f799d,30,poor,,design,,"Match Score: 30%

Strong matches:
✓ Profile captured

Potential gap:
! design

Why this job matches:
This role only partially overlaps with your current skills and preferences.",2026-09-04T19:50:08.533Z,2026-09-04T19:52:17.265Z,pending,,
42dea944-8ea9-4b32-84c4-9c2083d3e1b5,baaedf71-9bd7-48da-8120-c69651880dc7,job_scraped_a53e9f1f4c,30,poor,,sales,,"Match Score: 30%

Strong matches:
✓ Profile captured

Potential gap:
! sales

Why this job matches:
This role only partially overlaps with your current skills and preferences.",2026-09-04T19:50:09.068Z,2026-09-04T19:52:18.740Z,pending,,
540db38e-ceb3-4db6-96b3-ea09eb42edbe,baaedf71-9bd7-48da-8120-c69651880dc7,job_scraped_17d7eea427,30,poor,,marketing,,"Match Score: 30%

Strong matches:
✓ Profile captured

Potential gap:
! marketing

Why this job matches:
This role only partially overlaps with your current skills and preferences.",2026-09-04T19:50:09.732Z,2026-09-04T19:52:19.374Z,pending,,
bb725639-ae93-4efb-a948-4ef63ffc0af7,baaedf71-9bd7-48da-8120-c69651880dc7,job_scraped_69e80f3212,30,poor,,research,,"Match Score: 30%

Strong matches:
✓ Profile captured

Potential gap:
! research

Why this job matches:
This role only partially overlaps with your current skills and preferences.",2026-09-04T19:50:10.094Z,2026-09-04T19:52:20.154Z,pending,,
a830f8ca-1ad2-4fcc-be4f-80551138ef10,baaedf71-9bd7-48da-8120-c69651880dc7,job_scraped_d47c76c227,30,poor,,engineering,,"Match Score: 30%

Strong matches:
✓ Profile captured

Potential gap:
! engineering

Why this job matches:
This role only partially overlaps with your current skills and preferences.",2026-09-04T19:50:10.811Z,2026-09-04T19:52:21.440Z,pending,,
0c0e5111-5001-458f-8246-979b4a016461,baaedf71-9bd7-48da-8120-c69651880dc7,job_scraped_fceaffeb7e,30,poor,,operations,,"Match Score: 30%

Strong matches:
✓ Profile captured

Potential gap:
! operations

Why this job matches:
This role only partially overlaps with your current skills and preferences.",2026-09-04T19:50:11.282Z,2026-09-04T19:52:22.696Z,pending,,
4c3df946-8054-440b-97d6-3df49c27ef96,baaedf71-9bd7-48da-8120-c69651880dc7,job_scraped_66431ff58e,30,poor,,engineering,,"Match Score: 30%

Strong matches:
✓ Profile captured

Potential gap:
! engineering

Why this job matches:
This role only partially overlaps with your current skills and preferences.",2026-09-04T19:50:13.457Z,2026-09-04T19:52:24.157Z,pending,,
21693629-7353-4108-9885-ec9da23a2d54,baaedf71-9bd7-48da-8120-c69651880dc7,job_scraped_d523efbe23,30,poor,,research,,"Match Score: 30%

Strong matches:
✓ Profile captured

Potential gap:
! research

Why this job matches:
This role only partially overlaps with your current skills and preferences.",2026-09-04T19:50:14.591Z,2026-09-04T19:52:25.648Z,pending,,
2a4a761d-15be-44bc-b9a7-57f50ad401ea,baaedf71-9bd7-48da-8120-c69651880dc7,job_scraped_57fe6b926c,30,poor,,community,,"Match Score: 30%

Strong matches:
✓ Profile captured

Potential gap:
! community

Why this job matches:
This role only partially overlaps with your current skills and preferences.",2026-09-04T19:50:15.077Z,2026-09-04T19:52:27.249Z,pending,,
b8448f7f-465a-4ff4-bd22-6902782a8e2e,baaedf71-9bd7-48da-8120-c69651880dc7,job_scraped_0ca3600059,30,poor,,engineering,,"Match Score: 30%

Strong matches:
✓ Profile captured

Potential gap:
! engineering

Why this job matches:
This role only partially overlaps with your current skills and preferences.",2026-09-04T19:50:15.626Z,2026-09-04T19:52:28.990Z,pending,,
be612ad4-ef4e-424d-be7a-87dfed5423fb,baaedf71-9bd7-48da-8120-c69651880dc7,job_scraped_4312dae28d,30,poor,,engineering,,"Match Score: 30%

Strong matches:
✓ Profile captured

Potential gap:
! engineering

Why this job matches:
This role only partially overlaps with your current skills and preferences.",2026-09-04T19:50:16.339Z,2026-09-04T19:52:29.341Z,pending,,
289fc741-0247-4b49-b9f8-e62d67faf109,baaedf71-9bd7-48da-8120-c69651880dc7,job_scraped_48cb8a3bcf,30,poor,,research,,"Match Score: 30%

Strong matches:
✓ Profile captured

Potential gap:
! research

Why this job matches:
This role only partially overlaps with your current skills and preferences.",2026-09-04T19:50:16.920Z,2026-09-04T19:52:29.999Z,pending,,
fc2bc820-619c-482c-9f52-594f815b7147,baaedf71-9bd7-48da-8120-c69651880dc7,job_scraped_583ee989ce,30,poor,,marketing,,"Match Score: 30%

Strong matches:
✓ Profile captured

Potential gap:
! marketing

Why this job matches:
This role only partially overlaps with your current skills and preferences.",2026-09-04T19:50:17.551Z,2026-09-04T19:52:31.517Z,pending,,
bc4520d1-45d2-4271-ace4-3022aded7fae,baaedf71-9bd7-48da-8120-c69651880dc7,job_scraped_2741ba7961,30,poor,,engineering,,"Match Score: 30%

Strong matches:
✓ Profile captured

Potential gap:
! engineering

Why this job matches:
This role only partially overlaps with your current skills and preferences.",2026-09-04T19:50:18.171Z,2026-09-04T19:52:33.397Z,pending,,
48386328-f87e-4c5b-a68e-bfe463c2c232,baaedf71-9bd7-48da-8120-c69651880dc7,job_scraped_81939b6983,30,poor,,marketing,,"Match Score: 30%

Strong matches:
✓ Profile captured

Potential gap:
! marketing

Why this job matches:
This role only partially overlaps with your current skills and preferences.",2026-09-04T19:50:18.706Z,2026-09-04T19:52:34.346Z,pending,,
bcf94123-ff2a-42d4-9f63-df9af0b6fc17,baaedf71-9bd7-48da-8120-c69651880dc7,job_scraped_1182ccd5e4,30,poor,,marketing,,"Match Score: 30%

Strong matches:
✓ Profile captured

Potential gap:
! marketing

Why this job matches:
This role only partially overlaps with your current skills and preferences.",2026-09-04T19:50:20.447Z,2026-09-04T19:52:34.976Z,pending,,
1490a274-2e18-44d8-850f-665a15dc09f9,baaedf71-9bd7-48da-8120-c69651880dc7,job_scraped_a3f4babe6c,27,poor,,marketing|product management,,"Match Score: 27%

Strong matches:
✓ Profile captured

Potential gap:
! marketing
! product management
! Seniority mismatch

Why this job matches:
This role only partially overlaps with your current skills and preferences.",2026-09-04T19:50:21.352Z,2026-09-04T19:52:35.709Z,pending,,
805dff58-44ae-49dd-b859-55c3371cf915,baaedf71-9bd7-48da-8120-c69651880dc7,job_scraped_86fa6feb85,30,poor,,engineering,,"Match Score: 30%

Strong matches:
✓ Profile captured

Potential gap:
! engineering

Why this job matches:
This role only partially overlaps with your current skills and preferences.",2026-09-04T19:50:22.959Z,2026-09-04T19:52:36.769Z,pending,,
ee2b8378-253e-4116-a36e-e9975a2e9979,baaedf71-9bd7-48da-8120-c69651880dc7,job_scraped_f6e1de9c47,30,poor,,marketing,,"Match Score: 30%

Strong matches:
✓ Profile captured

Potential gap:
! marketing

Why this job matches:
This role only partially overlaps with your current skills and preferences.",2026-09-04T19:50:24.668Z,2026-09-04T19:52:37.754Z,pending,,
0dac2665-dfc9-40a6-9578-4f216f1c3449,baaedf71-9bd7-48da-8120-c69651880dc7,job_scraped_53d862e051,27,poor,,marketing,,"Match Score: 27%

Strong matches:
✓ Profile captured

Potential gap:
! marketing
! Seniority mismatch

Why this job matches:
This role only partially overlaps with your current skills and preferences.",2026-09-04T19:50:25.793Z,2026-09-04T19:52:39.069Z,pending,,
ee2d8941-a783-40d4-9dc0-11f2928de632,baaedf71-9bd7-48da-8120-c69651880dc7,job_scraped_dd98180d02,27,poor,,marketing,,"Match Score: 27%

Strong matches:
✓ Profile captured

Potential gap:
! marketing
! Seniority mismatch

Why this job matches:
This role only partially overlaps with your current skills and preferences.",2026-09-04T19:50:26.675Z,2026-09-04T19:52:39.872Z,pending,,
1d9795bf-1d1f-4433-8994-2874612acbcf,baaedf71-9bd7-48da-8120-c69651880dc7,job_scraped_158ed218d2,27,poor,,marketing,,"Match Score: 27%

Strong matches:
✓ Profile captured

Potential gap:
! marketing
! Seniority mismatch

Why this job matches:
This role only partially overlaps with your current skills and preferences.",2026-09-04T19:50:27.781Z,2026-09-04T19:52:40.615Z,pending,,
d926b4ef-43fd-4ab3-bf3f-5c7067a94ca7,baaedf71-9bd7-48da-8120-c69651880dc7,job_scraped_fad28ee703,27,poor,,engineering,,"Match Score: 27%

Strong matches:
✓ Profile captured

Potential gap:
! engineering
! Seniority mismatch

Why this job matches:
This role only partially overlaps with your current skills and preferences.",2026-09-04T19:50:28.758Z,2026-09-04T19:52:41.061Z,pending,,
256bd45a-5773-43f6-9ae0-ce224460f008,baaedf71-9bd7-48da-8120-c69651880dc7,job_scraped_fe3bd4e7b4,30,poor,,engineering,,"Match Score: 30%

Strong matches:
✓ Profile captured

Potential gap:
! engineering

Why this job matches:
This role only partially overlaps with your current skills and preferences.",2026-09-04T19:50:31.303Z,2026-09-04T19:52:41.533Z,pending,,
12d2d100-5363-45dd-98aa-cf78a2e90cd7,baaedf71-9bd7-48da-8120-c69651880dc7,job_scraped_f67442768a,30,poor,,community,,"Match Score: 30%

Strong matches:
✓ Profile captured

Potential gap:
! community

Why this job matches:
This role only partially overlaps with your current skills and preferences.",2026-09-04T19:50:32.507Z,2026-09-04T19:52:42.960Z,pending,,
6ceaf149-9a11-48d6-81dc-644cf2689051,baaedf71-9bd7-48da-8120-c69651880dc7,job_scraped_e18de85b49,30,poor,,marketing,,"Match Score: 30%

Strong matches:
✓ Profile captured

Potential gap:
! marketing

Why this job matches:
This role only partially overlaps with your current skills and preferences.",2026-09-04T19:50:33.393Z,2026-09-04T19:52:44.474Z,pending,,
7e84cd70-4e12-47fe-870b-130099cebdce,baaedf71-9bd7-48da-8120-c69651880dc7,job_scraped_8901a6f50b,30,poor,,operations,,"Match Score: 30%

Strong matches:
✓ Profile captured

Potential gap:
! operations

Why this job matches:
This role only partially overlaps with your current skills and preferences.",2026-09-04T19:50:34.142Z,2026-09-04T19:52:45.705Z,pending,,
995e2241-d1af-4f8e-adb9-b89d0d22b3c3,baaedf71-9bd7-48da-8120-c69651880dc7,job_scraped_98f9e781bf,30,poor,,product management,,"Match Score: 30%

Strong matches:
✓ Profile captured

Potential gap:
! product management

Why this job matches:
This role only partially overlaps with your current skills and preferences.",2026-09-04T19:50:34.887Z,2026-09-04T19:52:47.154Z,pending,,
0d33438f-0b48-4119-a83f-6934b2dbfae4,baaedf71-9bd7-48da-8120-c69651880dc7,job_scraped_0f570d4b55,30,poor,,product management,,"Match Score: 30%

Strong matches:
✓ Profile captured

Potential gap:
! product management

Why this job matches:
This role only partially overlaps with your current skills and preferences.",2026-09-04T19:50:35.517Z,2026-09-04T19:52:50.793Z,pending,,
dca4a86e-ce88-47b5-b132-b82dd09b9076,baaedf71-9bd7-48da-8120-c69651880dc7,job_scraped_030ef94067,30,poor,,engineering,,"Match Score: 30%

Strong matches:
✓ Profile captured

Potential gap:
! engineering

Why this job matches:
This role only partially overlaps with your current skills and preferences.",2026-09-04T19:50:36.194Z,2026-09-04T19:52:51.917Z,pending,,
bf163767-645a-4161-a863-73e080b28777,baaedf71-9bd7-48da-8120-c69651880dc7,job_scraped_8ba65d8648,30,poor,,operations,,"Match Score: 30%

Strong matches:
✓ Profile captured

Potential gap:
! operations

Why this job matches:
This role only partially overlaps with your current skills and preferences.",2026-09-04T19:50:36.796Z,2026-09-04T19:52:53.018Z,pending,,
7239b25b-105f-4da2-b450-ffd695c4537e,baaedf71-9bd7-48da-8120-c69651880dc7,job_scraped_4eeeb3ef04,30,poor,,research,,"Match Score: 30%

Strong matches:
✓ Profile captured

Potential gap:
! research

Why this job matches:
This role only partially overlaps with your current skills and preferences.",2026-09-04T19:50:37.694Z,2026-09-04T19:52:53.618Z,pending,,
0e616475-a028-4e3a-ad26-9a0af8fe9098,baaedf71-9bd7-48da-8120-c69651880dc7,job_scraped_087da62b96,30,poor,,operations,,"Match Score: 30%

Strong matches:
✓ Profile captured

Potential gap:
! operations

Why this job matches:
This role only partially overlaps with your current skills and preferences.",2026-09-04T19:50:38.922Z,2026-09-04T19:52:55.602Z,pending,,
7a1f3c30-9de3-46db-9200-218e3275f243,baaedf71-9bd7-48da-8120-c69651880dc7,job_scraped_63e3f30d12,30,poor,,operations,,"Match Score: 30%

Strong matches:
✓ Profile captured

Potential gap:
! operations

Why this job matches:
This role only partially overlaps with your current skills and preferences.",2026-09-04T19:50:40.527Z,2026-09-04T19:52:58.582Z,pending,,
52b25782-2200-4559-b685-71812b9ec161,baaedf71-9bd7-48da-8120-c69651880dc7,job_scraped_b862e5da65,30,poor,,product management,,"Match Score: 30%

Strong matches:
✓ Profile captured

Potential gap:
! product management

Why this job matches:
This role only partially overlaps with your current skills and preferences.",2026-09-04T19:50:41.464Z,2026-09-04T19:52:59.524Z,pending,,
7992dc30-e817-4550-a592-7c05bcfe34bf,baaedf71-9bd7-48da-8120-c69651880dc7,job_scraped_951943c593,30,poor,,trading|product management,,"Match Score: 30%

Strong matches:
✓ Profile captured

Potential gap:
! trading
! product management

Why this job matches:
This role only partially overlaps with your current skills and preferences.",2026-09-04T19:50:42.777Z,2026-09-04T19:53:01.856Z,pending,,
3869546d-dea1-4467-89cf-075f19411a4f,baaedf71-9bd7-48da-8120-c69651880dc7,job_scraped_668e64f986,30,poor,,product management,,"Match Score: 30%

Strong matches:
✓ Profile captured

Potential gap:
! product management

Why this job matches:
This role only partially overlaps with your current skills and preferences.",2026-09-04T19:50:44.214Z,2026-09-04T19:53:03.011Z,pending,,
355ba3bb-62d9-42f4-b0bc-bac46dd6402c,baaedf71-9bd7-48da-8120-c69651880dc7,job_scraped_a658c989d1,27,poor,,product management,,"Match Score: 27%

Strong matches:
✓ Profile captured

Potential gap:
! product management
! Seniority mismatch

Why this job matches:
This role only partially overlaps with your current skills and preferences.",2026-09-04T19:50:45.101Z,2026-09-04T19:53:04.172Z,pending,,
480678ee-3850-4092-a3ad-b51b043a2ff7,baaedf71-9bd7-48da-8120-c69651880dc7,job_scraped_0c18540e11,30,poor,,engineering,,"Match Score: 30%

Strong matches:
✓ Profile captured

Potential gap:
! engineering

Why this job matches:
This role only partially overlaps with your current skills and preferences.",2026-09-04T19:50:46.560Z,2026-09-04T19:53:05.571Z,pending,,
b7bdabe1-c046-41ba-b1d8-d9ffdf55df9f,baaedf71-9bd7-48da-8120-c69651880dc7,job_scraped_73bca702d9,30,poor,,operations,,"Match Score: 30%

Strong matches:
✓ Profile captured

Potential gap:
! operations

Why this job matches:
This role only partially overlaps with your current skills and preferences.",2026-09-04T19:50:47.791Z,2026-09-04T19:53:06.697Z,pending,,
2ce550c2-1c8e-4167-a74f-8b1a2a365e7c,baaedf71-9bd7-48da-8120-c69651880dc7,job_scraped_da1b6effc6,30,poor,,product management,,"Match Score: 30%

Strong matches:
✓ Profile captured

Potential gap:
! product management

Why this job matches:
This role only partially overlaps with your current skills and preferences.",2026-09-04T19:50:49.170Z,2026-09-04T19:53:07.490Z,pending,,
94075cf2-860a-4317-97a6-81e23741d0ab,baaedf71-9bd7-48da-8120-c69651880dc7,job_scraped_ed22c4c504,30,poor,,ai,,"Match Score: 30%

Strong matches:
✓ Profile captured

Potential gap:
! ai

Why this job matches:
This role only partially overlaps with your current skills and preferences.",2026-09-04T19:50:50.226Z,2026-09-04T19:53:09.243Z,pending,,
a5409975-d501-4d90-a137-1b5bccc5de65,baaedf71-9bd7-48da-8120-c69651880dc7,job_scraped_cbc0555bec,30,poor,,research,,"Match Score: 30%

Strong matches:
✓ Profile captured

Potential gap:
! research

Why this job matches:
This role only partially overlaps with your current skills and preferences.",2026-09-04T19:50:51.096Z,2026-09-04T19:53:11.153Z,pending,,
fa4472b1-590a-4b6c-ba00-f1184014ed47,baaedf71-9bd7-48da-8120-c69651880dc7,job_scraped_bfff9a032e,30,poor,,security,,"Match Score: 30%

Strong matches:
✓ Profile captured

Potential gap:
! security

Why this job matches:
This role only partially overlaps with your current skills and preferences.",2026-09-04T19:50:51.631Z,2026-09-04T19:53:12.957Z,pending,,
12fd0a1f-6b8a-4d0d-a865-70732da66b7a,baaedf71-9bd7-48da-8120-c69651880dc7,job_scraped_b64c26d7a5,30,poor,,quantitative analysis,,"Match Score: 30%

Strong matches:
✓ Profile captured

Potential gap:
! quantitative analysis

Why this job matches:
This role only partially overlaps with your current skills and preferences.",2026-09-04T19:50:52.443Z,2026-09-04T19:53:14.077Z,pending,,
5f8e80c3-46f1-4fa6-8fb6-2a388f8fd1ef,baaedf71-9bd7-48da-8120-c69651880dc7,job_scraped_5d5e343bcb,30,poor,,compliance,,"Match Score: 30%

Strong matches:
✓ Profile captured

Potential gap:
! compliance

Why this job matches:
This role only partially overlaps with your current skills and preferences.",2026-09-04T19:50:53.493Z,2026-09-04T19:53:14.914Z,pending,,
179ec56a-e7a0-4a08-9fa7-9b3ad40af1d0,baaedf71-9bd7-48da-8120-c69651880dc7,job_scraped_b54a452591,30,poor,,operations,,"Match Score: 30%

Strong matches:
✓ Profile captured

Potential gap:
! operations

Why this job matches:
This role only partially overlaps with your current skills and preferences.",2026-09-04T19:50:54.463Z,2026-09-04T19:53:15.594Z,pending,,
9b51de24-d189-4b03-82f1-34f6a615c28a,baaedf71-9bd7-48da-8120-c69651880dc7,job_scraped_5cdcb915ac,30,poor,,operations,,"Match Score: 30%

Strong matches:
✓ Profile captured

Potential gap:
! operations

Why this job matches:
This role only partially overlaps with your current skills and preferences.",2026-09-04T19:50:55.420Z,2026-09-04T19:53:16.053Z,pending,,
04125ba8-2685-4789-bce8-5a4fca1e2c69,baaedf71-9bd7-48da-8120-c69651880dc7,job_scraped_ee9c6d0e27,30,poor,,ai,,"Match Score: 30%

Strong matches:
✓ Profile captured

Potential gap:
! ai

Why this job matches:
This role only partially overlaps with your current skills and preferences.",2026-09-04T19:50:56.000Z,2026-09-04T19:53:16.741Z,pending,,
2b40a3ca-d053-46e7-adb8-a5095585f80d,baaedf71-9bd7-48da-8120-c69651880dc7,job_scraped_9224857b37,27,poor,,engineering,,"Match Score: 27%

Strong matches:
✓ Profile captured

Potential gap:
! engineering
! Seniority mismatch

Why this job matches:
This role only partially overlaps with your current skills and preferences.",2026-09-04T19:50:56.604Z,2026-09-04T19:53:17.673Z,pending,,
aead5f9e-8106-4248-9e33-996f4337cb6d,baaedf71-9bd7-48da-8120-c69651880dc7,job_scraped_be235924c0,27,poor,,engineering,,"Match Score: 27%

Strong matches:
✓ Profile captured

Potential gap:
! engineering
! Seniority mismatch

Why this job matches:
This role only partially overlaps with your current skills and preferences.",2026-09-04T19:50:57.776Z,2026-09-04T19:53:18.158Z,pending,,
fecf01db-59d8-4f5b-9668-0a15f0e41beb,baaedf71-9bd7-48da-8120-c69651880dc7,job_scraped_d7f12d7a0a,33,poor,,design,,"Match Score: 33%

Strong matches:
✓ Profile captured

Potential gap:
! design

Why this job matches:
This role only partially overlaps with your current skills and preferences.",2026-09-04T19:50:58.670Z,2026-09-04T19:53:18.720Z,pending,,
e73be5ca-6652-4e3d-825a-04646edffedc,baaedf71-9bd7-48da-8120-c69651880dc7,job_scraped_1c05bdc8e8,30,poor,,design,,"Match Score: 30%

Strong matches:
✓ Profile captured

Potential gap:
! design

Why this job matches:
This role only partially overlaps with your current skills and preferences.",2026-09-04T19:50:59.458Z,2026-09-04T19:53:19.256Z,pending,,
b208e976-5180-49ee-a4ab-adaf5e03a3e8,baaedf71-9bd7-48da-8120-c69651880dc7,job_scraped_c159963e4c,30,poor,,design,,"Match Score: 30%

Strong matches:
✓ Profile captured

Potential gap:
! design

Why this job matches:
This role only partially overlaps with your current skills and preferences.",2026-09-04T19:51:00.627Z,2026-09-04T19:53:19.779Z,pending,,
6deeea91-d696-4e98-8f32-f2096160d543,baaedf71-9bd7-48da-8120-c69651880dc7,job_scraped_2b8e0f6a7b,30,poor,,product management,,"Match Score: 30%

Strong matches:
✓ Profile captured

Potential gap:
! product management

Why this job matches:
This role only partially overlaps with your current skills and preferences.",2026-09-04T19:51:01.477Z,2026-09-04T19:53:20.174Z,pending,,
c8474a3e-5b98-469f-9f70-e7926c50547b,baaedf71-9bd7-48da-8120-c69651880dc7,job_scraped_a8ee142921,30,poor,,trading|product management,,"Match Score: 30%

Strong matches:
✓ Profile captured

Potential gap:
! trading
! product management

Why this job matches:
This role only partially overlaps with your current skills and preferences.",2026-09-04T19:51:02.760Z,2026-09-04T19:53:20.791Z,pending,,
c356c9ff-7120-45e9-92c1-413b9bd648bf,baaedf71-9bd7-48da-8120-c69651880dc7,job_scraped_c3687147c3,30,poor,,product management,,"Match Score: 30%

Strong matches:
✓ Profile captured

Potential gap:
! product management

Why this job matches:
This role only partially overlaps with your current skills and preferences.",2026-09-04T19:51:03.480Z,2026-09-04T19:53:21.328Z,pending,,
c8a71b9b-f0cf-412c-955d-420b0162e7ba,baaedf71-9bd7-48da-8120-c69651880dc7,job_scraped_c69b950d03,30,poor,,product management,,"Match Score: 30%

Strong matches:
✓ Profile captured

Potential gap:
! product management

Why this job matches:
This role only partially overlaps with your current skills and preferences.",2026-09-04T19:51:04.129Z,2026-09-04T19:53:21.943Z,pending,,
1b4d81dc-7672-4208-8bd9-29dd441b56a1,baaedf71-9bd7-48da-8120-c69651880dc7,job_scraped_bbb127beca,30,poor,,product management,,"Match Score: 30%

Strong matches:
✓ Profile captured

Potential gap:
! product management

Why this job matches:
This role only partially overlaps with your current skills and preferences.",2026-09-04T19:51:04.744Z,2026-09-04T19:53:22.834Z,pending,,
77ca4c4e-5394-41d8-8fff-1f46cf8df951,baaedf71-9bd7-48da-8120-c69651880dc7,job_scraped_ded03bad48,30,poor,,product management,,"Match Score: 30%

Strong matches:
✓ Profile captured

Potential gap:
! product management

Why this job matches:
This role only partially overlaps with your current skills and preferences.",2026-09-04T19:51:05.200Z,2026-09-04T19:53:23.321Z,pending,,
e93cab8b-c132-45cb-bd2f-d56b9ac8f840,baaedf71-9bd7-48da-8120-c69651880dc7,job_scraped_b431fbcf47,30,poor,,trading|product management,,"Match Score: 30%

Strong matches:
✓ Profile captured

Potential gap:
! trading
! product management

Why this job matches:
This role only partially overlaps with your current skills and preferences.",2026-09-04T19:51:05.816Z,2026-09-04T19:53:23.899Z,pending,,
370d5350-8ef9-4e46-b0c9-9dc9579e961a,baaedf71-9bd7-48da-8120-c69651880dc7,job_scraped_f24543f920,30,poor,,design,,"Match Score: 30%

Strong matches:
✓ Profile captured

Potential gap:
! design

Why this job matches:
This role only partially overlaps with your current skills and preferences.",2026-09-04T19:51:06.748Z,2026-09-04T19:53:24.613Z,pending,,
c4f58aa3-2f99-4586-9e8e-5c2cd1eeadcd,baaedf71-9bd7-48da-8120-c69651880dc7,job_scraped_f21ea7f131,30,poor,,product management,,"Match Score: 30%

Strong matches:
✓ Profile captured

Potential gap:
! product management

Why this job matches:
This role only partially overlaps with your current skills and preferences.",2026-09-04T19:51:07.733Z,2026-09-04T19:53:25.214Z,pending,,
a988058d-4cfb-4cfc-b7f4-3b4713864112,baaedf71-9bd7-48da-8120-c69651880dc7,job_scraped_18276f5f41,30,poor,,trading|product management,,"Match Score: 30%

Strong matches:
✓ Profile captured

Potential gap:
! trading
! product management

Why this job matches:
This role only partially overlaps with your current skills and preferences.",2026-09-04T19:51:08.036Z,2026-09-04T19:53:25.838Z,pending,,
46f31079-29a0-4b48-b5a1-ca026744006b,baaedf71-9bd7-48da-8120-c69651880dc7,job_scraped_678ba6d383,30,poor,,product management,,"Match Score: 30%

Strong matches:
✓ Profile captured

Potential gap:
! product management

Why this job matches:
This role only partially overlaps with your current skills and preferences.",2026-09-04T19:51:08.882Z,2026-09-04T19:53:27.099Z,pending,,
04cdae9b-d1c6-4642-b954-4a270d8b5feb,baaedf71-9bd7-48da-8120-c69651880dc7,job_scraped_7799549af0,30,poor,,product management,,"Match Score: 30%

Strong matches:
✓ Profile captured

Potential gap:
! product management

Why this job matches:
This role only partially overlaps with your current skills and preferences.",2026-09-04T19:51:09.428Z,2026-09-04T19:53:28.211Z,pending,,
31fb2abc-5834-4888-9adc-f8fcf8f570d3,baaedf71-9bd7-48da-8120-c69651880dc7,job_scraped_2cc8d6aee1,30,poor,,product management,,"Match Score: 30%

Strong matches:
✓ Profile captured

Potential gap:
! product management

Why this job matches:
This role only partially overlaps with your current skills and preferences.",2026-09-04T19:51:09.981Z,2026-09-04T19:53:28.930Z,pending,,
a880e470-31d8-4d41-a40c-34c37f70d541,baaedf71-9bd7-48da-8120-c69651880dc7,job_scraped_e985a52130,30,poor,,product management,,"Match Score: 30%

Strong matches:
✓ Profile captured

Potential gap:
! product management

Why this job matches:
This role only partially overlaps with your current skills and preferences.",2026-09-04T19:51:10.638Z,2026-09-04T19:53:31.477Z,pending,,
7998e9da-13ed-405b-a2cb-047eabba2ec6,baaedf71-9bd7-48da-8120-c69651880dc7,job_scraped_681065d0d8,30,poor,,trading|product management,,"Match Score: 30%

Strong matches:
✓ Profile captured

Potential gap:
! trading
! product management

Why this job matches:
This role only partially overlaps with your current skills and preferences.",2026-09-04T19:51:11.324Z,2026-09-04T19:53:33.286Z,pending,,
1fdf468c-056d-495e-a650-63a29059caf6,baaedf71-9bd7-48da-8120-c69651880dc7,job_scraped_9f21eea81f,27,poor,,product management,,"Match Score: 27%

Strong matches:
✓ Profile captured

Potential gap:
! product management
! Seniority mismatch

Why this job matches:
This role only partially overlaps with your current skills and preferences.",2026-09-04T19:51:11.981Z,2026-09-04T19:53:34.488Z,pending,,
657f59df-e22c-4d29-a8c8-f5e9c9b564fd,baaedf71-9bd7-48da-8120-c69651880dc7,job_scraped_9ab0f2cdc6,27,poor,,product management,,"Match Score: 27%

Strong matches:
✓ Profile captured

Potential gap:
! product management
! Seniority mismatch

Why this job matches:
This role only partially overlaps with your current skills and preferences.",2026-09-04T19:51:13.776Z,2026-09-04T19:53:35.408Z,pending,,
66632659-3283-43b0-b492-fb1ee24983dd,baaedf71-9bd7-48da-8120-c69651880dc7,job_scraped_409ea48e58,27,poor,,product management,,"Match Score: 27%

Strong matches:
✓ Profile captured

Potential gap:
! product management
! Seniority mismatch

Why this job matches:
This role only partially overlaps with your current skills and preferences.",2026-09-04T19:51:14.214Z,2026-09-04T19:53:36.000Z,pending,,
949b9528-1893-43c6-8a0f-69b7602c09c2,baaedf71-9bd7-48da-8120-c69651880dc7,job_scraped_c711e4502c,27,poor,,product management,,"Match Score: 27%

Strong matches:
✓ Profile captured

Potential gap:
! product management
! Seniority mismatch

Why this job matches:
This role only partially overlaps with your current skills and preferences.",2026-09-04T19:51:14.869Z,2026-09-04T19:53:37.113Z,pending,,
399aea93-496c-423e-8cb5-51894df7ca9a,baaedf71-9bd7-48da-8120-c69651880dc7,job_scraped_caa99fc2d1,27,poor,,product management,,"Match Score: 27%

Strong matches:
✓ Profile captured

Potential gap:
! product management
! Seniority mismatch

Why this job matches:
This role only partially overlaps with your current skills and preferences.",2026-09-04T19:51:15.387Z,2026-09-04T19:53:38.141Z,pending,,
8a24c2d2-81d7-4308-895a-817d82ab9f53,baaedf71-9bd7-48da-8120-c69651880dc7,job_scraped_5635dfdc13,27,poor,,compliance|product management,,"Match Score: 27%

Strong matches:
✓ Profile captured

Potential gap:
! compliance
! product management
! Seniority mismatch

Why this job matches:
This role only partially overlaps with your current skills and preferences.",2026-09-04T19:51:16.106Z,2026-09-04T19:53:39.598Z,pending,,
79a985aa-762d-4ce8-ad20-2417c92f04d9,baaedf71-9bd7-48da-8120-c69651880dc7,job_scraped_52bed600f8,27,poor,,product management,,"Match Score: 27%

Strong matches:
✓ Profile captured

Potential gap:
! product management
! Seniority mismatch

Why this job matches:
This role only partially overlaps with your current skills and preferences.",2026-09-04T19:51:16.640Z,2026-09-04T19:53:40.725Z,pending,,
3cb8f39f-13a6-4975-8eac-0b09c069a29b,baaedf71-9bd7-48da-8120-c69651880dc7,job_scraped_5143769d18,27,poor,,product management,,"Match Score: 27%

Strong matches:
✓ Profile captured

Potential gap:
! product management
! Seniority mismatch

Why this job matches:
This role only partially overlaps with your current skills and preferences.",2026-09-04T19:51:17.247Z,2026-09-04T19:53:41.272Z,pending,,
47202bd4-6c30-4740-a82f-4cd9642f019e,baaedf71-9bd7-48da-8120-c69651880dc7,job_scraped_8461cc116b,27,poor,,trading|product management,,"Match Score: 27%

Strong matches:
✓ Profile captured

Potential gap:
! trading
! product management
! Seniority mismatch

Why this job matches:
This role only partially overlaps with your current skills and preferences.",2026-09-04T19:51:17.965Z,2026-09-04T19:53:42.180Z,pending,,
659ad7b2-5a43-4161-8584-14d7096525ac,baaedf71-9bd7-48da-8120-c69651880dc7,job_scraped_077d169edc,30,poor,,product management,,"Match Score: 30%

Strong matches:
✓ Profile captured

Potential gap:
! product management

Why this job matches:
This role only partially overlaps with your current skills and preferences.",2026-09-04T19:51:18.389Z,2026-09-04T19:53:42.841Z,pending,,
c51b4960-7ce1-4096-8d0f-49290830d85b,baaedf71-9bd7-48da-8120-c69651880dc7,job_scraped_ba320d23e8,34,poor,,quantitative analysis,,"Match Score: 34%

Strong matches:
✓ Profile captured

Potential gap:
! quantitative analysis

Why this job matches:
This role only partially overlaps with your current skills and preferences.",2026-09-04T19:51:18.796Z,2026-09-04T19:53:43.419Z,pending,,
903ca1ee-9bc9-4b1e-a43e-bf966f68cfc4,baaedf71-9bd7-48da-8120-c69651880dc7,job_scraped_226787343a,30,poor,,quantitative analysis,,"Match Score: 30%

Strong matches:
✓ Profile captured

Potential gap:
! quantitative analysis

Why this job matches:
This role only partially overlaps with your current skills and preferences.",2026-09-04T19:51:19.336Z,2026-09-04T19:53:44.237Z,pending,,
ee304afb-9507-4b5c-b0c7-ac0b4dbda2f5,baaedf71-9bd7-48da-8120-c69651880dc7,job_scraped_fa74902bf8,30,poor,,ai,,"Match Score: 30%

Strong matches:
✓ Profile captured

Potential gap:
! ai

Why this job matches:
This role only partially overlaps with your current skills and preferences.",2026-09-04T19:51:20.043Z,2026-09-04T19:53:45.161Z,pending,,
e88ee362-ce98-4ac9-b253-d0c3a173af44,baaedf71-9bd7-48da-8120-c69651880dc7,job_scraped_616900057c,30,poor,,smart contracts,,"Match Score: 30%

Strong matches:
✓ Profile captured

Potential gap:
! smart contracts

Why this job matches:
This role only partially overlaps with your current skills and preferences.",2026-09-04T19:51:20.592Z,2026-09-04T19:53:45.990Z,pending,,
4f2d2764-a223-4996-95eb-09af315ecf8e,baaedf71-9bd7-48da-8120-c69651880dc7,job_scraped_b654da1485,30,poor,,security,,"Match Score: 30%

Strong matches:
✓ Profile captured

Potential gap:
! security

Why this job matches:
This role only partially overlaps with your current skills and preferences.",2026-09-04T19:51:21.017Z,2026-09-04T19:53:46.510Z,pending,,
2929bb66-11d9-4d53-b403-03a3a05c0766,baaedf71-9bd7-48da-8120-c69651880dc7,job_scraped_8dcd09b16d,30,poor,,marketing,,"Match Score: 30%

Strong matches:
✓ Profile captured

Potential gap:
! marketing

Why this job matches:
This role only partially overlaps with your current skills and preferences.",2026-09-04T19:51:21.561Z,2026-09-04T19:53:47.532Z,pending,,
2970c08a-4e28-42b1-8af4-02d45a0c6d40,baaedf71-9bd7-48da-8120-c69651880dc7,job_scraped_c6e37239dd,30,poor,,smart contracts,,"Match Score: 30%

Strong matches:
✓ Profile captured

Potential gap:
! smart contracts

Why this job matches:
This role only partially overlaps with your current skills and preferences.",2026-09-04T19:51:22.650Z,2026-09-04T19:53:48.281Z,pending,,
95001934-6531-4ff8-a8b6-320d3798a16a,baaedf71-9bd7-48da-8120-c69651880dc7,job_scraped_67cbf6d460,30,poor,,security,,"Match Score: 30%

Strong matches:
✓ Profile captured

Potential gap:
! security

Why this job matches:
This role only partially overlaps with your current skills and preferences.",2026-09-04T19:51:23.310Z,2026-09-04T19:53:49.027Z,pending,,
058ef25e-4eb7-4fd5-8167-b67802e65376,baaedf71-9bd7-48da-8120-c69651880dc7,job_scraped_345f319537,34,poor,,smart contracts,,"Match Score: 34%

Strong matches:
✓ Profile captured

Potential gap:
! smart contracts

Why this job matches:
This role only partially overlaps with your current skills and preferences.",2026-09-04T19:51:24.080Z,2026-09-04T19:53:49.645Z,pending,,
73c66a2f-6a90-4a23-9438-b1cb4a0a1f9b,baaedf71-9bd7-48da-8120-c69651880dc7,job_scraped_74877a859f,30,poor,,python,,"Match Score: 30%

Strong matches:
✓ Profile captured

Potential gap:
! python

Why this job matches:
This role only partially overlaps with your current skills and preferences.",2026-09-04T19:51:24.885Z,2026-09-04T19:53:50.215Z,pending,,
f280499d-17c8-4aeb-abbf-d4592304c14d,baaedf71-9bd7-48da-8120-c69651880dc7,job_scraped_21dd2a19a6,30,poor,,smart contracts,,"Match Score: 30%

Strong matches:
✓ Profile captured

Potential gap:
! smart contracts

Why this job matches:
This role only partially overlaps with your current skills and preferences.",2026-09-04T19:51:25.543Z,2026-09-04T19:53:50.930Z,pending,,
14cb436f-9858-4c53-9f20-9557d623869c,baaedf71-9bd7-48da-8120-c69651880dc7,job_scraped_f1c8613914,30,poor,,smart contracts,,"Match Score: 30%

Strong matches:
✓ Profile captured

Potential gap:
! smart contracts

Why this job matches:
This role only partially overlaps with your current skills and preferences.",2026-09-04T19:51:26.201Z,2026-09-04T19:53:51.646Z,pending,,
802474d4-5dc1-4ce6-a98d-dc99e83b663f,baaedf71-9bd7-48da-8120-c69651880dc7,job_scraped_5c64712b60,30,poor,,engineering,,"Match Score: 30%

Strong matches:
✓ Profile captured

Potential gap:
! engineering

Why this job matches:
This role only partially overlaps with your current skills and preferences.",2026-09-04T19:51:26.767Z,2026-09-04T19:53:52.165Z,pending,,
ff02bf52-bc8f-4dc2-a981-3c95c41ea413,baaedf71-9bd7-48da-8120-c69651880dc7,job_scraped_eceb0e7f50,30,poor,,engineering,,"Match Score: 30%

Strong matches:
✓ Profile captured

Potential gap:
! engineering

Why this job matches:
This role only partially overlaps with your current skills and preferences.",2026-09-04T19:51:27.494Z,2026-09-04T19:53:53.317Z,pending,,
88430b89-cbcb-4150-a539-1bb37bf741a0,baaedf71-9bd7-48da-8120-c69651880dc7,job_scraped_187b70afca,30,poor,,security,,"Match Score: 30%

Strong matches:
✓ Profile captured

Potential gap:
! security

Why this job matches:
This role only partially overlaps with your current skills and preferences.",2026-09-04T19:51:28.185Z,2026-09-04T19:53:53.978Z,pending,,
c28bad9b-6b3d-43bb-9e51-6edd10034139,baaedf71-9bd7-48da-8120-c69651880dc7,job_scraped_2fc5153b42,30,poor,,security,,"Match Score: 30%

Strong matches:
✓ Profile captured

Potential gap:
! security

Why this job matches:
This role only partially overlaps with your current skills and preferences.",2026-09-04T19:51:28.606Z,2026-09-04T19:53:54.912Z,pending,,
ce488a86-ff11-42cd-88f8-20c1c1cfcdaa,baaedf71-9bd7-48da-8120-c69651880dc7,job_scraped_28d3facae9,30,poor,,sales,,"Match Score: 30%

Strong matches:
✓ Profile captured

Potential gap:
! sales

Why this job matches:
This role only partially overlaps with your current skills and preferences.",2026-09-04T19:51:29.181Z,2026-09-04T19:53:55.545Z,pending,,
e4db8726-b2d7-4b55-93bd-62e0f6a1cb7e,baaedf71-9bd7-48da-8120-c69651880dc7,job_scraped_565c1fd8f6,30,poor,,engineering,,"Match Score: 30%

Strong matches:
✓ Profile captured

Potential gap:
! engineering

Why this job matches:
This role only partially overlaps with your current skills and preferences.",2026-09-04T19:51:29.925Z,2026-09-04T19:53:56.296Z,pending,,
7625b7e0-ba6a-4124-9b1a-72e69026e9a3,baaedf71-9bd7-48da-8120-c69651880dc7,job_scraped_23a336a8ba,30,poor,,engineering,,"Match Score: 30%

Strong matches:
✓ Profile captured

Potential gap:
! engineering

Why this job matches:
This role only partially overlaps with your current skills and preferences.",2026-09-04T19:51:30.519Z,2026-09-04T19:53:56.914Z,pending,,
94551eae-6c93-482a-a07d-5938c240e6f7,baaedf71-9bd7-48da-8120-c69651880dc7,job_scraped_62f211d0fc,30,poor,,engineering,,"Match Score: 30%

Strong matches:
✓ Profile captured

Potential gap:
! engineering

Why this job matches:
This role only partially overlaps with your current skills and preferences.",2026-09-04T19:51:31.184Z,2026-09-04T19:53:57.684Z,pending,,
419d81aa-40e6-433a-8eae-0eff617fdbfa,baaedf71-9bd7-48da-8120-c69651880dc7,job_scraped_30243c1133,30,poor,,engineering,,"Match Score: 30%

Strong matches:
✓ Profile captured

Potential gap:
! engineering

Why this job matches:
This role only partially overlaps with your current skills and preferences.",2026-09-04T19:51:32.013Z,2026-09-04T19:53:58.562Z,pending,,
f4d41ad2-f10a-4b0d-924c-043e9a69d010,baaedf71-9bd7-48da-8120-c69651880dc7,job_scraped_14f747ad48,34,poor,,marketing,,"Match Score: 34%

Strong matches:
✓ Profile captured

Potential gap:
! marketing

Why this job matches:
This role only partially overlaps with your current skills and preferences.",2026-09-04T19:51:32.476Z,2026-09-04T19:54:01.259Z,pending,,
3b65010c-7334-43da-81af-201900f9b753,baaedf71-9bd7-48da-8120-c69651880dc7,job_scraped_0db3608379,34,poor,,engineering,,"Match Score: 34%

Strong matches:
✓ Profile captured

Potential gap:
! engineering

Why this job matches:
This role only partially overlaps with your current skills and preferences.",2026-09-04T19:51:33.047Z,2026-09-04T19:54:02.641Z,pending,,
55ef17b1-ce69-4f50-88cc-d3260bc34078,baaedf71-9bd7-48da-8120-c69651880dc7,job_scraped_b3ca6d4d70,30,poor,,sales,,"Match Score: 30%

Strong matches:
✓ Profile captured

Potential gap:
! sales

Why this job matches:
This role only partially overlaps with your current skills and preferences.",2026-09-04T19:51:33.651Z,2026-09-04T19:54:03.546Z,pending,,
a4226898-844a-411b-9b0c-d4fb9cbed6af,baaedf71-9bd7-48da-8120-c69651880dc7,job_scraped_b4c82b350b,30,poor,,engineering,,"Match Score: 30%

Strong matches:
✓ Profile captured

Potential gap:
! engineering

Why this job matches:
This role only partially overlaps with your current skills and preferences.",2026-09-04T19:51:34.073Z,2026-09-04T19:54:04.023Z,pending,,
38adb45b-93a5-49fc-ae0e-e4e42d165473,baaedf71-9bd7-48da-8120-c69651880dc7,job_scraped_1ae49d7eab,30,poor,,engineering,,"Match Score: 30%

Strong matches:
✓ Profile captured

Potential gap:
! engineering

Why this job matches:
This role only partially overlaps with your current skills and preferences.",2026-09-04T19:51:34.648Z,2026-09-04T19:54:05.645Z,pending,,
0cb94203-0ddb-472b-a46c-8ef58a052e1c,baaedf71-9bd7-48da-8120-c69651880dc7,job_scraped_f0f0a80028,30,poor,,engineering,,"Match Score: 30%

Strong matches:
✓ Profile captured

Potential gap:
! engineering

Why this job matches:
This role only partially overlaps with your current skills and preferences.",2026-09-04T19:51:35.340Z,2026-09-04T19:54:06.542Z,pending,,
84fcd59d-c8cf-4ba7-86ec-4670ef087574,baaedf71-9bd7-48da-8120-c69651880dc7,job_scraped_9825241a3f,30,poor,,engineering,,"Match Score: 30%

Strong matches:
✓ Profile captured

Potential gap:
! engineering

Why this job matches:
This role only partially overlaps with your current skills and preferences.",2026-09-04T19:51:35.849Z,2026-09-04T19:54:07.483Z,pending,,
9d0a2d85-63d9-415f-a6e5-396b1f017aa5,baaedf71-9bd7-48da-8120-c69651880dc7,job_scraped_55a77dc5d6,30,poor,,sales,,"Match Score: 30%

Strong matches:
✓ Profile captured

Potential gap:
! sales

Why this job matches:
This role only partially overlaps with your current skills and preferences.",2026-09-04T19:51:36.299Z,2026-09-04T19:54:08.772Z,pending,,
b4842fb5-77a3-4683-81e1-ef153ce1664e,baaedf71-9bd7-48da-8120-c69651880dc7,job_scraped_5e2a9de23f,30,poor,,sales,,"Match Score: 30%

Strong matches:
✓ Profile captured

Potential gap:
! sales

Why this job matches:
This role only partially overlaps with your current skills and preferences.",2026-09-04T19:51:36.793Z,2026-09-04T19:54:09.696Z,pending,,
a780301d-19b0-4677-9c38-bf9c571b7293,baaedf71-9bd7-48da-8120-c69651880dc7,job_scraped_22b399f2bc,30,poor,,hr,,"Match Score: 30%

Strong matches:
✓ Profile captured

Potential gap:
! hr

Why this job matches:
This role only partially overlaps with your current skills and preferences.",2026-09-04T19:51:37.417Z,2026-09-04T19:54:11.590Z,pending,,
ba39dccc-3c59-4ef0-aab7-d2f40a455e36,baaedf71-9bd7-48da-8120-c69651880dc7,job_scraped_8cab656183,30,poor,,engineering,,"Match Score: 30%

Strong matches:
✓ Profile captured

Potential gap:
! engineering

Why this job matches:
This role only partially overlaps with your current skills and preferences.",2026-09-04T19:51:38.031Z,2026-09-04T19:54:12.999Z,pending,,
cd63588d-9f3c-478c-8f43-ed5e3000819e,baaedf71-9bd7-48da-8120-c69651880dc7,job_scraped_5252ef6b4b,30,poor,,community,,"Match Score: 30%

Strong matches:
✓ Profile captured

Potential gap:
! community

Why this job matches:
This role only partially overlaps with your current skills and preferences.",2026-09-04T19:51:38.686Z,2026-09-04T19:54:14.195Z,pending,,
64a308c5-3ccf-47d9-a369-3a1392d886d9,baaedf71-9bd7-48da-8120-c69651880dc7,job_scraped_d891201024,30,poor,,engineering,,"Match Score: 30%

Strong matches:
✓ Profile captured

Potential gap:
! engineering

Why this job matches:
This role only partially overlaps with your current skills and preferences.",2026-09-04T19:51:42.434Z,2026-09-04T19:54:15.259Z,pending,,
caff025c-a3b3-4fe9-836f-97567f7c882f,baaedf71-9bd7-48da-8120-c69651880dc7,job_scraped_810f05a92e,30,poor,,product management,,"Match Score: 30%

Strong matches:
✓ Profile captured

Potential gap:
! product management

Why this job matches:
This role only partially overlaps with your current skills and preferences.",2026-09-04T19:51:42.979Z,2026-09-04T19:54:16.513Z,pending,,
1001dd37-55ab-4278-a21a-1ba282ac2327,baaedf71-9bd7-48da-8120-c69651880dc7,job_scraped_093bac8093,30,poor,,engineering,,"Match Score: 30%

Strong matches:
✓ Profile captured

Potential gap:
! engineering

Why this job matches:
This role only partially overlaps with your current skills and preferences.",2026-09-04T19:51:43.582Z,2026-09-04T19:54:18.320Z,pending,,
21d6b6dc-f0b1-485d-b706-b962a304fbd2,baaedf71-9bd7-48da-8120-c69651880dc7,job_scraped_b4b8cf6392,30,poor,,engineering,,"Match Score: 30%

Strong matches:
✓ Profile captured

Potential gap:
! engineering

Why this job matches:
This role only partially overlaps with your current skills and preferences.",2026-09-04T19:51:44.094Z,2026-09-04T19:54:19.812Z,pending,,
d928955a-787b-48b1-9455-840fa157c9ac,baaedf71-9bd7-48da-8120-c69651880dc7,job_scraped_c7649224cd,30,poor,,engineering,,"Match Score: 30%

Strong matches:
✓ Profile captured

Potential gap:
! engineering

Why this job matches:
This role only partially overlaps with your current skills and preferences.",2026-09-04T19:51:44.598Z,2026-09-04T19:54:21.180Z,pending,,
db61466c-9704-4950-a49e-f8f9345329e9,baaedf71-9bd7-48da-8120-c69651880dc7,job_scraped_62aa9a0855,30,poor,,sales,,"Match Score: 30%

Strong matches:
✓ Profile captured

Potential gap:
! sales

Why this job matches:
This role only partially overlaps with your current skills and preferences.",2026-09-04T19:51:46.274Z,2026-09-04T19:54:21.895Z,pending,,
27592d34-c58d-449d-854e-1940d411e329,baaedf71-9bd7-48da-8120-c69651880dc7,job_scraped_8e7db4dc6b,30,poor,,sales,,"Match Score: 30%

Strong matches:
✓ Profile captured

Potential gap:
! sales

Why this job matches:
This role only partially overlaps with your current skills and preferences.",2026-09-04T19:51:47.301Z,2026-09-04T19:54:22.497Z,pending,,
aba3e7fe-1b32-44ad-94cb-cc57c0d4589c,baaedf71-9bd7-48da-8120-c69651880dc7,job_scraped_7181e15f12,30,poor,,sales,,"Match Score: 30%

Strong matches:
✓ Profile captured

Potential gap:
! sales

Why this job matches:
This role only partially overlaps with your current skills and preferences.",2026-09-04T19:51:48.298Z,2026-09-04T19:54:23.503Z,pending,,
c93bbe68-6ac0-41d0-b1c1-e671059c9f76,baaedf71-9bd7-48da-8120-c69651880dc7,job_scraped_2b129c709b,30,poor,,sales,,"Match Score: 30%

Strong matches:
✓ Profile captured

Potential gap:
! sales

Why this job matches:
This role only partially overlaps with your current skills and preferences.",2026-09-04T19:51:48.874Z,2026-09-04T19:54:24.554Z,pending,,
c64f2447-90d1-4f79-9984-c785a47f7ac6,baaedf71-9bd7-48da-8120-c69651880dc7,job_scraped_c75181c2a1,30,poor,,finance,,"Match Score: 30%

Strong matches:
✓ Profile captured

Potential gap:
! finance

Why this job matches:
This role only partially overlaps with your current skills and preferences.",2026-09-04T19:51:49.431Z,2026-09-04T19:54:26.382Z,pending,,
a81a2367-2173-444f-97e1-018b5391be50,baaedf71-9bd7-48da-8120-c69651880dc7,job_scraped_4478e2ea2d,34,poor,,trading,,"Match Score: 34%

Strong matches:
✓ Profile captured

Potential gap:
! trading

Why this job matches:
This role only partially overlaps with your current skills and preferences.",2026-09-04T19:51:50.260Z,2026-09-04T19:54:27.435Z,pending,,
015f985a-46c9-4abd-8220-5a3c9a8d2a06,baaedf71-9bd7-48da-8120-c69651880dc7,job_scraped_a06bc7a5c9,30,poor,,finance,,"Match Score: 30%

Strong matches:
✓ Profile captured

Potential gap:
! finance

Why this job matches:
This role only partially overlaps with your current skills and preferences.",2026-09-04T19:51:51.013Z,2026-09-04T19:54:28.363Z,pending,,
5d7e8d34-1e3e-460e-beb9-28b8b143e206,baaedf71-9bd7-48da-8120-c69651880dc7,job_scraped_4de8fb47af,30,poor,,product management,,"Match Score: 30%

Strong matches:
✓ Profile captured

Potential gap:
! product management

Why this job matches:
This role only partially overlaps with your current skills and preferences.",2026-09-04T19:51:51.422Z,2026-09-04T19:54:28.964Z,pending,,
0419f17a-be37-4bfa-b140-e8fa0c8038e9,baaedf71-9bd7-48da-8120-c69651880dc7,job_scraped_3fabd73595,30,poor,,quantitative analysis,,"Match Score: 30%

Strong matches:
✓ Profile captured

Potential gap:
! quantitative analysis

Why this job matches:
This role only partially overlaps with your current skills and preferences.",2026-09-04T19:51:51.880Z,2026-09-04T19:54:29.676Z,pending,,
f490eab5-f278-4e6b-8a8d-e5de7b8614bb,baaedf71-9bd7-48da-8120-c69651880dc7,job_scraped_8c3db0d09d,30,poor,,quantitative analysis,,"Match Score: 30%

Strong matches:
✓ Profile captured

Potential gap:
! quantitative analysis

Why this job matches:
This role only partially overlaps with your current skills and preferences.",2026-09-04T19:51:52.418Z,2026-09-04T19:54:30.525Z,pending,,
30c9b2e4-a8b8-410e-96b9-5fa0551076a2,baaedf71-9bd7-48da-8120-c69651880dc7,job_scraped_619fcea7c3,30,poor,,trading,,"Match Score: 30%

Strong matches:
✓ Profile captured

Potential gap:
! trading

Why this job matches:
This role only partially overlaps with your current skills and preferences.",2026-09-04T19:51:52.867Z,2026-09-04T19:54:31.332Z,pending,,
09901ed9-7d2a-449c-9e19-32ef3d26e3ab,baaedf71-9bd7-48da-8120-c69651880dc7,job_scraped_7304842a83,30,poor,,python,,"Match Score: 30%

Strong matches:
✓ Profile captured

Potential gap:
! python

Why this job matches:
This role only partially overlaps with your current skills and preferences.",2026-09-04T19:51:53.255Z,2026-09-04T19:54:32.278Z,pending,,
1dce25ef-5b64-4664-ad71-27510ec2e0d8,baaedf71-9bd7-48da-8120-c69651880dc7,job_scraped_e51aa47aaa,30,poor,,trading,,"Match Score: 30%

Strong matches:
✓ Profile captured

Potential gap:
! trading

Why this job matches:
This role only partially overlaps with your current skills and preferences.",2026-09-04T19:51:53.912Z,2026-09-04T19:54:33.901Z,pending,,
8723eb70-5d94-4607-afce-0c7fd19ee493,baaedf71-9bd7-48da-8120-c69651880dc7,job_scraped_05c7ff2a7b,30,poor,,engineering,,"Match Score: 30%

Strong matches:
✓ Profile captured

Potential gap:
! engineering

Why this job matches:
This role only partially overlaps with your current skills and preferences.",2026-09-04T19:51:54.467Z,2026-09-04T19:54:34.460Z,pending,,
0fadef36-c44e-45db-ac30-af322917a144,baaedf71-9bd7-48da-8120-c69651880dc7,job_scraped_1e739b9587,30,poor,,finance,,"Match Score: 30%

Strong matches:
✓ Profile captured

Potential gap:
! finance

Why this job matches:
This role only partially overlaps with your current skills and preferences.",2026-09-04T19:51:55.023Z,2026-09-04T19:54:35.329Z,pending,,
5e12cc49-5b17-451b-9332-80e156b3405e,baaedf71-9bd7-48da-8120-c69651880dc7,job_scraped_6850002068,30,poor,,research,,"Match Score: 30%

Strong matches:
✓ Profile captured

Potential gap:
! research

Why this job matches:
This role only partially overlaps with your current skills and preferences.",2026-09-04T19:51:55.520Z,2026-09-04T19:54:36.845Z,pending,,
b1243684-9af6-452d-bafb-9c51eb9a50aa,baaedf71-9bd7-48da-8120-c69651880dc7,job_scraped_29670e6d79,30,poor,,finance,,"Match Score: 30%

Strong matches:
✓ Profile captured

Potential gap:
! finance

Why this job matches:
This role only partially overlaps with your current skills and preferences.",2026-09-04T19:51:56.418Z,2026-09-04T19:54:38.845Z,pending,,
78015499-d578-4df6-b8a5-1507d7755712,baaedf71-9bd7-48da-8120-c69651880dc7,job_scraped_d5a036a30b,30,poor,,quantitative analysis,,"Match Score: 30%

Strong matches:
✓ Profile captured

Potential gap:
! quantitative analysis

Why this job matches:
This role only partially overlaps with your current skills and preferences.",2026-09-04T19:51:57.342Z,2026-09-04T19:54:39.960Z,pending,,
82ab19f1-81f6-4f20-95ae-e5517a5ee57a,baaedf71-9bd7-48da-8120-c69651880dc7,job_scraped_5680778645,30,poor,,trading,,"Match Score: 30%

Strong matches:
✓ Profile captured

Potential gap:
! trading

Why this job matches:
This role only partially overlaps with your current skills and preferences.",2026-09-04T19:51:57.947Z,2026-09-04T19:54:41.343Z,pending,,
187b53c2-1dc3-4c12-8e1d-7040c5bc277d,baaedf71-9bd7-48da-8120-c69651880dc7,job_scraped_a97c0f3dcd,30,poor,,engineering,,"Match Score: 30%

Strong matches:
✓ Profile captured

Potential gap:
! engineering

Why this job matches:
This role only partially overlaps with your current skills and preferences.",2026-09-04T19:51:58.637Z,2026-09-04T19:54:42.402Z,pending,,
501d92d0-c8fc-4f59-a27a-48154aa579b7,baaedf71-9bd7-48da-8120-c69651880dc7,job_scraped_78f3f5632e,30,poor,,research,,"Match Score: 30%

Strong matches:
✓ Profile captured

Potential gap:
! research

Why this job matches:
This role only partially overlaps with your current skills and preferences.",2026-09-04T19:51:59.106Z,2026-09-04T19:54:43.802Z,pending,,
b3ea35fa-14b3-4aec-bfae-3e573e8c399f,baaedf71-9bd7-48da-8120-c69651880dc7,job_scraped_4d9976b29d,27,poor,,marketing,,"Match Score: 27%

Strong matches:
✓ Profile captured

Potential gap:
! marketing
! Seniority mismatch

Why this job matches:
This role only partially overlaps with your current skills and preferences.",2026-09-04T19:51:59.856Z,2026-09-04T19:54:44.739Z,pending,,
cf3bde0d-6bbf-482d-ae0b-1b312650cba9,baaedf71-9bd7-48da-8120-c69651880dc7,job_scraped_94df402f01,32,poor,,go,,"Match Score: 32%

Strong matches:
✓ REMOTE - WORLDWIDE,HYBRID

Potential gap:
! go
! Seniority mismatch

Why this job matches:
This role only partially overlaps with your current skills and preferences.",2026-09-04T19:52:01.160Z,2026-09-04T19:54:45.955Z,pending,,
3e470430-01fd-4778-8a08-89a5837ecd2c,baaedf71-9bd7-48da-8120-c69651880dc7,job_scraped_ece4dac2dc,42,poor,,engineering,,"Match Score: 42%

Strong matches:
✓ Target role alignment

Potential gap:
! engineering

Why this job matches:
This role only partially overlaps with your current skills and preferences.",2026-09-04T19:52:02.037Z,2026-09-04T19:54:47.679Z,pending,,
07e3f044-35bd-4a33-9ba9-6459dbc82778,baaedf71-9bd7-48da-8120-c69651880dc7,job_scraped_842cb81c72,30,poor,,go,,"Match Score: 30%

Strong matches:
✓ Profile captured

Potential gap:
! go

Why this job matches:
This role only partially overlaps with your current skills and preferences.",2026-09-04T19:52:02.989Z,2026-09-04T19:54:48.989Z,pending,,
091922c1-5392-47d8-9ca8-efe7ade5c91c,baaedf71-9bd7-48da-8120-c69651880dc7,job_scraped_631a844f39,27,poor,,python,,"Match Score: 27%

Strong matches:
✓ Profile captured

Potential gap:
! python
! Seniority mismatch

Why this job matches:
This role only partially overlaps with your current skills and preferences.",2026-09-04T19:52:03.845Z,2026-09-04T19:54:50.571Z,pending,,
b6a15ec4-ccb0-4e4c-8fc8-078d1245a936,baaedf71-9bd7-48da-8120-c69651880dc7,job_scraped_8e302a0bce,30,poor,,research,,"Match Score: 30%

Strong matches:
✓ Profile captured

Potential gap:
! research

Why this job matches:
This role only partially overlaps with your current skills and preferences.",2026-09-04T19:52:04.816Z,2026-09-04T19:54:52.255Z,pending,,
ea646506-0d9b-4886-91da-5d8fc17c55d1,baaedf71-9bd7-48da-8120-c69651880dc7,job_scraped_244fd8816b,27,poor,,engineering,,"Match Score: 27%

Strong matches:
✓ Profile captured

Potential gap:
! engineering
! Seniority mismatch

Why this job matches:
This role only partially overlaps with your current skills and preferences.",2026-09-04T19:52:05.565Z,2026-09-04T19:54:53.144Z,pending,,
f79a363a-ad9e-4d41-8516-0c5bb998a436,baaedf71-9bd7-48da-8120-c69651880dc7,job_scraped_62f1196a1a,30,poor,,engineering,,"Match Score: 30%

Strong matches:
✓ Profile captured

Potential gap:
! engineering

Why this job matches:
This role only partially overlaps with your current skills and preferences.",2026-09-04T19:52:06.282Z,2026-09-04T19:54:54.060Z,pending,,
d94a96c6-012a-43af-bd9e-cb2abe87b444,baaedf71-9bd7-48da-8120-c69651880dc7,job_scraped_e33e1665fd,30,poor,,engineering,,"Match Score: 30%

Strong matches:
✓ Profile captured

Potential gap:
! engineering

Why this job matches:
This role only partially overlaps with your current skills and preferences.",2026-09-04T19:52:06.930Z,2026-09-04T19:54:55.233Z,pending,,
de52024c-8286-4c42-8e5b-c6018ed08ba0,baaedf71-9bd7-48da-8120-c69651880dc7,job_scraped_b2caffe46a,42,poor,,engineering,,"Match Score: 42%

Strong matches:
✓ Target role alignment

Potential gap:
! engineering

Why this job matches:
This role only partially overlaps with your current skills and preferences.",2026-09-04T19:52:08.648Z,2026-09-04T19:54:56.154Z,pending,,
53d70d25-119e-4702-b00c-d147f77b53dd,baaedf71-9bd7-48da-8120-c69651880dc7,job_scraped_c48e8a77bc,42,poor,,engineering,,"Match Score: 42%

Strong matches:
✓ Target role alignment

Potential gap:
! engineering
! Seniority mismatch

Why this job matches:
This role only partially overlaps with your current skills and preferences.",2026-09-04T19:52:09.331Z,2026-09-04T19:54:56.924Z,pending,,
e496be85-086c-40a4-ba20-7af0334069fe,baaedf71-9bd7-48da-8120-c69651880dc7,job_scraped_4134da7104,30,poor,,engineering,,"Match Score: 30%

Strong matches:
✓ Profile captured

Potential gap:
! engineering

Why this job matches:
This role only partially overlaps with your current skills and preferences.",2026-09-04T19:52:10.029Z,2026-09-04T19:54:57.664Z,pending,,
6fbfb769-a814-4f59-ad44-a17169d47e92,baaedf71-9bd7-48da-8120-c69651880dc7,job_scraped_e0bb8be85d,30,poor,,engineering,,"Match Score: 30%

Strong matches:
✓ Profile captured

Potential gap:
! engineering

Why this job matches:
This role only partially overlaps with your current skills and preferences.",2026-09-04T19:52:10.856Z,2026-09-04T19:54:58.264Z,pending,,
c49a69eb-b7b7-4168-b02c-e892d573edc5,baaedf71-9bd7-48da-8120-c69651880dc7,job_scraped_adae801e35,30,poor,,engineering,,"Match Score: 30%

Strong matches:
✓ Profile captured

Potential gap:
! engineering

Why this job matches:
This role only partially overlaps with your current skills and preferences.",2026-09-04T19:52:11.989Z,2026-09-04T19:54:58.862Z,pending,,
bed704ba-c0c9-4296-adf0-b2a0e4f64cef,baaedf71-9bd7-48da-8120-c69651880dc7,job_scraped_e8a6209c74,30,poor,,hr,,"Match Score: 30%

Strong matches:
✓ Profile captured

Potential gap:
! hr

Why this job matches:
This role only partially overlaps with your current skills and preferences.",2026-09-04T19:52:13.226Z,2026-09-04T19:54:59.522Z,pending,,
2ffe484a-a43d-41f0-bdcb-f3d164b564c0,baaedf71-9bd7-48da-8120-c69651880dc7,job_scraped_69764c7097,33,poor,,hr,,"Match Score: 33%

Strong matches:
✓ Profile captured

Potential gap:
! hr

Why this job matches:
This role only partially overlaps with your current skills and preferences.",2026-09-04T19:52:16.919Z,2026-09-04T19:55:00.237Z,pending,,
d81c676c-1890-40d1-a91d-da6715f2526f,baaedf71-9bd7-48da-8120-c69651880dc7,job_scraped_4e08af54c8,30,poor,,research,,"Match Score: 30%

Strong matches:
✓ Profile captured

Potential gap:
! research

Why this job matches:
This role only partially overlaps with your current skills and preferences.",2026-09-04T19:52:18.088Z,2026-09-04T19:55:01.019Z,pending,,
138ceb77-0931-465b-9f90-ed1fb7f1fb8a,baaedf71-9bd7-48da-8120-c69651880dc7,job_scraped_ff4cf91336,30,poor,,research,,"Match Score: 30%

Strong matches:
✓ Profile captured

Potential gap:
! research

Why this job matches:
This role only partially overlaps with your current skills and preferences.",2026-09-04T19:52:19.059Z,2026-09-04T19:55:01.891Z,pending,,
a5756b0b-5548-43d2-a669-bc8cab10003c,baaedf71-9bd7-48da-8120-c69651880dc7,job_scraped_13e03be485,27,poor,,research,,"Match Score: 27%

Strong matches:
✓ Profile captured

Potential gap:
! research
! Seniority mismatch

Why this job matches:
This role only partially overlaps with your current skills and preferences.",2026-09-04T19:52:19.923Z,2026-09-04T19:55:02.721Z,pending,,
6311d6f2-e56d-494d-a388-26ab6a38714c,baaedf71-9bd7-48da-8120-c69651880dc7,job_scraped_9a8499f5f9,30,poor,,product management,,"Match Score: 30%

Strong matches:
✓ Profile captured

Potential gap:
! product management

Why this job matches:
This role only partially overlaps with your current skills and preferences.",2026-09-04T19:52:21.034Z,2026-09-04T19:55:03.504Z,pending,,
cbdb03df-f9af-4311-8fc9-dbc68ec62334,baaedf71-9bd7-48da-8120-c69651880dc7,job_scraped_4f50c1a49b,30,poor,,engineering,,"Match Score: 30%

Strong matches:
✓ Profile captured

Potential gap:
! engineering

Why this job matches:
This role only partially overlaps with your current skills and preferences.",2026-09-04T19:52:21.982Z,2026-09-04T19:55:04.391Z,pending,,
965a4219-0583-402a-a493-720e44ba4c6c,baaedf71-9bd7-48da-8120-c69651880dc7,job_scraped_a594aaeea6,27,poor,,sales,,"Match Score: 27%

Strong matches:
✓ Profile captured

Potential gap:
! sales
! Seniority mismatch

Why this job matches:
This role only partially overlaps with your current skills and preferences.",2026-09-04T19:52:23.664Z,2026-09-04T19:55:05.755Z,pending,,
cca38013-d0e2-4ca3-8156-133cde2bf043,baaedf71-9bd7-48da-8120-c69651880dc7,job_scraped_9169cc52ce,27,poor,,sales,,"Match Score: 27%

Strong matches:
✓ Profile captured

Potential gap:
! sales
! Seniority mismatch

Why this job matches:
This role only partially overlaps with your current skills and preferences.",2026-09-04T19:52:24.870Z,2026-09-04T19:55:06.381Z,pending,,
caac3186-c37d-456f-adef-b381dbbee684,baaedf71-9bd7-48da-8120-c69651880dc7,job_scraped_0de7428d22,30,poor,,engineering,,"Match Score: 30%

Strong matches:
✓ Profile captured

Potential gap:
! engineering

Why this job matches:
This role only partially overlaps with your current skills and preferences.",2026-09-04T19:52:26.421Z,2026-09-04T19:55:07.079Z,pending,,
4707fe3a-4357-4079-b20b-69d4785e422d,baaedf71-9bd7-48da-8120-c69651880dc7,job_scraped_03dc7548f6,30,poor,,engineering,,"Match Score: 30%

Strong matches:
✓ Profile captured

Potential gap:
! engineering

Why this job matches:
This role only partially overlaps with your current skills and preferences.",2026-09-04T19:52:28.080Z,2026-09-04T19:55:07.929Z,pending,,
751ff85e-6340-41d9-aff4-708d29a09bca,baaedf71-9bd7-48da-8120-c69651880dc7,job_scraped_1d34d6ef90,30,poor,,quantitative analysis,,"Match Score: 30%

Strong matches:
✓ Profile captured

Potential gap:
! quantitative analysis

Why this job matches:
This role only partially overlaps with your current skills and preferences.",2026-09-04T19:52:29.108Z,2026-09-04T19:55:08.743Z,pending,,
4051c457-fa44-454d-bbe7-7e6f37e91287,baaedf71-9bd7-48da-8120-c69651880dc7,job_scraped_59322a1a6d,30,poor,,engineering,,"Match Score: 30%

Strong matches:
✓ Profile captured

Potential gap:
! engineering

Why this job matches:
This role only partially overlaps with your current skills and preferences.",2026-09-04T19:52:29.622Z,2026-09-04T19:55:09.597Z,pending,,
205e22f4-bb3d-4748-b62e-25601621692c,baaedf71-9bd7-48da-8120-c69651880dc7,job_scraped_001d9d77e7,30,poor,,research,,"Match Score: 30%

Strong matches:
✓ Profile captured

Potential gap:
! research

Why this job matches:
This role only partially overlaps with your current skills and preferences.",2026-09-04T19:52:30.480Z,2026-09-04T19:55:11.460Z,pending,,
0df42dfb-5144-4dc3-84a8-db727bc224a8,baaedf71-9bd7-48da-8120-c69651880dc7,job_scraped_b6051da5cb,30,poor,,research,,"Match Score: 30%

Strong matches:
✓ Profile captured

Potential gap:
! research

Why this job matches:
This role only partially overlaps with your current skills and preferences.",2026-09-04T19:52:32.475Z,2026-09-04T19:55:12.450Z,pending,,
94b65078-0c18-4641-8629-076f859fe87d,baaedf71-9bd7-48da-8120-c69651880dc7,job_scraped_31587a34d5,27,poor,,engineering,,"Match Score: 27%

Strong matches:
✓ Profile captured

Potential gap:
! engineering
! Seniority mismatch

Why this job matches:
This role only partially overlaps with your current skills and preferences.",2026-09-04T19:52:34.175Z,2026-09-04T19:55:13.542Z,pending,,
70750aad-529d-4c01-972b-621cf97dbbe7,baaedf71-9bd7-48da-8120-c69651880dc7,job_scraped_08cdd83303,27,poor,,sales,,"Match Score: 27%

Strong matches:
✓ Profile captured

Potential gap:
! sales
! Seniority mismatch

Why this job matches:
This role only partially overlaps with your current skills and preferences.",2026-09-04T19:52:34.574Z,2026-09-04T19:55:14.466Z,pending,,
c4ccd51f-2db0-4443-be84-1f94bc4c471e,baaedf71-9bd7-48da-8120-c69651880dc7,job_scraped_566b64353f,30,poor,,marketing,,"Match Score: 30%

Strong matches:
✓ Profile captured

Potential gap:
! marketing

Why this job matches:
This role only partially overlaps with your current skills and preferences.",2026-09-04T19:52:35.425Z,2026-09-04T19:55:15.140Z,pending,,
3f10f272-5a2f-44f1-8544-e372fca8f3de,baaedf71-9bd7-48da-8120-c69651880dc7,job_scraped_cee0d9f730,30,poor,,marketing,,"Match Score: 30%

Strong matches:
✓ Profile captured

Potential gap:
! marketing

Why this job matches:
This role only partially overlaps with your current skills and preferences.",2026-09-04T19:52:36.000Z,2026-09-04T19:55:15.888Z,pending,,
0be85b3f-5f80-476f-a1c2-f7ae0e110186,baaedf71-9bd7-48da-8120-c69651880dc7,job_scraped_5dc2e6f812,30,poor,,compliance,,"Match Score: 30%

Strong matches:
✓ Profile captured

Potential gap:
! compliance

Why this job matches:
This role only partially overlaps with your current skills and preferences.",2026-09-04T19:52:37.120Z,2026-09-04T19:55:16.885Z,pending,,
087a5f77-6813-469a-be82-5473a3efa7c5,baaedf71-9bd7-48da-8120-c69651880dc7,job_scraped_4d88cdc154,27,poor,,compliance,,"Match Score: 27%

Strong matches:
✓ Profile captured

Potential gap:
! compliance
! Seniority mismatch

Why this job matches:
This role only partially overlaps with your current skills and preferences.",2026-09-04T19:52:38.692Z,2026-09-04T19:55:17.887Z,pending,,
42801b24-3245-451d-9506-ae1478d86b69,baaedf71-9bd7-48da-8120-c69651880dc7,job_scraped_a0c1d9d00a,30,poor,,compliance,,"Match Score: 30%

Strong matches:
✓ Profile captured

Potential gap:
! compliance

Why this job matches:
This role only partially overlaps with your current skills and preferences.",2026-09-04T19:52:39.524Z,2026-09-04T19:55:18.635Z,pending,,
05f57d63-f2a2-4c6f-890b-c9a809dac690,baaedf71-9bd7-48da-8120-c69651880dc7,job_scraped_07b8915272,30,poor,,research,,"Match Score: 30%

Strong matches:
✓ Profile captured

Potential gap:
! research

Why this job matches:
This role only partially overlaps with your current skills and preferences.",2026-09-04T19:52:40.235Z,2026-09-04T19:55:19.375Z,pending,,
55b7675b-67ce-447a-b008-785322534ecc,baaedf71-9bd7-48da-8120-c69651880dc7,job_scraped_527a0969af,30,poor,,compliance,,"Match Score: 30%

Strong matches:
✓ Profile captured

Potential gap:
! compliance

Why this job matches:
This role only partially overlaps with your current skills and preferences.",2026-09-04T19:52:40.808Z,2026-09-04T19:55:20.038Z,pending,,
bd97bd08-7943-422e-bee6-f4e90400b380,baaedf71-9bd7-48da-8120-c69651880dc7,job_scraped_1acb425e89,30,poor,,finance,,"Match Score: 30%

Strong matches:
✓ Profile captured

Potential gap:
! finance

Why this job matches:
This role only partially overlaps with your current skills and preferences.",2026-09-04T19:52:41.383Z,2026-09-04T19:55:20.757Z,pending,,
2c909536-ad75-48d9-9fc8-84ac945f1c40,baaedf71-9bd7-48da-8120-c69651880dc7,job_scraped_e04bc82f86,30,poor,,finance,,"Match Score: 30%

Strong matches:
✓ Profile captured

Potential gap:
! finance

Why this job matches:
This role only partially overlaps with your current skills and preferences.",2026-09-04T19:52:42.419Z,2026-09-04T19:55:21.556Z,pending,,
dd4866bd-8433-4feb-b629-e1b53eb7a35c,baaedf71-9bd7-48da-8120-c69651880dc7,job_scraped_fe626169f1,30,poor,,engineering,,"Match Score: 30%

Strong matches:
✓ Profile captured

Potential gap:
! engineering

Why this job matches:
This role only partially overlaps with your current skills and preferences.",2026-09-04T19:52:43.526Z,2026-09-04T19:55:22.449Z,pending,,
5bdcfb68-35d0-4666-a73a-263399650b2d,baaedf71-9bd7-48da-8120-c69651880dc7,job_scraped_c711b53490,27,poor,,finance,,"Match Score: 27%

Strong matches:
✓ Profile captured

Potential gap:
! finance
! Seniority mismatch

Why this job matches:
This role only partially overlaps with your current skills and preferences.",2026-09-04T19:52:45.104Z,2026-09-04T19:55:23.335Z,pending,,
6d2c4801-337c-45d6-9426-1130321322c8,baaedf71-9bd7-48da-8120-c69651880dc7,job_scraped_ed1061fd9a,30,poor,,executive,,"Match Score: 30%

Strong matches:
✓ Profile captured

Potential gap:
! executive

Why this job matches:
This role only partially overlaps with your current skills and preferences.",2026-09-04T19:52:46.435Z,2026-09-04T19:55:23.984Z,pending,,
3333149b-363a-4e40-87a2-a1eff83655fc,baaedf71-9bd7-48da-8120-c69651880dc7,job_scraped_3e5faac031,30,poor,,engineering,,"Match Score: 30%

Strong matches:
✓ Profile captured

Potential gap:
! engineering

Why this job matches:
This role only partially overlaps with your current skills and preferences.",2026-09-04T19:52:49.216Z,2026-09-04T19:55:24.619Z,pending,,
1837292b-3e18-4719-b890-7f1ca94c61d1,baaedf71-9bd7-48da-8120-c69651880dc7,job_scraped_7877d24e02,27,poor,,compliance,,"Match Score: 27%

Strong matches:
✓ Profile captured

Potential gap:
! compliance
! Seniority mismatch

Why this job matches:
This role only partially overlaps with your current skills and preferences.",2026-09-04T19:52:51.270Z,2026-09-04T19:55:25.683Z,pending,,
dd8244c5-ed00-43d4-bfba-2b3826f2e64a,baaedf71-9bd7-48da-8120-c69651880dc7,job_scraped_9315e16981,30,poor,,hr,,"Match Score: 30%

Strong matches:
✓ Profile captured

Potential gap:
! hr

Why this job matches:
This role only partially overlaps with your current skills and preferences.",2026-09-04T19:52:52.310Z,2026-09-04T19:55:26.505Z,pending,,
c9206390-97ea-4edc-af20-a2d2fa1da216,baaedf71-9bd7-48da-8120-c69651880dc7,job_scraped_e2e00ad4f2,34,poor,,hr,,"Match Score: 34%

Strong matches:
✓ Profile captured

Potential gap:
! hr

Why this job matches:
This role only partially overlaps with your current skills and preferences.",2026-09-04T19:52:53.392Z,2026-09-04T19:55:27.223Z,pending,,
7bd1b0f6-0527-4999-8304-6f97459975e5,baaedf71-9bd7-48da-8120-c69651880dc7,job_scraped_67c3230615,30,poor,,engineering,,"Match Score: 30%

Strong matches:
✓ Profile captured

Potential gap:
! engineering

Why this job matches:
This role only partially overlaps with your current skills and preferences.",2026-09-04T19:52:54.591Z,2026-09-04T19:55:28.687Z,pending,,
a8bda689-b99c-4476-8a20-16f731979ad5,baaedf71-9bd7-48da-8120-c69651880dc7,job_scraped_0a86e23bf2,30,poor,,engineering,,"Match Score: 30%

Strong matches:
✓ Profile captured

Potential gap:
! engineering

Why this job matches:
This role only partially overlaps with your current skills and preferences.",2026-09-04T19:52:56.979Z,2026-09-04T19:55:29.439Z,pending,,
df293c67-8ee9-4b08-9812-f7a0f2a704cb,baaedf71-9bd7-48da-8120-c69651880dc7,job_scraped_b3f45256a2,27,poor,,engineering,,"Match Score: 27%

Strong matches:
✓ Profile captured

Potential gap:
! engineering
! Seniority mismatch

Why this job matches:
This role only partially overlaps with your current skills and preferences.",2026-09-04T19:52:59.225Z,2026-09-04T19:55:30.071Z,pending,,
730d5b3d-ff48-4a45-a733-8e9dbd39f7e9,baaedf71-9bd7-48da-8120-c69651880dc7,job_scraped_deddf9830e,27,poor,,engineering,,"Match Score: 27%

Strong matches:
✓ Profile captured

Potential gap:
! engineering
! Seniority mismatch

Why this job matches:
This role only partially overlaps with your current skills and preferences.",2026-09-04T19:53:00.885Z,2026-09-04T19:55:30.692Z,pending,,
2195c89c-cf31-49a9-9ce3-46e81b1cb830,baaedf71-9bd7-48da-8120-c69651880dc7,job_scraped_dc91314243,27,poor,,product management,,"Match Score: 27%

Strong matches:
✓ Profile captured

Potential gap:
! product management
! Seniority mismatch

Why this job matches:
This role only partially overlaps with your current skills and preferences.",2026-09-04T19:53:02.277Z,2026-09-04T19:55:31.455Z,pending,,
ec15bb0d-f473-417b-8910-45bb98b6682d,baaedf71-9bd7-48da-8120-c69651880dc7,job_scraped_c2936ae21a,27,poor,,finance,,"Match Score: 27%

Strong matches:
✓ Profile captured

Potential gap:
! finance
! Seniority mismatch

Why this job matches:
This role only partially overlaps with your current skills and preferences.",2026-09-04T19:53:03.688Z,2026-09-04T19:55:32.174Z,pending,,
36798cc0-4a31-494f-9506-58b205aac660,baaedf71-9bd7-48da-8120-c69651880dc7,job_scraped_e7a59a4ac0,30,poor,,finance,,"Match Score: 30%

Strong matches:
✓ Profile captured

Potential gap:
! finance

Why this job matches:
This role only partially overlaps with your current skills and preferences.",2026-09-04T19:53:05.286Z,2026-09-04T19:55:32.947Z,pending,,
e74f3e55-48a4-4a55-aebc-c7b9f494f6db,baaedf71-9bd7-48da-8120-c69651880dc7,job_scraped_409e55a16b,30,poor,,engineering,,"Match Score: 30%

Strong matches:
✓ Profile captured

Potential gap:
! engineering

Why this job matches:
This role only partially overlaps with your current skills and preferences.",2026-09-04T19:53:06.512Z,2026-09-04T19:55:33.582Z,pending,,
aeff3321-cb58-458d-b377-2eb6f7d95467,baaedf71-9bd7-48da-8120-c69651880dc7,job_scraped_9e13856d86,30,poor,,engineering,,"Match Score: 30%

Strong matches:
✓ Profile captured

Potential gap:
! engineering

Why this job matches:
This role only partially overlaps with your current skills and preferences.",2026-09-04T19:53:07.037Z,2026-09-04T19:55:34.242Z,pending,,
885dd059-f658-4925-a248-f6d8f564f8fa,baaedf71-9bd7-48da-8120-c69651880dc7,job_scraped_608de2e9b7,27,poor,,go,,"Match Score: 27%

Strong matches:
✓ Profile captured

Potential gap:
! go
! Seniority mismatch

Why this job matches:
This role only partially overlaps with your current skills and preferences.",2026-09-04T19:53:08.385Z,2026-09-04T19:55:34.660Z,pending,,
eafd5da2-f753-4bb8-b4e7-70773d37c2ef,baaedf71-9bd7-48da-8120-c69651880dc7,job_scraped_2c73083cc1,30,poor,,engineering,,"Match Score: 30%

Strong matches:
✓ Profile captured

Potential gap:
! engineering

Why this job matches:
This role only partially overlaps with your current skills and preferences.",2026-09-04T19:53:10.184Z,2026-09-04T19:55:35.197Z,pending,,
92bfa5ef-5a87-494b-9d62-d0b947d598ef,baaedf71-9bd7-48da-8120-c69651880dc7,job_scraped_2fc3cb2f1c,30,poor,,engineering,,"Match Score: 30%

Strong matches:
✓ Profile captured

Potential gap:
! engineering

Why this job matches:
This role only partially overlaps with your current skills and preferences.",2026-09-04T19:53:11.806Z,2026-09-04T19:55:35.782Z,pending,,
ba752db0-62d4-4a65-aecd-9d62e471447c,baaedf71-9bd7-48da-8120-c69651880dc7,job_scraped_0411e901b3,30,poor,,engineering,,"Match Score: 30%

Strong matches:
✓ Profile captured

Potential gap:
! engineering

Why this job matches:
This role only partially overlaps with your current skills and preferences.",2026-09-04T19:53:13.709Z,2026-09-04T19:55:36.524Z,pending,,
b67993d3-ec7b-4443-af6d-223c42448a1d,baaedf71-9bd7-48da-8120-c69651880dc7,job_scraped_b416b8c1f2,30,poor,,engineering,,"Match Score: 30%

Strong matches:
✓ Profile captured

Potential gap:
! engineering

Why this job matches:
This role only partially overlaps with your current skills and preferences.",2026-09-04T19:53:14.611Z,2026-09-04T19:55:37.245Z,pending,,
37a93cc8-ae8d-465d-8b91-30a60c353518,baaedf71-9bd7-48da-8120-c69651880dc7,job_scraped_f85a629384,30,poor,,engineering,,"Match Score: 30%

Strong matches:
✓ Profile captured

Potential gap:
! engineering

Why this job matches:
This role only partially overlaps with your current skills and preferences.",2026-09-04T19:53:15.110Z,2026-09-04T19:55:37.751Z,pending,,
000fe465-a114-4d11-9420-314ac8698e9d,baaedf71-9bd7-48da-8120-c69651880dc7,job_scraped_ddc3ffe062,30,poor,,engineering,,"Match Score: 30%

Strong matches:
✓ Profile captured

Potential gap:
! engineering

Why this job matches:
This role only partially overlaps with your current skills and preferences.",2026-09-04T19:53:15.833Z,2026-09-04T19:55:38.449Z,pending,,
89c20718-ff97-4c4a-8e83-2260562effef,baaedf71-9bd7-48da-8120-c69651880dc7,job_scraped_d26e5e4f7d,30,poor,,quantitative analysis,,"Match Score: 30%

Strong matches:
✓ Profile captured

Potential gap:
! quantitative analysis

Why this job matches:
This role only partially overlaps with your current skills and preferences.",2026-09-04T19:53:16.291Z,2026-09-04T19:55:39.217Z,pending,,
cbb87ba7-f64b-4a93-9700-2fcf8ff3176e,baaedf71-9bd7-48da-8120-c69651880dc7,job_scraped_78c82fed0c,30,poor,,engineering,,"Match Score: 30%

Strong matches:
✓ Profile captured

Potential gap:
! engineering

Why this job matches:
This role only partially overlaps with your current skills and preferences.",2026-09-04T19:53:17.197Z,2026-09-04T19:55:39.977Z,pending,,
9873d48a-ee6d-4ab5-a45f-8b6ebd29844d,baaedf71-9bd7-48da-8120-c69651880dc7,job_scraped_a9dd625cf8,30,poor,,engineering,,"Match Score: 30%

Strong matches:
✓ Profile captured

Potential gap:
! engineering

Why this job matches:
This role only partially overlaps with your current skills and preferences.",2026-09-04T19:53:17.875Z,2026-09-04T19:55:40.734Z,pending,,
d81b4218-4c0a-4178-ba12-38353c6da79e,baaedf71-9bd7-48da-8120-c69651880dc7,job_scraped_1fa84069f1,27,poor,,trading,,"Match Score: 27%

Strong matches:
✓ Profile captured

Potential gap:
! trading
! Seniority mismatch

Why this job matches:
This role only partially overlaps with your current skills and preferences.",2026-09-04T19:53:18.458Z,2026-09-04T19:55:41.711Z,pending,,
dac2a07f-b1d3-4fac-b329-c53dcbcb6ce5,baaedf71-9bd7-48da-8120-c69651880dc7,job_scraped_95fc03028f,27,poor,,trading,,"Match Score: 27%

Strong matches:
✓ Profile captured

Potential gap:
! trading
! Seniority mismatch

Why this job matches:
This role only partially overlaps with your current skills and preferences.",2026-09-04T19:53:18.958Z,2026-09-04T19:55:42.318Z,pending,,
046f0b33-9734-471a-9e12-9a5241eb4479,baaedf71-9bd7-48da-8120-c69651880dc7,job_scraped_41a17375d3,27,poor,,trading,,"Match Score: 27%

Strong matches:
✓ Profile captured

Potential gap:
! trading
! Seniority mismatch

Why this job matches:
This role only partially overlaps with your current skills and preferences.",2026-09-04T19:53:19.469Z,2026-09-04T19:55:42.922Z,pending,,
433efe16-b429-4253-bc0a-028f8ec0044a,baaedf71-9bd7-48da-8120-c69651880dc7,job_scraped_1b3b56fd5e,27,poor,,trading,,"Match Score: 27%

Strong matches:
✓ Profile captured

Potential gap:
! trading
! Seniority mismatch

Why this job matches:
This role only partially overlaps with your current skills and preferences.",2026-09-04T19:53:19.901Z,2026-09-04T19:55:44.068Z,pending,,
8e634db6-eda6-4fce-9caa-6a0f17dfae35,baaedf71-9bd7-48da-8120-c69651880dc7,job_scraped_79b94197dc,27,poor,,trading,,"Match Score: 27%

Strong matches:
✓ Profile captured

Potential gap:
! trading
! Seniority mismatch

Why this job matches:
This role only partially overlaps with your current skills and preferences.",2026-09-04T19:53:20.495Z,2026-09-04T19:55:44.611Z,pending,,
bf7f084f-3b46-4828-9549-b30ae7d5d7e3,baaedf71-9bd7-48da-8120-c69651880dc7,job_scraped_d46591aaa3,27,poor,,trading,,"Match Score: 27%

Strong matches:
✓ Profile captured

Potential gap:
! trading
! Seniority mismatch

Why this job matches:
This role only partially overlaps with your current skills and preferences.",2026-09-04T19:53:21.045Z,2026-09-04T19:55:47.372Z,pending,,
703fe028-e383-41bd-b761-b2863227f3c8,baaedf71-9bd7-48da-8120-c69651880dc7,job_scraped_9a781c9286,27,poor,,trading,,"Match Score: 27%

Strong matches:
✓ Profile captured

Potential gap:
! trading
! Seniority mismatch

Why this job matches:
This role only partially overlaps with your current skills and preferences.",2026-09-04T19:53:21.510Z,2026-09-04T19:55:48.579Z,pending,,
674e70ae-7cf8-4534-9833-65d550e87abe,baaedf71-9bd7-48da-8120-c69651880dc7,job_scraped_c807c09d19,27,poor,,trading,,"Match Score: 27%

Strong matches:
✓ Profile captured

Potential gap:
! trading
! Seniority mismatch

Why this job matches:
This role only partially overlaps with your current skills and preferences.",2026-09-04T19:53:22.061Z,2026-09-04T19:55:49.232Z,pending,,
231007c0-3bdc-46f1-be32-200a477252d1,baaedf71-9bd7-48da-8120-c69651880dc7,job_scraped_23bc4e75b9,27,poor,,trading,,"Match Score: 27%

Strong matches:
✓ Profile captured

Potential gap:
! trading
! Seniority mismatch

Why this job matches:
This role only partially overlaps with your current skills and preferences.",2026-09-04T19:53:23.142Z,2026-09-04T19:55:49.869Z,pending,,
635ae89a-d82d-46b6-a268-5d5a2169c01f,baaedf71-9bd7-48da-8120-c69651880dc7,job_scraped_2d4138dc94,27,poor,,engineering,,"Match Score: 27%

Strong matches:
✓ Profile captured

Potential gap:
! engineering
! Seniority mismatch

Why this job matches:
This role only partially overlaps with your current skills and preferences.",2026-09-04T19:53:23.739Z,2026-09-04T19:55:50.519Z,pending,,
82f8f7f3-c879-4e8d-8530-74e09a51870d,baaedf71-9bd7-48da-8120-c69651880dc7,job_scraped_125fdebfa2,27,poor,,engineering,,"Match Score: 27%

Strong matches:
✓ Profile captured

Potential gap:
! engineering
! Seniority mismatch

Why this job matches:
This role only partially overlaps with your current skills and preferences.",2026-09-04T19:53:24.223Z,2026-09-04T19:55:51.339Z,pending,,
ae5689a2-36df-4ebd-95fa-727b73fa945c,baaedf71-9bd7-48da-8120-c69651880dc7,job_scraped_17a78821d6,27,poor,,trading,,"Match Score: 27%

Strong matches:
✓ Profile captured

Potential gap:
! trading
! Seniority mismatch

Why this job matches:
This role only partially overlaps with your current skills and preferences.",2026-09-04T19:53:24.880Z,2026-09-04T19:55:51.868Z,pending,,
eeb1ab75-9e88-4e5b-a001-4e919318b5bc,baaedf71-9bd7-48da-8120-c69651880dc7,job_scraped_ee62a0afbe,27,poor,,trading,,"Match Score: 27%

Strong matches:
✓ Profile captured

Potential gap:
! trading
! Seniority mismatch

Why this job matches:
This role only partially overlaps with your current skills and preferences.",2026-09-04T19:53:25.415Z,2026-09-04T19:55:52.685Z,pending,,
aa75dd7b-2ff0-4960-86d3-a19eb1a2b7a6,baaedf71-9bd7-48da-8120-c69651880dc7,job_scraped_e3e94daad7,30,poor,,engineering,,"Match Score: 30%

Strong matches:
✓ Profile captured

Potential gap:
! engineering

Why this job matches:
This role only partially overlaps with your current skills and preferences.",2026-09-04T19:53:26.360Z,2026-09-04T19:55:53.426Z,pending,,
bb81b578-235b-4d77-b4c4-2871027abbc3,baaedf71-9bd7-48da-8120-c69651880dc7,job_scraped_c275a80df3,30,poor,,research,,"Match Score: 30%

Strong matches:
✓ Profile captured

Potential gap:
! research

Why this job matches:
This role only partially overlaps with your current skills and preferences.",2026-09-04T19:53:27.458Z,2026-09-04T19:55:54.244Z,pending,,
87984aa7-44e2-486d-8344-6c6c32ab94aa,baaedf71-9bd7-48da-8120-c69651880dc7,job_scraped_ebc42def03,30,poor,,marketing|product management,,"Match Score: 30%

Strong matches:
✓ Profile captured

Potential gap:
! marketing
! product management

Why this job matches:
This role only partially overlaps with your current skills and preferences.",2026-09-04T19:53:28.513Z,2026-09-04T19:55:54.790Z,pending,,
fc76496c-5f78-4bab-91bf-fe669b901cc1,baaedf71-9bd7-48da-8120-c69651880dc7,job_scraped_ddc6a94559,27,poor,,design,,"Match Score: 27%

Strong matches:
✓ Profile captured

Potential gap:
! design
! Seniority mismatch

Why this job matches:
This role only partially overlaps with your current skills and preferences.",2026-09-04T19:53:31.072Z,2026-09-04T19:55:55.656Z,pending,,
8c3c8ebd-8534-4848-ad5d-2273ec212826,baaedf71-9bd7-48da-8120-c69651880dc7,job_scraped_63e34a055f,27,poor,,engineering,,"Match Score: 27%

Strong matches:
✓ Profile captured

Potential gap:
! engineering
! Seniority mismatch

Why this job matches:
This role only partially overlaps with your current skills and preferences.",2026-09-04T19:53:32.506Z,2026-09-04T19:55:56.428Z,pending,,
c3585437-8a80-4c45-bb3f-dc821b56a7ec,baaedf71-9bd7-48da-8120-c69651880dc7,job_scraped_4b2d9e1374,30,poor,,engineering,,"Match Score: 30%

Strong matches:
✓ Profile captured

Potential gap:
! engineering

Why this job matches:
This role only partially overlaps with your current skills and preferences.",2026-09-04T19:53:34.048Z,2026-09-04T19:55:57.143Z,pending,,
2cb2c2d5-a9e6-46fa-be89-0a5a986d1ed9,baaedf71-9bd7-48da-8120-c69651880dc7,job_scraped_c32ef92324,30,poor,,engineering,,"Match Score: 30%

Strong matches:
✓ Profile captured

Potential gap:
! engineering

Why this job matches:
This role only partially overlaps with your current skills and preferences.",2026-09-04T19:53:34.802Z,2026-09-04T19:55:57.938Z,pending,,
4db684f1-ea2e-4c5b-ad35-1c71ea43b12e,baaedf71-9bd7-48da-8120-c69651880dc7,job_scraped_26f8d2b23f,30,poor,,operations,,"Match Score: 30%

Strong matches:
✓ Profile captured

Potential gap:
! operations

Why this job matches:
This role only partially overlaps with your current skills and preferences.",2026-09-04T19:53:35.626Z,2026-09-04T19:55:58.658Z,pending,,
d4932931-0ef2-4b22-8523-f1e6701879c4,baaedf71-9bd7-48da-8120-c69651880dc7,job_scraped_e8de54b11e,30,poor,,product management,,"Match Score: 30%

Strong matches:
✓ Profile captured

Potential gap:
! product management

Why this job matches:
This role only partially overlaps with your current skills and preferences.",2026-09-04T19:53:36.257Z,2026-09-04T19:55:59.493Z,pending,,
a62a745d-371c-4eea-99f8-14bb0364a71e,baaedf71-9bd7-48da-8120-c69651880dc7,job_scraped_c901a593c5,27,poor,,product management,,"Match Score: 27%

Strong matches:
✓ Profile captured

Potential gap:
! product management
! Seniority mismatch

Why this job matches:
This role only partially overlaps with your current skills and preferences.",2026-09-04T19:53:37.398Z,2026-09-04T19:55:59.992Z,pending,,
409f12c0-4e46-471b-ae17-10ceda7f499e,baaedf71-9bd7-48da-8120-c69651880dc7,job_scraped_09578bcf74,27,poor,,trading|product management,,"Match Score: 27%

Strong matches:
✓ Profile captured

Potential gap:
! trading
! product management
! Seniority mismatch

Why this job matches:
This role only partially overlaps with your current skills and preferences.",2026-09-04T19:53:38.918Z,2026-09-04T19:56:00.627Z,pending,,
fe83f7de-8124-40b0-bc78-09c43b1f1d9a,baaedf71-9bd7-48da-8120-c69651880dc7,job_scraped_dcd530a51a,27,poor,,trading|product management,,"Match Score: 27%

Strong matches:
✓ Profile captured

Potential gap:
! trading
! product management
! Seniority mismatch

Why this job matches:
This role only partially overlaps with your current skills and preferences.",2026-09-04T19:53:40.521Z,2026-09-04T19:56:01.654Z,pending,,
374006c6-8c44-4a61-b238-95926b915e03,baaedf71-9bd7-48da-8120-c69651880dc7,job_scraped_4224d6aea9,30,poor,,engineering,,"Match Score: 30%

Strong matches:
✓ Profile captured

Potential gap:
! engineering

Why this job matches:
This role only partially overlaps with your current skills and preferences.",2026-09-04T19:53:40.987Z,2026-09-04T19:56:02.465Z,pending,,
5bb9f4ce-f371-43f5-8c0e-0b2ee9574326,baaedf71-9bd7-48da-8120-c69651880dc7,job_scraped_1c6ec4e3d5,27,poor,,engineering,,"Match Score: 27%

Strong matches:
✓ Profile captured

Potential gap:
! engineering
! Seniority mismatch

Why this job matches:
This role only partially overlaps with your current skills and preferences.",2026-09-04T19:53:41.699Z,2026-09-04T19:56:03.427Z,pending,,
8722f251-38aa-400d-95f0-3483953dde77,baaedf71-9bd7-48da-8120-c69651880dc7,job_scraped_03d34dcbd9,30,poor,,engineering,,"Match Score: 30%

Strong matches:
✓ Profile captured

Potential gap:
! engineering

Why this job matches:
This role only partially overlaps with your current skills and preferences.",2026-09-04T19:53:42.384Z,2026-09-04T19:56:04.433Z,pending,,
a49bf485-ba91-4ed7-a95f-1e0d39505383,baaedf71-9bd7-48da-8120-c69651880dc7,job_scraped_609fd96800,30,poor,,engineering,,"Match Score: 30%

Strong matches:
✓ Profile captured

Potential gap:
! engineering

Why this job matches:
This role only partially overlaps with your current skills and preferences.",2026-09-04T19:53:43.034Z,2026-09-04T19:56:05.089Z,pending,,
bbb1395b-50f0-412a-9053-ca8fb69de68d,baaedf71-9bd7-48da-8120-c69651880dc7,job_scraped_74060865b8,30,poor,,engineering,,"Match Score: 30%

Strong matches:
✓ Profile captured

Potential gap:
! engineering

Why this job matches:
This role only partially overlaps with your current skills and preferences.",2026-09-04T19:53:43.873Z,2026-09-04T19:56:05.673Z,pending,,
10b20b15-2c0b-4d53-bbc4-40e783a492e2,baaedf71-9bd7-48da-8120-c69651880dc7,job_scraped_c9632bef83,30,poor,,engineering,,"Match Score: 30%

Strong matches:
✓ Profile captured

Potential gap:
! engineering

Why this job matches:
This role only partially overlaps with your current skills and preferences.",2026-09-04T19:53:44.595Z,2026-09-04T19:56:06.575Z,pending,,
957e1cba-2104-4de1-aa38-0c0dfd3e4ead,baaedf71-9bd7-48da-8120-c69651880dc7,job_scraped_e698e1afd1,30,poor,,engineering,,"Match Score: 30%

Strong matches:
✓ Profile captured

Potential gap:
! engineering

Why this job matches:
This role only partially overlaps with your current skills and preferences.",2026-09-04T19:53:45.391Z,2026-09-04T19:56:08.103Z,pending,,
d7d0ec51-c450-4600-87d3-687e46e48f7e,baaedf71-9bd7-48da-8120-c69651880dc7,job_scraped_adf5e349bc,30,poor,,engineering,,"Match Score: 30%

Strong matches:
✓ Profile captured

Potential gap:
! engineering

Why this job matches:
This role only partially overlaps with your current skills and preferences.",2026-09-04T19:53:46.157Z,2026-09-04T19:56:09.444Z,pending,,
8a272be1-9f29-4bfa-b72e-e6620c27fefd,baaedf71-9bd7-48da-8120-c69651880dc7,job_scraped_8ebe76838c,27,poor,,engineering,,"Match Score: 27%

Strong matches:
✓ Profile captured

Potential gap:
! engineering
! Seniority mismatch

Why this job matches:
This role only partially overlaps with your current skills and preferences.",2026-09-04T19:53:47.012Z,2026-09-04T19:56:10.765Z,pending,,
9e1423d7-ee4f-487c-ac57-6ef0d93d5357,baaedf71-9bd7-48da-8120-c69651880dc7,job_scraped_36cbeca5f9,30,poor,,finance,,"Match Score: 30%

Strong matches:
✓ Profile captured

Potential gap:
! finance

Why this job matches:
This role only partially overlaps with your current skills and preferences.",2026-09-04T19:53:47.710Z,2026-09-04T19:56:11.764Z,pending,,
670b5e0f-4544-4399-9a82-aec9c53a19cb,baaedf71-9bd7-48da-8120-c69651880dc7,job_scraped_fcfc303a77,30,poor,,trading|quantitative analysis,,"Match Score: 30%

Strong matches:
✓ Profile captured

Potential gap:
! trading
! quantitative analysis

Why this job matches:
This role only partially overlaps with your current skills and preferences.",2026-09-04T19:53:48.685Z,2026-09-04T19:56:12.531Z,pending,,
f785e978-11e8-4dbc-bda7-b471d1a7a6f7,baaedf71-9bd7-48da-8120-c69651880dc7,job_scraped_2f063036b2,30,poor,,quantitative analysis,,"Match Score: 30%

Strong matches:
✓ Profile captured

Potential gap:
! quantitative analysis

Why this job matches:
This role only partially overlaps with your current skills and preferences.",2026-09-04T19:53:49.314Z,2026-09-04T19:56:13.185Z,pending,,
eb29425f-2c97-4053-82c3-6d27b7901e10,baaedf71-9bd7-48da-8120-c69651880dc7,job_scraped_0c7b174127,30,poor,,quantitative analysis,,"Match Score: 30%

Strong matches:
✓ Profile captured

Potential gap:
! quantitative analysis

Why this job matches:
This role only partially overlaps with your current skills and preferences.",2026-09-04T19:53:49.959Z,2026-09-04T19:56:13.741Z,pending,,
34e4bebc-033a-4d1b-88e7-29aba17d89bc,baaedf71-9bd7-48da-8120-c69651880dc7,job_scraped_2ae88624f2,27,poor,,quantitative analysis,,"Match Score: 27%

Strong matches:
✓ Profile captured

Potential gap:
! quantitative analysis
! Seniority mismatch

Why this job matches:
This role only partially overlaps with your current skills and preferences.",2026-09-04T19:53:50.533Z,2026-09-04T19:56:14.560Z,pending,,
55329005-1ecb-4ed3-af16-22a7e9bbea6f,baaedf71-9bd7-48da-8120-c69651880dc7,job_scraped_718c0b1a5a,30,poor,,trading|quantitative analysis,,"Match Score: 30%

Strong matches:
✓ Profile captured

Potential gap:
! trading
! quantitative analysis

Why this job matches:
This role only partially overlaps with your current skills and preferences.",2026-09-04T19:53:51.336Z,2026-09-04T19:56:15.217Z,pending,,
c3ddc444-cdc7-493c-a609-3d1db49183e7,baaedf71-9bd7-48da-8120-c69651880dc7,job_scraped_7ee36eaaa0,30,poor,,trading|quantitative analysis,,"Match Score: 30%

Strong matches:
✓ Profile captured

Potential gap:
! trading
! quantitative analysis

Why this job matches:
This role only partially overlaps with your current skills and preferences.",2026-09-04T19:53:51.801Z,2026-09-04T19:56:15.975Z,pending,,
ac4af9ca-2d2c-49f6-962f-2fc73428f247,baaedf71-9bd7-48da-8120-c69651880dc7,job_scraped_2109b176da,30,poor,,trading,,"Match Score: 30%

Strong matches:
✓ Profile captured

Potential gap:
! trading

Why this job matches:
This role only partially overlaps with your current skills and preferences.",2026-09-04T19:53:52.679Z,2026-09-04T19:56:16.823Z,pending,,
535a5405-c07c-4b87-8539-f22792d05842,baaedf71-9bd7-48da-8120-c69651880dc7,job_scraped_e3bf4008ee,27,poor,,finance,,"Match Score: 27%

Strong matches:
✓ Profile captured

Potential gap:
! finance
! Seniority mismatch

Why this job matches:
This role only partially overlaps with your current skills and preferences.",2026-09-04T19:53:53.635Z,2026-09-04T19:56:17.802Z,pending,,
ffbca499-b218-47f5-9cc1-be2b0db9fd7b,baaedf71-9bd7-48da-8120-c69651880dc7,job_scraped_eb5f6fbacd,30,poor,,quantitative analysis,,"Match Score: 30%

Strong matches:
✓ Profile captured

Potential gap:
! quantitative analysis

Why this job matches:
This role only partially overlaps with your current skills and preferences.",2026-09-04T19:53:54.459Z,2026-09-04T19:56:18.836Z,pending,,
bab9fcce-868c-43ad-9e64-a2f81f3392e0,baaedf71-9bd7-48da-8120-c69651880dc7,job_scraped_c642313ba6,30,poor,,trading,,"Match Score: 30%

Strong matches:
✓ Profile captured

Potential gap:
! trading

Why this job matches:
This role only partially overlaps with your current skills and preferences.",2026-09-04T19:53:55.152Z,2026-09-04T19:56:19.654Z,pending,,
7a8abc5a-a372-4363-a1ae-ab24fccfd2a7,baaedf71-9bd7-48da-8120-c69651880dc7,job_scraped_a2704f3e92,30,poor,,trading,,"Match Score: 30%

Strong matches:
✓ Profile captured

Potential gap:
! trading

Why this job matches:
This role only partially overlaps with your current skills and preferences.",2026-09-04T19:53:55.916Z,2026-09-04T19:56:20.411Z,pending,,
e87afa34-1454-4cc4-a189-7e3d1fe0dab9,baaedf71-9bd7-48da-8120-c69651880dc7,job_scraped_c35fff8929,30,poor,,compliance,,"Match Score: 30%

Strong matches:
✓ Profile captured

Potential gap:
! compliance

Why this job matches:
This role only partially overlaps with your current skills and preferences.",2026-09-04T19:53:56.489Z,2026-09-04T19:56:21.124Z,pending,,
2600f36b-5189-4a9d-ae9f-ee9316bcb4b0,baaedf71-9bd7-48da-8120-c69651880dc7,job_scraped_17943f97b8,30,poor,,compliance,,"Match Score: 30%

Strong matches:
✓ Profile captured

Potential gap:
! compliance

Why this job matches:
This role only partially overlaps with your current skills and preferences.",2026-09-04T19:53:57.213Z,2026-09-04T19:56:22.005Z,pending,,
2f334b21-06d3-41c1-9272-a2ef7190ea81,baaedf71-9bd7-48da-8120-c69651880dc7,job_scraped_e5bef0390b,30,poor,,engineering,,"Match Score: 30%

Strong matches:
✓ Profile captured

Potential gap:
! engineering

Why this job matches:
This role only partially overlaps with your current skills and preferences.",2026-09-04T19:53:58.046Z,2026-09-04T19:56:22.671Z,pending,,
184e158b-0350-40f5-8192-6b2d619cae94,baaedf71-9bd7-48da-8120-c69651880dc7,job_scraped_c7fe9a8d79,30,poor,,engineering,,"Match Score: 30%

Strong matches:
✓ Profile captured

Potential gap:
! engineering

Why this job matches:
This role only partially overlaps with your current skills and preferences.",2026-09-04T19:54:00.603Z,2026-09-04T19:56:23.488Z,pending,,
fe3c1304-0958-4a0e-a8bc-4c773f47494f,baaedf71-9bd7-48da-8120-c69651880dc7,job_scraped_52edc014ca,30,poor,,finance,,"Match Score: 30%

Strong matches:
✓ Profile captured

Potential gap:
! finance

Why this job matches:
This role only partially overlaps with your current skills and preferences.",2026-09-04T19:54:02.227Z,2026-09-04T19:56:24.406Z,pending,,
c0717b66-642a-4ce7-bbb5-dd4f534ac463,baaedf71-9bd7-48da-8120-c69651880dc7,job_scraped_2ad353506c,34,poor,,finance,,"Match Score: 34%

Strong matches:
✓ Profile captured

Potential gap:
! finance

Why this job matches:
This role only partially overlaps with your current skills and preferences.",2026-09-04T19:54:03.083Z,2026-09-04T19:56:25.131Z,pending,,
1e3801bb-2797-43b0-9122-c3cb555374aa,baaedf71-9bd7-48da-8120-c69651880dc7,job_scraped_0049efb023,30,poor,,finance,,"Match Score: 30%

Strong matches:
✓ Profile captured

Potential gap:
! finance

Why this job matches:
This role only partially overlaps with your current skills and preferences.",2026-09-04T19:54:03.721Z,2026-09-04T19:56:26.063Z,pending,,
1d4fb48e-341e-4ebe-a4b0-523565038a8e,baaedf71-9bd7-48da-8120-c69651880dc7,job_scraped_908edfd078,30,poor,,quantitative analysis,,"Match Score: 30%

Strong matches:
✓ Profile captured

Potential gap:
! quantitative analysis

Why this job matches:
This role only partially overlaps with your current skills and preferences.",2026-09-04T19:54:04.800Z,2026-09-04T19:56:26.878Z,pending,,
b4ac995c-59d7-47a5-9cb5-05b700658d03,baaedf71-9bd7-48da-8120-c69651880dc7,job_scraped_e1981ae543,30,poor,,engineering,,"Match Score: 30%

Strong matches:
✓ Profile captured

Potential gap:
! engineering

Why this job matches:
This role only partially overlaps with your current skills and preferences.",2026-09-04T19:54:05.979Z,2026-09-04T19:56:27.590Z,pending,,
368b54bf-96f3-449c-8dca-6a8b3217d853,baaedf71-9bd7-48da-8120-c69651880dc7,job_scraped_e5af9d88e2,30,poor,,finance,,"Match Score: 30%

Strong matches:
✓ Profile captured

Potential gap:
! finance

Why this job matches:
This role only partially overlaps with your current skills and preferences.",2026-09-04T19:54:06.776Z,2026-09-04T19:56:29.163Z,pending,,
da19913e-ec38-4319-baee-31d67b89920f,baaedf71-9bd7-48da-8120-c69651880dc7,job_scraped_2cfec0900b,27,poor,,finance,,"Match Score: 27%

Strong matches:
✓ Profile captured

Potential gap:
! finance
! Seniority mismatch

Why this job matches:
This role only partially overlaps with your current skills and preferences.",2026-09-04T19:54:08.076Z,2026-09-04T19:56:29.893Z,pending,,
43028f3a-b038-4fc2-81ba-37198b1b2a53,baaedf71-9bd7-48da-8120-c69651880dc7,job_scraped_cbf844d07b,30,poor,,finance,,"Match Score: 30%

Strong matches:
✓ Profile captured

Potential gap:
! finance

Why this job matches:
This role only partially overlaps with your current skills and preferences.",2026-09-04T19:54:09.058Z,2026-09-04T19:56:30.710Z,pending,,
73a2f18c-4ac7-42f5-9b96-ebd995ac6cb9,baaedf71-9bd7-48da-8120-c69651880dc7,job_scraped_afc036e672,30,poor,,finance,,"Match Score: 30%

Strong matches:
✓ Profile captured

Potential gap:
! finance

Why this job matches:
This role only partially overlaps with your current skills and preferences.",2026-09-04T19:54:10.697Z,2026-09-04T19:56:31.592Z,pending,,
3c6d3f8f-3b0d-4e40-8986-0c041c3afc15,baaedf71-9bd7-48da-8120-c69651880dc7,job_scraped_1baef05be3,30,poor,,operations,,"Match Score: 30%

Strong matches:
✓ Profile captured

Potential gap:
! operations

Why this job matches:
This role only partially overlaps with your current skills and preferences.",2026-09-04T19:54:12.132Z,2026-09-04T19:56:32.505Z,pending,,
6a8489b3-8901-4bef-9dda-b9995014152b,baaedf71-9bd7-48da-8120-c69651880dc7,job_scraped_6f7c1c84e9,30,poor,,sales,,"Match Score: 30%

Strong matches:
✓ Profile captured

Potential gap:
! sales

Why this job matches:
This role only partially overlaps with your current skills and preferences.",2026-09-04T19:54:13.280Z,2026-09-04T19:56:33.451Z,pending,,
87eb1740-2842-40a8-a76f-549100a16876,baaedf71-9bd7-48da-8120-c69651880dc7,job_scraped_04e6bd076b,30,poor,,sales,,"Match Score: 30%

Strong matches:
✓ Profile captured

Potential gap:
! sales

Why this job matches:
This role only partially overlaps with your current skills and preferences.",2026-09-04T19:54:14.558Z,2026-09-04T19:56:34.231Z,pending,,
ccc26fb9-cf81-4307-8776-87a9a6601c6f,baaedf71-9bd7-48da-8120-c69651880dc7,job_scraped_78032f79a5,30,poor,,legal,,"Match Score: 30%

Strong matches:
✓ Profile captured

Potential gap:
! legal

Why this job matches:
This role only partially overlaps with your current skills and preferences.",2026-09-04T19:54:15.645Z,2026-09-04T19:56:35.132Z,pending,,
e0f8d581-87c4-4d8a-a378-461b1a1f65bf,baaedf71-9bd7-48da-8120-c69651880dc7,job_scraped_99173f3507,30,poor,,marketing|product management,,"Match Score: 30%

Strong matches:
✓ Profile captured

Potential gap:
! marketing
! product management

Why this job matches:
This role only partially overlaps with your current skills and preferences.",2026-09-04T19:54:17.598Z,2026-09-04T19:56:35.975Z,pending,,
ea6be3b1-f8c2-4f59-9126-6127985f97a3,baaedf71-9bd7-48da-8120-c69651880dc7,job_scraped_5b2405a06a,30,poor,,executive,,"Match Score: 30%

Strong matches:
✓ Profile captured

Potential gap:
! executive

Why this job matches:
This role only partially overlaps with your current skills and preferences.",2026-09-04T19:54:19.290Z,2026-09-04T19:56:36.859Z,pending,,
bd38810b-c5ff-47a6-9eba-3d5d225a7aac,baaedf71-9bd7-48da-8120-c69651880dc7,job_scraped_e086c99760,30,poor,,product management,,"Match Score: 30%

Strong matches:
✓ Profile captured

Potential gap:
! product management

Why this job matches:
This role only partially overlaps with your current skills and preferences.",2026-09-04T19:54:20.458Z,2026-09-04T19:56:38.259Z,pending,,
906a306e-f657-42f6-b027-6bb3ce52696f,baaedf71-9bd7-48da-8120-c69651880dc7,job_scraped_22afb57817,30,poor,,trading|product management,,"Match Score: 30%

Strong matches:
✓ Profile captured

Potential gap:
! trading
! product management

Why this job matches:
This role only partially overlaps with your current skills and preferences.",2026-09-04T19:54:21.382Z,2026-09-04T19:56:39.780Z,pending,,
e44f487f-846c-43a9-abcb-1f3081e0de5a,baaedf71-9bd7-48da-8120-c69651880dc7,job_scraped_211ef83b9d,30,poor,,compliance|product management,,"Match Score: 30%

Strong matches:
✓ Profile captured

Potential gap:
! compliance
! product management

Why this job matches:
This role only partially overlaps with your current skills and preferences.",2026-09-04T19:54:22.119Z,2026-09-04T19:56:41.142Z,pending,,
145e2d80-0a11-49e4-91d4-818d8b053ca9,baaedf71-9bd7-48da-8120-c69651880dc7,job_scraped_bbba8a0b7d,30,poor,,product management,,"Match Score: 30%

Strong matches:
✓ Profile captured

Potential gap:
! product management

Why this job matches:
This role only partially overlaps with your current skills and preferences.",2026-09-04T19:54:22.975Z,2026-09-04T19:56:42.177Z,pending,,
41971c9b-e32c-4cbc-baa7-b9681a173b97,baaedf71-9bd7-48da-8120-c69651880dc7,job_scraped_7c93d44e7c,30,poor,,engineering,,"Match Score: 30%

Strong matches:
✓ Profile captured

Potential gap:
! engineering

Why this job matches:
This role only partially overlaps with your current skills and preferences.",2026-09-04T19:54:23.931Z,2026-09-04T19:56:43.063Z,pending,,
2649439e-e58e-4c03-abf1-7a32c7a4fe9e,baaedf71-9bd7-48da-8120-c69651880dc7,job_scraped_0bdc41fa31,30,poor,,engineering,,"Match Score: 30%

Strong matches:
✓ Profile captured

Potential gap:
! engineering

Why this job matches:
This role only partially overlaps with your current skills and preferences.",2026-09-04T19:54:25.293Z,2026-09-04T19:56:45.443Z,pending,,
5e0ba62e-83d7-4cd8-af51-00f46b9cf2da,baaedf71-9bd7-48da-8120-c69651880dc7,job_scraped_8e42fbd3a5,30,poor,,sales,,"Match Score: 30%

Strong matches:
✓ Profile captured

Potential gap:
! sales

Why this job matches:
This role only partially overlaps with your current skills and preferences.",2026-09-04T19:54:26.640Z,2026-09-04T19:56:47.037Z,pending,,
dd0f0148-8ce4-4f63-979f-aa592ae2cea7,baaedf71-9bd7-48da-8120-c69651880dc7,job_scraped_d9d1741e4e,30,poor,,engineering,,"Match Score: 30%

Strong matches:
✓ Profile captured

Potential gap:
! engineering

Why this job matches:
This role only partially overlaps with your current skills and preferences.",2026-09-04T19:54:27.808Z,2026-09-04T19:56:48.933Z,pending,,
92c16d3f-b03d-44d2-a66e-602e0f236c01,baaedf71-9bd7-48da-8120-c69651880dc7,job_scraped_3f133f630b,30,poor,,engineering,,"Match Score: 30%

Strong matches:
✓ Profile captured

Potential gap:
! engineering

Why this job matches:
This role only partially overlaps with your current skills and preferences.",2026-09-04T19:54:28.528Z,2026-09-04T19:56:50.528Z,pending,,
8b0ce158-2208-4190-aa1f-9b08fe74691b,baaedf71-9bd7-48da-8120-c69651880dc7,job_scraped_26c9c8a838,30,poor,,engineering,,"Match Score: 30%

Strong matches:
✓ Profile captured

Potential gap:
! engineering

Why this job matches:
This role only partially overlaps with your current skills and preferences.",2026-09-04T19:54:29.365Z,2026-09-04T19:56:51.298Z,pending,,
a4fccdaf-4468-4743-9190-9008c9e57300,baaedf71-9bd7-48da-8120-c69651880dc7,job_scraped_c1973188ed,27,poor,,engineering,,"Match Score: 27%

Strong matches:
✓ Profile captured

Potential gap:
! engineering
! Seniority mismatch

Why this job matches:
This role only partially overlaps with your current skills and preferences.",2026-09-04T19:54:30.023Z,2026-09-04T19:56:52.954Z,pending,,
812c0427-197b-45c3-b5e4-63f16c65c555,baaedf71-9bd7-48da-8120-c69651880dc7,job_scraped_9b3d1ae6dd,27,poor,,rust,,"Match Score: 27%

Strong matches:
✓ Profile captured

Potential gap:
! rust
! Seniority mismatch

Why this job matches:
This role only partially overlaps with your current skills and preferences.",2026-09-04T19:54:31.132Z,2026-09-04T19:56:53.963Z,pending,,
9a9741af-0635-4741-b6cb-8899a92b1a2e,baaedf71-9bd7-48da-8120-c69651880dc7,job_scraped_dd840be6b2,27,poor,,engineering,,"Match Score: 27%

Strong matches:
✓ Profile captured

Potential gap:
! engineering
! Seniority mismatch

Why this job matches:
This role only partially overlaps with your current skills and preferences.",2026-09-04T19:54:31.667Z,2026-09-04T19:56:56.600Z,pending,,
c2b65261-6cd9-42ae-b93a-d13ee2e53459,baaedf71-9bd7-48da-8120-c69651880dc7,job_scraped_7c9a836abc,30,poor,,finance,,"Match Score: 30%

Strong matches:
✓ Profile captured

Potential gap:
! finance

Why this job matches:
This role only partially overlaps with your current skills and preferences.",2026-09-04T19:54:32.652Z,2026-09-04T19:56:57.252Z,pending,,
55f00ec4-9f12-43b7-835d-3cc568401b56,baaedf71-9bd7-48da-8120-c69651880dc7,job_scraped_fc2afc7a5b,27,poor,,engineering,,"Match Score: 27%

Strong matches:
✓ Profile captured

Potential gap:
! engineering
! Seniority mismatch

Why this job matches:
This role only partially overlaps with your current skills and preferences.",2026-09-04T19:54:34.254Z,2026-09-04T19:56:57.946Z,pending,,
cc16e49e-33f5-4679-9ab1-0916d09de8c1,baaedf71-9bd7-48da-8120-c69651880dc7,job_scraped_65b2cdfc9a,27,poor,,finance,,"Match Score: 27%

Strong matches:
✓ Profile captured

Potential gap:
! finance
! Seniority mismatch

Why this job matches:
This role only partially overlaps with your current skills and preferences.",2026-09-04T19:54:34.851Z,2026-09-04T19:56:58.694Z,pending,,
47b35af6-6dcb-45c4-86d7-6518522dd617,baaedf71-9bd7-48da-8120-c69651880dc7,job_scraped_d6551f91ee,27,poor,,marketing,,"Match Score: 27%

Strong matches:
✓ Profile captured

Potential gap:
! marketing
! Seniority mismatch

Why this job matches:
This role only partially overlaps with your current skills and preferences.",2026-09-04T19:54:36.508Z,2026-09-04T19:56:59.381Z,pending,,
0e16cf14-ab8f-47d0-b3ef-2b1a51072f43,baaedf71-9bd7-48da-8120-c69651880dc7,job_scraped_9bc96b2434,30,poor,,marketing,,"Match Score: 30%

Strong matches:
✓ Profile captured

Potential gap:
! marketing

Why this job matches:
This role only partially overlaps with your current skills and preferences.",2026-09-04T19:54:38.370Z,2026-09-04T19:57:00.001Z,pending,,
040a08b4-4168-46c7-b9a1-6a469b1ffd3b,baaedf71-9bd7-48da-8120-c69651880dc7,job_scraped_e6c1b26ea5,30,poor,,executive,,"Match Score: 30%

Strong matches:
✓ Profile captured

Potential gap:
! executive

Why this job matches:
This role only partially overlaps with your current skills and preferences.",2026-09-04T19:54:39.264Z,2026-09-04T19:57:00.679Z,pending,,
eedf521d-882f-4499-b369-8898b770c72b,baaedf71-9bd7-48da-8120-c69651880dc7,job_scraped_38e8587fc4,30,poor,,research,,"Match Score: 30%

Strong matches:
✓ Profile captured

Potential gap:
! research

Why this job matches:
This role only partially overlaps with your current skills and preferences.",2026-09-04T19:54:40.686Z,2026-09-04T19:57:01.432Z,pending,,
a113c597-18b4-4026-bf8e-2b13746fb8bc,baaedf71-9bd7-48da-8120-c69651880dc7,job_scraped_4a10c33e28,30,poor,,engineering,,"Match Score: 30%

Strong matches:
✓ Profile captured

Potential gap:
! engineering

Why this job matches:
This role only partially overlaps with your current skills and preferences.",2026-09-04T19:54:41.979Z,2026-09-04T19:57:02.079Z,pending,,
764e5505-8ac0-4626-be27-8f54ad2bc0e6,baaedf71-9bd7-48da-8120-c69651880dc7,job_scraped_d48fb34d39,27,poor,,engineering,,"Match Score: 27%

Strong matches:
✓ Profile captured

Potential gap:
! engineering
! Seniority mismatch

Why this job matches:
This role only partially overlaps with your current skills and preferences.",2026-09-04T19:54:43.362Z,2026-09-04T19:57:02.712Z,pending,,
27ed665d-2fe2-49b8-9536-c031be4584d0,baaedf71-9bd7-48da-8120-c69651880dc7,job_scraped_d0a42f7e79,30,poor,,engineering,,"Match Score: 30%

Strong matches:
✓ Profile captured

Potential gap:
! engineering

Why this job matches:
This role only partially overlaps with your current skills and preferences.",2026-09-04T19:54:44.265Z,2026-09-04T19:57:03.532Z,pending,,
9e836dd6-76d0-470c-9e39-5e3c5592a0ae,baaedf71-9bd7-48da-8120-c69651880dc7,job_scraped_a992182a9b,33,poor,,hr,,"Match Score: 33%

Strong matches:
✓ Profile captured

Potential gap:
! hr

Why this job matches:
This role only partially overlaps with your current skills and preferences.",2026-09-04T19:54:45.420Z,2026-09-04T19:57:04.332Z,pending,,
220b01c3-daba-4b07-b191-422366cde3b9,baaedf71-9bd7-48da-8120-c69651880dc7,job_scraped_26eada88f9,30,poor,,sales,,"Match Score: 30%

Strong matches:
✓ Profile captured

Potential gap:
! sales

Why this job matches:
This role only partially overlaps with your current skills and preferences.",2026-09-04T19:54:46.766Z,2026-09-04T19:57:05.041Z,pending,,
9c7b0902-a360-4b51-ac01-782b9f44d3c5,baaedf71-9bd7-48da-8120-c69651880dc7,job_scraped_3b91c62053,27,poor,,engineering,,"Match Score: 27%

Strong matches:
✓ Profile captured

Potential gap:
! engineering
! Seniority mismatch

Why this job matches:
This role only partially overlaps with your current skills and preferences.",2026-09-04T19:54:48.310Z,2026-09-04T19:57:05.749Z,pending,,
3f34f537-555b-411d-8298-5a018cf89ccd,baaedf71-9bd7-48da-8120-c69651880dc7,job_scraped_4381e5d489,30,poor,,engineering,,"Match Score: 30%

Strong matches:
✓ Profile captured

Potential gap:
! engineering

Why this job matches:
This role only partially overlaps with your current skills and preferences.",2026-09-04T19:54:49.594Z,2026-09-04T19:57:06.598Z,pending,,
0f97e7fa-86d8-46ba-b008-b087335b2c40,baaedf71-9bd7-48da-8120-c69651880dc7,job_scraped_1feee2c684,30,poor,,trading,,"Match Score: 30%

Strong matches:
✓ Profile captured

Potential gap:
! trading

Why this job matches:
This role only partially overlaps with your current skills and preferences.",2026-09-04T19:54:51.430Z,2026-09-04T19:57:07.427Z,pending,,
43557567-408b-42a2-9968-44c31a4df437,baaedf71-9bd7-48da-8120-c69651880dc7,job_scraped_03dbb296fb,30,poor,,engineering,,"Match Score: 30%

Strong matches:
✓ Profile captured

Potential gap:
! engineering

Why this job matches:
This role only partially overlaps with your current skills and preferences.",2026-09-04T19:54:52.747Z,2026-09-04T19:57:08.102Z,pending,,
664a8998-737c-409c-9f69-592aff0b8ecd,baaedf71-9bd7-48da-8120-c69651880dc7,job_scraped_c8c3699072,30,poor,,engineering,,"Match Score: 30%

Strong matches:
✓ Profile captured

Potential gap:
! engineering

Why this job matches:
This role only partially overlaps with your current skills and preferences.",2026-09-04T19:54:53.594Z,2026-09-04T19:57:08.631Z,pending,,
6b11e990-7890-4bf9-accb-c5e44ec748b5,baaedf71-9bd7-48da-8120-c69651880dc7,job_scraped_df3c3118c7,30,poor,,engineering,,"Match Score: 30%

Strong matches:
✓ Profile captured

Potential gap:
! engineering

Why this job matches:
This role only partially overlaps with your current skills and preferences.",2026-09-04T19:54:54.631Z,2026-09-04T19:57:09.689Z,pending,,
be2a62d8-9328-4fbd-aa18-3cdebe79d9a9,baaedf71-9bd7-48da-8120-c69651880dc7,job_scraped_012c9255f1,30,poor,,ai,,"Match Score: 30%

Strong matches:
✓ Profile captured

Potential gap:
! ai

Why this job matches:
This role only partially overlaps with your current skills and preferences.",2026-09-04T19:54:55.782Z,2026-09-04T19:57:10.349Z,pending,,
e5563f12-f379-4570-bf73-336216339937,baaedf71-9bd7-48da-8120-c69651880dc7,job_scraped_4ae0350d42,30,poor,,ai,,"Match Score: 30%

Strong matches:
✓ Profile captured

Potential gap:
! ai

Why this job matches:
This role only partially overlaps with your current skills and preferences.",2026-09-04T19:54:56.467Z,2026-09-04T19:57:11.211Z,pending,,
c1bcf766-942f-4075-9968-96e73f0d17aa,baaedf71-9bd7-48da-8120-c69651880dc7,job_scraped_8290e4645c,30,poor,,legal,,"Match Score: 30%

Strong matches:
✓ Profile captured

Potential gap:
! legal

Why this job matches:
This role only partially overlaps with your current skills and preferences.",2026-09-04T19:54:57.183Z,2026-09-04T19:57:12.159Z,pending,,
2becce4d-ef2d-43d4-816e-3cd358a675aa,baaedf71-9bd7-48da-8120-c69651880dc7,job_scraped_54e23734e3,30,poor,,engineering,,"Match Score: 30%

Strong matches:
✓ Profile captured

Potential gap:
! engineering

Why this job matches:
This role only partially overlaps with your current skills and preferences.",2026-09-04T19:54:57.911Z,2026-09-04T19:57:13.735Z,pending,,
b74aae8e-0960-44eb-9d81-3bb249aa69e3,baaedf71-9bd7-48da-8120-c69651880dc7,job_scraped_0fe2016526,30,poor,,engineering,,"Match Score: 30%

Strong matches:
✓ Profile captured

Potential gap:
! engineering

Why this job matches:
This role only partially overlaps with your current skills and preferences.",2026-09-04T19:54:58.688Z,2026-09-04T19:57:15.009Z,pending,,
8476c9d6-f834-4096-8fc6-ad571fc0cef7,baaedf71-9bd7-48da-8120-c69651880dc7,job_scraped_cdbf03c674,30,poor,,product management,,"Match Score: 30%

Strong matches:
✓ Profile captured

Potential gap:
! product management

Why this job matches:
This role only partially overlaps with your current skills and preferences.",2026-09-04T19:54:59.265Z,2026-09-04T19:57:15.882Z,pending,,
28ce64a7-8668-4d51-a50a-6199418abfaf,baaedf71-9bd7-48da-8120-c69651880dc7,job_scraped_54e3ff4a4d,30,poor,,compliance|product management,,"Match Score: 30%

Strong matches:
✓ Profile captured

Potential gap:
! compliance
! product management

Why this job matches:
This role only partially overlaps with your current skills and preferences.",2026-09-04T19:54:59.894Z,2026-09-04T19:57:16.869Z,pending,,
c95cc70c-66bb-4420-89e5-38bdcc883ac2,baaedf71-9bd7-48da-8120-c69651880dc7,job_scraped_e31a8ada82,30,poor,,engineering,,"Match Score: 30%

Strong matches:
✓ Profile captured

Potential gap:
! engineering

Why this job matches:
This role only partially overlaps with your current skills and preferences.",2026-09-04T19:55:00.579Z,2026-09-04T19:57:17.502Z,pending,,
ca788451-a1e6-414c-a0fc-f7d0afe836f4,baaedf71-9bd7-48da-8120-c69651880dc7,job_scraped_8e6c02be7a,30,poor,,engineering,,"Match Score: 30%

Strong matches:
✓ Profile captured

Potential gap:
! engineering

Why this job matches:
This role only partially overlaps with your current skills and preferences.",2026-09-04T19:55:01.499Z,2026-09-04T19:57:18.673Z,pending,,
621b757f-248d-4c67-babf-535a145a5878,baaedf71-9bd7-48da-8120-c69651880dc7,job_scraped_dec171b1f9,30,poor,,engineering,,"Match Score: 30%

Strong matches:
✓ Profile captured

Potential gap:
! engineering

Why this job matches:
This role only partially overlaps with your current skills and preferences.",2026-09-04T19:55:02.302Z,2026-09-04T19:57:19.301Z,pending,,
c0f56dfb-03c1-4019-a1a7-160a7a49127f,baaedf71-9bd7-48da-8120-c69651880dc7,job_scraped_328c847e83,27,poor,,sales,,"Match Score: 27%

Strong matches:
✓ Profile captured

Potential gap:
! sales
! Seniority mismatch

Why this job matches:
This role only partially overlaps with your current skills and preferences.",2026-09-04T19:55:03.105Z,2026-09-04T19:57:20.127Z,pending,,
6ccf16ff-3542-402b-8fa6-617ceda9a29a,baaedf71-9bd7-48da-8120-c69651880dc7,job_scraped_52a335c968,30,poor,,engineering,,"Match Score: 30%

Strong matches:
✓ Profile captured

Potential gap:
! engineering

Why this job matches:
This role only partially overlaps with your current skills and preferences.",2026-09-04T19:55:03.931Z,2026-09-04T19:57:20.985Z,pending,,
d2a5417b-c5c8-4033-83cd-25259420b9d2,baaedf71-9bd7-48da-8120-c69651880dc7,job_scraped_56a8a178cc,30,poor,,engineering,,"Match Score: 30%

Strong matches:
✓ Profile captured

Potential gap:
! engineering

Why this job matches:
This role only partially overlaps with your current skills and preferences.",2026-09-04T19:55:04.558Z,2026-09-04T19:57:21.595Z,pending,,
1f4ef8dd-259d-4064-bb1c-5e52a9664a84,baaedf71-9bd7-48da-8120-c69651880dc7,job_scraped_3615b96c52,30,poor,,sales,,"Match Score: 30%

Strong matches:
✓ Profile captured

Potential gap:
! sales

Why this job matches:
This role only partially overlaps with your current skills and preferences.",2026-09-04T19:55:06.016Z,2026-09-04T19:57:22.583Z,pending,,
6839a37d-3970-4d09-aec6-6fea1934919c,baaedf71-9bd7-48da-8120-c69651880dc7,job_scraped_5746402edb,30,poor,,operations,,"Match Score: 30%

Strong matches:
✓ Profile captured

Potential gap:
! operations

Why this job matches:
This role only partially overlaps with your current skills and preferences.",2026-09-04T19:55:06.737Z,2026-09-04T19:57:23.338Z,pending,,
e6d3dec5-f20d-496c-ad07-998f305f2129,baaedf71-9bd7-48da-8120-c69651880dc7,job_scraped_e8209a2320,30,poor,,engineering,,"Match Score: 30%

Strong matches:
✓ Profile captured

Potential gap:
! engineering

Why this job matches:
This role only partially overlaps with your current skills and preferences.",2026-09-04T19:55:07.439Z,2026-09-04T19:57:24.085Z,pending,,
db9b748a-016e-4d64-9e29-6786424ed9b2,baaedf71-9bd7-48da-8120-c69651880dc7,job_scraped_80e5b854d7,27,poor,,engineering,,"Match Score: 27%

Strong matches:
✓ Profile captured

Potential gap:
! engineering
! Seniority mismatch

Why this job matches:
This role only partially overlaps with your current skills and preferences.",2026-09-04T19:55:08.171Z,2026-09-04T19:57:25.075Z,pending,,
79745134-01e0-4f72-bdd8-42c77b5e8e63,baaedf71-9bd7-48da-8120-c69651880dc7,job_scraped_fcc0d7a88e,34,poor,,engineering,,"Match Score: 34%

Strong matches:
✓ Profile captured

Potential gap:
! engineering

Why this job matches:
This role only partially overlaps with your current skills and preferences.",2026-09-04T19:55:09.167Z,2026-09-04T19:57:26.771Z,pending,,
21ba1667-7b93-469c-8def-43d5f4d573e7,baaedf71-9bd7-48da-8120-c69651880dc7,job_scraped_5250c6f1f8,34,poor,,ai,,"Match Score: 34%

Strong matches:
✓ Profile captured

Potential gap:
! ai

Why this job matches:
This role only partially overlaps with your current skills and preferences.",2026-09-04T19:55:10.828Z,2026-09-04T19:57:27.790Z,pending,,
bb955ade-7d1b-4963-8d85-ea98429fa090,baaedf71-9bd7-48da-8120-c69651880dc7,job_scraped_a1c2d907bb,27,poor,,engineering,,"Match Score: 27%

Strong matches:
✓ Profile captured

Potential gap:
! engineering
! Seniority mismatch

Why this job matches:
This role only partially overlaps with your current skills and preferences.",2026-09-04T19:55:12.034Z,2026-09-04T19:57:28.631Z,pending,,
031d3f80-6c43-481b-a985-831c939377b1,baaedf71-9bd7-48da-8120-c69651880dc7,job_scraped_7debf1f045,30,poor,,finance,,"Match Score: 30%

Strong matches:
✓ Profile captured

Potential gap:
! finance

Why this job matches:
This role only partially overlaps with your current skills and preferences.",2026-09-04T19:55:12.972Z,2026-09-04T19:57:29.377Z,pending,,
bf6968ba-3201-494f-beae-e40e500c5536,baaedf71-9bd7-48da-8120-c69651880dc7,job_scraped_3afe7bfe8d,27,poor,,engineering,,"Match Score: 27%

Strong matches:
✓ Profile captured

Potential gap:
! engineering
! Seniority mismatch

Why this job matches:
This role only partially overlaps with your current skills and preferences.",2026-09-04T19:55:14.252Z,2026-09-04T19:57:30.202Z,pending,,
2d151557-eec9-40ab-a064-c5cd06cb30af,baaedf71-9bd7-48da-8120-c69651880dc7,job_scraped_6f9f5f2f41,30,poor,,operations,,"Match Score: 30%

Strong matches:
✓ Profile captured

Potential gap:
! operations

Why this job matches:
This role only partially overlaps with your current skills and preferences.",2026-09-04T19:55:14.920Z,2026-09-04T19:57:30.879Z,pending,,
3a68da25-8f55-4ddd-a276-388a40ce68a8,baaedf71-9bd7-48da-8120-c69651880dc7,job_scraped_92b4aa4e5d,27,poor,,sales,,"Match Score: 27%

Strong matches:
✓ Profile captured

Potential gap:
! sales
! Seniority mismatch

Why this job matches:
This role only partially overlaps with your current skills and preferences.",2026-09-04T19:55:15.508Z,2026-09-04T19:57:31.836Z,pending,,
b363f4ce-03ba-4a69-8f03-ff8e750cfabb,baaedf71-9bd7-48da-8120-c69651880dc7,job_scraped_8950eb794c,30,poor,,engineering,,"Match Score: 30%

Strong matches:
✓ Profile captured

Potential gap:
! engineering

Why this job matches:
This role only partially overlaps with your current skills and preferences.",2026-09-04T19:55:16.380Z,2026-09-04T19:57:33.579Z,pending,,
c74c7520-3e90-45fb-b8d3-5f36bf3115b9,baaedf71-9bd7-48da-8120-c69651880dc7,job_scraped_e99fcd5c2b,27,poor,,engineering,,"Match Score: 27%

Strong matches:
✓ Profile captured

Potential gap:
! engineering
! Seniority mismatch

Why this job matches:
This role only partially overlaps with your current skills and preferences.",2026-09-04T19:55:17.126Z,2026-09-04T19:57:35.232Z,pending,,
55d2486b-0e9a-4afd-8a42-f892d81c73a4,baaedf71-9bd7-48da-8120-c69651880dc7,job_scraped_762e631eb6,30,poor,,ai,,"Match Score: 30%

Strong matches:
✓ Profile captured

Potential gap:
! ai

Why this job matches:
This role only partially overlaps with your current skills and preferences.",2026-09-04T19:55:18.155Z,2026-09-04T19:57:36.263Z,pending,,
82dacefa-e777-4328-ac8b-2806ad0ed884,baaedf71-9bd7-48da-8120-c69651880dc7,job_scraped_8beaceb464,30,poor,,marketing,,"Match Score: 30%

Strong matches:
✓ Profile captured

Potential gap:
! marketing

Why this job matches:
This role only partially overlaps with your current skills and preferences.",2026-09-04T19:55:19.032Z,2026-09-04T19:57:37.143Z,pending,,
f0b7432c-021b-4760-afb1-a2c9dd4691de,baaedf71-9bd7-48da-8120-c69651880dc7,job_scraped_6b6c76275d,30,poor,,engineering,,"Match Score: 30%

Strong matches:
✓ Profile captured

Potential gap:
! engineering

Why this job matches:
This role only partially overlaps with your current skills and preferences.",2026-09-04T19:55:19.698Z,2026-09-04T19:57:37.722Z,pending,,
f0f51389-3965-4013-a82e-a6c96a8216af,baaedf71-9bd7-48da-8120-c69651880dc7,job_scraped_30368d9590,27,poor,,marketing|product management,,"Match Score: 27%

Strong matches:
✓ Profile captured

Potential gap:
! marketing
! product management
! Seniority mismatch

Why this job matches:
This role only partially overlaps with your current skills and preferences.",2026-09-04T19:55:20.391Z,2026-09-04T19:57:38.555Z,pending,,
8beb5e70-188c-4f78-8d5d-111462eb7a4a,baaedf71-9bd7-48da-8120-c69651880dc7,job_scraped_71a0bb69c8,30,poor,,product management,,"Match Score: 30%

Strong matches:
✓ Profile captured

Potential gap:
! product management

Why this job matches:
This role only partially overlaps with your current skills and preferences.",2026-09-04T19:55:21.218Z,2026-09-04T19:57:39.479Z,pending,,
8e7f8a3d-ab7f-4b14-bb67-dafee09f740f,baaedf71-9bd7-48da-8120-c69651880dc7,job_scraped_ed03bc8e83,30,poor,,engineering,,"Match Score: 30%

Strong matches:
✓ Profile captured

Potential gap:
! engineering

Why this job matches:
This role only partially overlaps with your current skills and preferences.",2026-09-04T19:55:21.982Z,2026-09-04T19:57:40.309Z,pending,,
23813c59-e7df-466d-ba76-63fa6db9a793,baaedf71-9bd7-48da-8120-c69651880dc7,job_scraped_1e17de1665,30,poor,,sales,,"Match Score: 30%

Strong matches:
✓ Profile captured

Potential gap:
! sales

Why this job matches:
This role only partially overlaps with your current skills and preferences.",2026-09-04T19:55:22.894Z,2026-09-04T19:57:41.384Z,pending,,
bee03679-e063-49f5-bc15-427d2afa2010,baaedf71-9bd7-48da-8120-c69651880dc7,job_scraped_f6bb245c1b,30,poor,,sales,,"Match Score: 30%

Strong matches:
✓ Profile captured

Potential gap:
! sales

Why this job matches:
This role only partially overlaps with your current skills and preferences.",2026-09-04T19:55:23.505Z,2026-09-04T19:57:42.391Z,pending,,
9d9d1c72-e11b-4d67-af54-f2f03c0a6ee0,baaedf71-9bd7-48da-8120-c69651880dc7,job_scraped_47a09b2424,30,poor,,engineering,,"Match Score: 30%

Strong matches:
✓ Profile captured

Potential gap:
! engineering

Why this job matches:
This role only partially overlaps with your current skills and preferences.",2026-09-04T19:55:24.390Z,2026-09-04T19:57:43.508Z,pending,,
ada4cef7-fbdf-4637-a4e5-84046a2b6f8f,baaedf71-9bd7-48da-8120-c69651880dc7,job_scraped_7202c5bf41,27,poor,,engineering,,"Match Score: 27%

Strong matches:
✓ Profile captured

Potential gap:
! engineering
! Seniority mismatch

Why this job matches:
This role only partially overlaps with your current skills and preferences.",2026-09-04T19:55:25.083Z,2026-09-04T19:57:44.368Z,pending,,
bd730ed4-5d88-4443-b1a2-0103c165b796,baaedf71-9bd7-48da-8120-c69651880dc7,job_scraped_1123debf49,27,poor,,engineering,,"Match Score: 27%

Strong matches:
✓ Profile captured

Potential gap:
! engineering
! Seniority mismatch

Why this job matches:
This role only partially overlaps with your current skills and preferences.",2026-09-04T19:55:26.158Z,2026-09-04T19:57:45.368Z,pending,,
bcbf36cb-ef38-4f85-9911-da7427e9827e,baaedf71-9bd7-48da-8120-c69651880dc7,job_scraped_85bf4c071f,30,poor,,sales,,"Match Score: 30%

Strong matches:
✓ Profile captured

Potential gap:
! sales

Why this job matches:
This role only partially overlaps with your current skills and preferences.",2026-09-04T19:55:26.853Z,2026-09-04T19:57:46.086Z,pending,,
504ab47a-7fb3-4dcf-80ef-1f0476883f40,baaedf71-9bd7-48da-8120-c69651880dc7,job_scraped_ca226fbbf4,30,poor,,smart contracts,,"Match Score: 30%

Strong matches:
✓ Profile captured

Potential gap:
! smart contracts

Why this job matches:
This role only partially overlaps with your current skills and preferences.",2026-09-04T19:55:28.139Z,2026-09-04T19:57:47.148Z,pending,,
c4a130c6-9c27-4287-9a40-c89ae046b769,baaedf71-9bd7-48da-8120-c69651880dc7,job_scraped_c3e07b7397,30,poor,,engineering,,"Match Score: 30%

Strong matches:
✓ Profile captured

Potential gap:
! engineering

Why this job matches:
This role only partially overlaps with your current skills and preferences.",2026-09-04T19:55:29.107Z,2026-09-04T19:57:47.970Z,pending,,
188e96ea-4d72-4833-9a0c-ffef1390a5fa,baaedf71-9bd7-48da-8120-c69651880dc7,job_scraped_242fa5cea2,30,poor,,engineering,,"Match Score: 30%

Strong matches:
✓ Profile captured

Potential gap:
! engineering

Why this job matches:
This role only partially overlaps with your current skills and preferences.",2026-09-04T19:55:29.742Z,2026-09-04T19:57:49.121Z,pending,,
86f7e721-f7fc-4e8d-ac98-4b13c7a94892,baaedf71-9bd7-48da-8120-c69651880dc7,job_scraped_83600eb566,30,poor,,engineering,,"Match Score: 30%

Strong matches:
✓ Profile captured

Potential gap:
! engineering

Why this job matches:
This role only partially overlaps with your current skills and preferences.",2026-09-04T19:55:30.363Z,2026-09-04T19:57:50.020Z,pending,,
c6b53141-2635-4ed9-a246-8bfba7e0563e,baaedf71-9bd7-48da-8120-c69651880dc7,job_scraped_492b2efaae,30,poor,,marketing,,"Match Score: 30%

Strong matches:
✓ Profile captured

Potential gap:
! marketing

Why this job matches:
This role only partially overlaps with your current skills and preferences.",2026-09-04T19:55:31.109Z,2026-09-04T19:57:50.679Z,pending,,
dbf25c34-4c30-4777-833b-8bcf9cd79f10,baaedf71-9bd7-48da-8120-c69651880dc7,job_scraped_6071a539bb,30,poor,,go|typescript,,"Match Score: 30%

Strong matches:
✓ Profile captured

Potential gap:
! go
! typescript

Why this job matches:
This role only partially overlaps with your current skills and preferences.",2026-09-04T19:55:31.874Z,2026-09-04T19:57:51.316Z,pending,,
6021e965-6ccc-49c0-a852-d64369b72d41,baaedf71-9bd7-48da-8120-c69651880dc7,job_scraped_7e9fe59446,27,poor,,smart contracts,,"Match Score: 27%

Strong matches:
✓ Profile captured

Potential gap:
! smart contracts
! Seniority mismatch

Why this job matches:
This role only partially overlaps with your current skills and preferences.",2026-09-04T19:55:32.557Z,2026-09-04T19:57:52.953Z,pending,,
56c39d70-810c-47f2-ac8c-724132cf1a2b,baaedf71-9bd7-48da-8120-c69651880dc7,job_scraped_574ec88bf9,30,poor,,smart contracts,,"Match Score: 30%

Strong matches:
✓ Profile captured

Potential gap:
! smart contracts

Why this job matches:
This role only partially overlaps with your current skills and preferences.",2026-09-04T19:55:33.241Z,2026-09-04T19:57:53.764Z,pending,,
0c390b0d-3b63-4615-b4cc-1deda075d1bd,baaedf71-9bd7-48da-8120-c69651880dc7,job_scraped_97b2c5e74c,27,poor,,product management,,"Match Score: 27%

Strong matches:
✓ Profile captured

Potential gap:
! product management
! Seniority mismatch

Why this job matches:
This role only partially overlaps with your current skills and preferences.",2026-09-04T19:55:33.937Z,2026-09-04T19:57:54.905Z,pending,,
bd1c46d3-377b-44c8-88e2-e6eb93f81f80,baaedf71-9bd7-48da-8120-c69651880dc7,job_scraped_f494a27789,34,poor,,engineering,,"Match Score: 34%

Strong matches:
✓ Profile captured

Potential gap:
! engineering

Why this job matches:
This role only partially overlaps with your current skills and preferences.",2026-09-04T19:55:34.365Z,2026-09-04T19:57:55.465Z,pending,,
07c6d06d-d9c9-4ed3-be6a-bd031ad26378,baaedf71-9bd7-48da-8120-c69651880dc7,job_scraped_041029d172,30,poor,,engineering,,"Match Score: 30%

Strong matches:
✓ Profile captured

Potential gap:
! engineering

Why this job matches:
This role only partially overlaps with your current skills and preferences.",2026-09-04T19:55:34.999Z,2026-09-04T19:57:56.220Z,pending,,
0ed4ea17-7fc5-44d2-8829-0e2b1b43bfb5,baaedf71-9bd7-48da-8120-c69651880dc7,job_scraped_eb9c5e9780,30,poor,,product management,,"Match Score: 30%

Strong matches:
✓ Profile captured

Potential gap:
! product management

Why this job matches:
This role only partially overlaps with your current skills and preferences.",2026-09-04T19:55:35.452Z,2026-09-04T19:57:57.069Z,pending,,
1c9c3513-3e1f-48ef-b447-ee72d8f1a36d,baaedf71-9bd7-48da-8120-c69651880dc7,job_scraped_6e62b13d35,30,poor,,engineering,,"Match Score: 30%

Strong matches:
✓ Profile captured

Potential gap:
! engineering

Why this job matches:
This role only partially overlaps with your current skills and preferences.",2026-09-04T19:55:36.164Z,2026-09-04T19:57:57.995Z,pending,,
7f9c2e19-c4cf-4a0d-9d90-b0bd6d9d3950,baaedf71-9bd7-48da-8120-c69651880dc7,job_scraped_d89c700cca,30,poor,,engineering,,"Match Score: 30%

Strong matches:
✓ Profile captured

Potential gap:
! engineering

Why this job matches:
This role only partially overlaps with your current skills and preferences.",2026-09-04T19:55:36.821Z,2026-09-04T19:57:58.894Z,pending,,
f4111c60-2efe-4a5f-8200-f3e46cefd588,baaedf71-9bd7-48da-8120-c69651880dc7,job_scraped_c9428046ba,30,poor,,engineering,,"Match Score: 30%

Strong matches:
✓ Profile captured

Potential gap:
! engineering

Why this job matches:
This role only partially overlaps with your current skills and preferences.",2026-09-04T19:55:37.462Z,2026-09-04T19:58:00.033Z,pending,,
4c311e8c-f00e-4c0f-8255-c0d64f38ff3b,baaedf71-9bd7-48da-8120-c69651880dc7,job_scraped_2e59db66e8,30,poor,,executive,,"Match Score: 30%

Strong matches:
✓ Profile captured

Potential gap:
! executive

Why this job matches:
This role only partially overlaps with your current skills and preferences.",2026-09-04T19:55:38.120Z,2026-09-04T19:58:00.999Z,pending,,
ae4db9f1-ceab-4e77-8680-bcca008e3d69,baaedf71-9bd7-48da-8120-c69651880dc7,job_scraped_ab0be42317,33,poor,,engineering,,"Match Score: 33%

Strong matches:
✓ Profile captured

Potential gap:
! engineering

Why this job matches:
This role only partially overlaps with your current skills and preferences.",2026-09-04T19:55:38.838Z,2026-09-04T19:58:01.530Z,pending,,
4aeaaa50-5b53-4fa3-8cf7-35b91311b385,baaedf71-9bd7-48da-8120-c69651880dc7,job_scraped_25fc1cde9f,30,poor,,engineering,,"Match Score: 30%

Strong matches:
✓ Profile captured

Potential gap:
! engineering

Why this job matches:
This role only partially overlaps with your current skills and preferences.",2026-09-04T19:55:39.502Z,2026-09-04T19:58:02.356Z,pending,,
906e66a7-f51b-4b58-b0d9-d53896013653,baaedf71-9bd7-48da-8120-c69651880dc7,job_scraped_6779f74123,30,poor,,quantitative analysis,,"Match Score: 30%

Strong matches:
✓ Profile captured

Potential gap:
! quantitative analysis

Why this job matches:
This role only partially overlaps with your current skills and preferences.",2026-09-04T19:55:40.307Z,2026-09-04T19:58:03.095Z,pending,,
74cdc48d-07e6-4035-9fa5-07e04c75ea76,baaedf71-9bd7-48da-8120-c69651880dc7,job_scraped_b3c7e8ae70,30,poor,,engineering,,"Match Score: 30%

Strong matches:
✓ Profile captured

Potential gap:
! engineering

Why this job matches:
This role only partially overlaps with your current skills and preferences.",2026-09-04T19:55:41.295Z,2026-09-04T19:58:03.760Z,pending,,
e42f4e9d-76bb-4fce-9654-ffe0f593b661,baaedf71-9bd7-48da-8120-c69651880dc7,job_scraped_779eb5bc93,30,poor,,quantitative analysis,,"Match Score: 30%

Strong matches:
✓ Profile captured

Potential gap:
! quantitative analysis

Why this job matches:
This role only partially overlaps with your current skills and preferences.",2026-09-04T19:55:41.936Z,2026-09-04T19:58:04.513Z,pending,,
50d997e9-9157-4f6d-8a4a-f66ee3d47102,baaedf71-9bd7-48da-8120-c69651880dc7,job_scraped_e20756b552,30,poor,,research,,"Match Score: 30%

Strong matches:
✓ Profile captured

Potential gap:
! research

Why this job matches:
This role only partially overlaps with your current skills and preferences.",2026-09-04T19:55:42.615Z,2026-09-04T19:58:05.213Z,pending,,
13978c23-c31a-480c-bbd7-db917c08e701,baaedf71-9bd7-48da-8120-c69651880dc7,job_scraped_72ee3ac712,30,poor,,engineering,,"Match Score: 30%

Strong matches:
✓ Profile captured

Potential gap:
! engineering

Why this job matches:
This role only partially overlaps with your current skills and preferences.",2026-09-04T19:55:43.292Z,2026-09-04T19:58:05.736Z,pending,,
620ec2b2-012d-4f78-9035-913dde45677f,baaedf71-9bd7-48da-8120-c69651880dc7,job_scraped_67a4ae9b04,27,poor,,compliance,,"Match Score: 27%

Strong matches:
✓ Profile captured

Potential gap:
! compliance
! Seniority mismatch

Why this job matches:
This role only partially overlaps with your current skills and preferences.",2026-09-04T19:55:44.303Z,2026-09-04T19:58:06.457Z,pending,,
d817cebf-5c33-4780-98c5-6eebcbc554a4,baaedf71-9bd7-48da-8120-c69651880dc7,job_scraped_8052567c38,27,poor,,legal,,"Match Score: 27%

Strong matches:
✓ Profile captured

Potential gap:
! legal
! Seniority mismatch

Why this job matches:
This role only partially overlaps with your current skills and preferences.",2026-09-04T19:55:44.975Z,2026-09-04T19:58:07.374Z,pending,,
005895b4-cd03-444a-870e-3789d12ebcf5,baaedf71-9bd7-48da-8120-c69651880dc7,job_scraped_87560a7244,30,poor,,product management,,"Match Score: 30%

Strong matches:
✓ Profile captured

Potential gap:
! product management

Why this job matches:
This role only partially overlaps with your current skills and preferences.",2026-09-04T19:55:48.368Z,2026-09-04T19:58:08.128Z,pending,,
1cbd862d-d015-4bd6-a708-1ea63e2189bf,baaedf71-9bd7-48da-8120-c69651880dc7,job_scraped_2b401bc28d,27,poor,,marketing,,"Match Score: 27%

Strong matches:
✓ Profile captured

Potential gap:
! marketing
! Seniority mismatch

Why this job matches:
This role only partially overlaps with your current skills and preferences.",2026-09-04T19:55:48.955Z,2026-09-04T19:58:09.777Z,pending,,
1043baac-3bf1-4274-9509-c632ddf08b45,baaedf71-9bd7-48da-8120-c69651880dc7,job_scraped_f67306838f,30,poor,,executive,,"Match Score: 30%

Strong matches:
✓ Profile captured

Potential gap:
! executive

Why this job matches:
This role only partially overlaps with your current skills and preferences.",2026-09-04T19:55:49.649Z,2026-09-04T19:58:10.646Z,pending,,
d9326fa8-db82-4d77-af82-44fbc50eccef,baaedf71-9bd7-48da-8120-c69651880dc7,job_scraped_67e94903f1,30,poor,,executive,,"Match Score: 30%

Strong matches:
✓ Profile captured

Potential gap:
! executive

Why this job matches:
This role only partially overlaps with your current skills and preferences.",2026-09-04T19:55:50.189Z,2026-09-04T19:58:11.847Z,pending,,
79265bf0-80dd-435f-921a-189f4271da16,baaedf71-9bd7-48da-8120-c69651880dc7,job_scraped_06a0724a4e,30,poor,,operations,,"Match Score: 30%

Strong matches:
✓ Profile captured

Potential gap:
! operations

Why this job matches:
This role only partially overlaps with your current skills and preferences.",2026-09-04T19:55:50.878Z,2026-09-04T19:58:12.587Z,pending,,
ea6a1150-23c9-448b-ba2f-c888625f2628,baaedf71-9bd7-48da-8120-c69651880dc7,job_scraped_99d99637a6,27,poor,,engineering,,"Match Score: 27%

Strong matches:
✓ Profile captured

Potential gap:
! engineering
! Seniority mismatch

Why this job matches:
This role only partially overlaps with your current skills and preferences.",2026-09-04T19:55:51.507Z,2026-09-04T19:58:13.535Z,pending,,
990732b5-1cd0-4318-bb11-157ac84c9ddd,baaedf71-9bd7-48da-8120-c69651880dc7,job_scraped_9ad5107cd9,27,poor,,engineering,,"Match Score: 27%

Strong matches:
✓ Profile captured

Potential gap:
! engineering
! Seniority mismatch

Why this job matches:
This role only partially overlaps with your current skills and preferences.",2026-09-04T19:55:52.209Z,2026-09-04T19:58:14.192Z,pending,,
8c152d43-183a-4822-873a-f6be3e86fb8e,baaedf71-9bd7-48da-8120-c69651880dc7,job_scraped_e557f625a5,27,poor,,engineering,,"Match Score: 27%

Strong matches:
✓ Profile captured

Potential gap:
! engineering
! Seniority mismatch

Why this job matches:
This role only partially overlaps with your current skills and preferences.",2026-09-04T19:55:53.046Z,2026-09-04T19:58:14.970Z,pending,,
f750c845-745e-4227-9570-cc3f39ccd8df,baaedf71-9bd7-48da-8120-c69651880dc7,job_scraped_1ddd305190,27,poor,,engineering,,"Match Score: 27%

Strong matches:
✓ Profile captured

Potential gap:
! engineering
! Seniority mismatch

Why this job matches:
This role only partially overlaps with your current skills and preferences.",2026-09-04T19:55:53.798Z,2026-09-04T19:58:15.655Z,pending,,
8a6e2cd4-c6d8-47ad-8c25-65c2a3b969ba,baaedf71-9bd7-48da-8120-c69651880dc7,job_scraped_ca5bb3891c,27,poor,,engineering,,"Match Score: 27%

Strong matches:
✓ Profile captured

Potential gap:
! engineering
! Seniority mismatch

Why this job matches:
This role only partially overlaps with your current skills and preferences.",2026-09-04T19:55:54.570Z,2026-09-04T19:58:16.719Z,pending,,
c123e6f8-125f-4d88-98ac-1831c0e24df9,baaedf71-9bd7-48da-8120-c69651880dc7,job_scraped_6d10bb1d9a,27,poor,,engineering,,"Match Score: 27%

Strong matches:
✓ Profile captured

Potential gap:
! engineering
! Seniority mismatch

Why this job matches:
This role only partially overlaps with your current skills and preferences.",2026-09-04T19:55:55.213Z,2026-09-04T19:58:17.890Z,pending,,
2e16f539-faf8-460c-bb24-9c8e41eb53ec,baaedf71-9bd7-48da-8120-c69651880dc7,job_scraped_6dd215c83b,27,poor,,engineering,,"Match Score: 27%

Strong matches:
✓ Profile captured

Potential gap:
! engineering
! Seniority mismatch

Why this job matches:
This role only partially overlaps with your current skills and preferences.",2026-09-04T19:55:55.988Z,2026-09-04T19:58:19.107Z,pending,,
d653a8f4-3b0c-42ee-83fc-bbf3dcd5ef1c,baaedf71-9bd7-48da-8120-c69651880dc7,job_scraped_bcb7a93dea,27,poor,,trading,,"Match Score: 27%

Strong matches:
✓ Profile captured

Potential gap:
! trading
! Seniority mismatch

Why this job matches:
This role only partially overlaps with your current skills and preferences.",2026-09-04T19:55:56.821Z,2026-09-04T19:58:19.989Z,pending,,
8455cff3-2de3-49e3-8c67-efc714ac888f,baaedf71-9bd7-48da-8120-c69651880dc7,job_scraped_e2b95dc807,42,poor,,engineering,,"Match Score: 42%

Strong matches:
✓ Target role alignment

Potential gap:
! engineering
! Seniority mismatch

Why this job matches:
This role only partially overlaps with your current skills and preferences.",2026-09-04T19:55:57.702Z,2026-09-04T19:58:20.774Z,pending,,
985adba3-2cce-419e-b1c9-8d0b28314586,baaedf71-9bd7-48da-8120-c69651880dc7,job_scraped_7e4d2e2ddb,27,poor,,product management,,"Match Score: 27%

Strong matches:
✓ Profile captured

Potential gap:
! product management
! Seniority mismatch

Why this job matches:
This role only partially overlaps with your current skills and preferences.",2026-09-04T19:55:58.404Z,2026-09-04T19:58:21.672Z,pending,,
c856fcbf-f44a-4dba-b266-77388d855779,baaedf71-9bd7-48da-8120-c69651880dc7,job_scraped_b32b22d213,30,poor,,engineering,,"Match Score: 30%

Strong matches:
✓ Profile captured

Potential gap:
! engineering

Why this job matches:
This role only partially overlaps with your current skills and preferences.",2026-09-04T19:55:59.255Z,2026-09-04T19:58:23.219Z,pending,,
cea0b295-ad95-4add-af77-6c5ca6b37e72,baaedf71-9bd7-48da-8120-c69651880dc7,job_scraped_9d0ced7841,30,poor,,engineering,,"Match Score: 30%

Strong matches:
✓ Profile captured

Potential gap:
! engineering

Why this job matches:
This role only partially overlaps with your current skills and preferences.",2026-09-04T19:55:59.828Z,2026-09-04T19:58:24.067Z,pending,,
5f8c634a-5e44-43f2-92df-2abe920507f6,baaedf71-9bd7-48da-8120-c69651880dc7,job_scraped_822b7c1ba0,34,poor,,engineering,,"Match Score: 34%

Strong matches:
✓ Remote

Potential gap:
! engineering

Why this job matches:
This role only partially overlaps with your current skills and preferences.",2026-09-04T19:56:00.457Z,2026-09-04T19:58:25.042Z,pending,,
c9e454f6-0665-4b0c-a67d-07a5a67b7b25,baaedf71-9bd7-48da-8120-c69651880dc7,job_scraped_807ccab8d6,34,poor,,engineering,,"Match Score: 34%

Strong matches:
✓ Remote

Potential gap:
! engineering

Why this job matches:
This role only partially overlaps with your current skills and preferences.",2026-09-04T19:56:01.115Z,2026-09-04T19:58:26.014Z,pending,,
02ea2daa-f164-4338-8913-25651338b703,baaedf71-9bd7-48da-8120-c69651880dc7,job_scraped_1b06c6382f,34,poor,,rust,,"Match Score: 34%

Strong matches:
✓ Remote

Potential gap:
! rust

Why this job matches:
This role only partially overlaps with your current skills and preferences.",2026-09-04T19:56:02.079Z,2026-09-04T19:58:28.967Z,pending,,
7a961aa0-b829-403b-a626-59c03ad027b4,baaedf71-9bd7-48da-8120-c69651880dc7,job_scraped_ad3a727720,34,poor,,engineering,,"Match Score: 34%

Strong matches:
✓ Remote

Potential gap:
! engineering

Why this job matches:
This role only partially overlaps with your current skills and preferences.",2026-09-04T19:56:03.011Z,2026-09-04T19:58:30.109Z,pending,,
60e3da60-835a-4896-80f4-0fa131b5806e,baaedf71-9bd7-48da-8120-c69651880dc7,job_scraped_f3ea4d6989,34,poor,,product management,,"Match Score: 34%

Strong matches:
✓ Remote

Potential gap:
! product management

Why this job matches:
This role only partially overlaps with your current skills and preferences.",2026-09-04T19:56:03.887Z,2026-09-04T19:58:30.765Z,pending,,
0bd85aee-2650-4ab3-bb93-54ebc6de888b,baaedf71-9bd7-48da-8120-c69651880dc7,job_scraped_2031fe5c9f,30,poor,,engineering,,"Match Score: 30%

Strong matches:
✓ Profile captured

Potential gap:
! engineering

Why this job matches:
This role only partially overlaps with your current skills and preferences.",2026-09-04T19:56:04.641Z,2026-09-04T19:58:31.596Z,pending,,
4a0cf8c5-260d-4c70-aa24-6d964ef782fb,baaedf71-9bd7-48da-8120-c69651880dc7,job_scraped_870a9d315d,30,poor,,executive,,"Match Score: 30%

Strong matches:
✓ Profile captured

Potential gap:
! executive

Why this job matches:
This role only partially overlaps with your current skills and preferences.",2026-09-04T19:56:05.323Z,2026-09-04T19:58:32.657Z,pending,,
a2100a25-8361-429f-9986-0589616f9b00,baaedf71-9bd7-48da-8120-c69651880dc7,job_scraped_502c920a24,30,poor,,engineering,,"Match Score: 30%

Strong matches:
✓ Profile captured

Potential gap:
! engineering

Why this job matches:
This role only partially overlaps with your current skills and preferences.",2026-09-04T19:56:06.091Z,2026-09-04T19:58:33.887Z,pending,,
317a65f0-5c27-4ac3-84f7-731d53632cf4,baaedf71-9bd7-48da-8120-c69651880dc7,job_scraped_a51f0ae50f,30,poor,,finance,,"Match Score: 30%

Strong matches:
✓ Profile captured

Potential gap:
! finance

Why this job matches:
This role only partially overlaps with your current skills and preferences.",2026-09-04T19:56:07.013Z,2026-09-04T19:58:35.065Z,pending,,
d97bd482-4112-4401-84de-2793cc7505c0,baaedf71-9bd7-48da-8120-c69651880dc7,job_scraped_0ca3c3c725,30,poor,,finance,,"Match Score: 30%

Strong matches:
✓ Profile captured

Potential gap:
! finance

Why this job matches:
This role only partially overlaps with your current skills and preferences.",2026-09-04T19:56:08.507Z,2026-09-04T19:58:35.912Z,pending,,
d83f3492-ea9f-4af9-a099-30868bc92b8a,baaedf71-9bd7-48da-8120-c69651880dc7,job_scraped_e7f52f2382,27,poor,,finance,,"Match Score: 27%

Strong matches:
✓ Profile captured

Potential gap:
! finance
! Seniority mismatch

Why this job matches:
This role only partially overlaps with your current skills and preferences.",2026-09-04T19:56:09.878Z,2026-09-04T19:58:36.772Z,pending,,
bcf569fc-612e-4612-ab96-192cdb733564,baaedf71-9bd7-48da-8120-c69651880dc7,job_scraped_aa1de7b927,30,poor,,finance,,"Match Score: 30%

Strong matches:
✓ Profile captured

Potential gap:
! finance

Why this job matches:
This role only partially overlaps with your current skills and preferences.",2026-09-04T19:56:11.110Z,2026-09-04T19:58:37.670Z,pending,,
48d25303-ef95-4718-821f-65d2d13c4c49,baaedf71-9bd7-48da-8120-c69651880dc7,job_scraped_f3c6a5ee59,30,poor,,product management,,"Match Score: 30%

Strong matches:
✓ Profile captured

Potential gap:
! product management

Why this job matches:
This role only partially overlaps with your current skills and preferences.",2026-09-04T19:56:12.040Z,2026-09-04T19:58:38.485Z,pending,,
ce1bdc4c-60c2-4ca8-bfe6-0d1ff7e4f84c,baaedf71-9bd7-48da-8120-c69651880dc7,job_scraped_363ab62754,30,poor,,compliance,,"Match Score: 30%

Strong matches:
✓ Profile captured

Potential gap:
! compliance

Why this job matches:
This role only partially overlaps with your current skills and preferences.",2026-09-04T19:56:12.768Z,2026-09-04T19:58:39.210Z,pending,,
1b144dbb-d3aa-4f53-a748-0c7e93ba3e8b,baaedf71-9bd7-48da-8120-c69651880dc7,job_scraped_2ab0c499f0,27,poor,,compliance,,"Match Score: 27%

Strong matches:
✓ Profile captured

Potential gap:
! compliance
! Seniority mismatch

Why this job matches:
This role only partially overlaps with your current skills and preferences.",2026-09-04T19:56:13.416Z,2026-09-04T19:58:40.208Z,pending,,
237fba17-985f-4c80-aede-8d70b9a12757,baaedf71-9bd7-48da-8120-c69651880dc7,job_scraped_c8dca94a72,30,poor,,sales,,"Match Score: 30%

Strong matches:
✓ Profile captured

Potential gap:
! sales

Why this job matches:
This role only partially overlaps with your current skills and preferences.",2026-09-04T19:56:14.157Z,2026-09-04T19:58:41.360Z,pending,,
abdaa49f-481f-473a-99f1-2085bf548b5c,baaedf71-9bd7-48da-8120-c69651880dc7,job_scraped_0ebdd0826c,27,poor,,marketing|product management,,"Match Score: 27%

Strong matches:
✓ Profile captured

Potential gap:
! marketing
! product management
! Seniority mismatch

Why this job matches:
This role only partially overlaps with your current skills and preferences.",2026-09-04T19:56:14.879Z,2026-09-04T19:58:42.266Z,pending,,
de74c408-c25b-4c33-a6cc-e6f1318dd11c,baaedf71-9bd7-48da-8120-c69651880dc7,job_scraped_1696073b7a,30,poor,,executive,,"Match Score: 30%

Strong matches:
✓ Profile captured

Potential gap:
! executive

Why this job matches:
This role only partially overlaps with your current skills and preferences.",2026-09-04T19:56:15.542Z,2026-09-04T19:58:43.245Z,pending,,
c2008ceb-fcc1-44e5-bc66-1a524426452a,baaedf71-9bd7-48da-8120-c69651880dc7,job_scraped_3cee60e0d6,30,poor,,engineering,,"Match Score: 30%

Strong matches:
✓ Profile captured

Potential gap:
! engineering

Why this job matches:
This role only partially overlaps with your current skills and preferences.",2026-09-04T19:56:16.400Z,2026-09-04T19:58:43.925Z,pending,,
0da9eba7-a9c6-4f13-8579-faf65ffcc3d7,baaedf71-9bd7-48da-8120-c69651880dc7,job_scraped_4ffb41c4ec,30,poor,,engineering,,"Match Score: 30%

Strong matches:
✓ Profile captured

Potential gap:
! engineering

Why this job matches:
This role only partially overlaps with your current skills and preferences.",2026-09-04T19:56:17.428Z,2026-09-04T19:58:45.192Z,pending,,
14e79cf5-abae-47d8-a73a-26aa3fd22458,baaedf71-9bd7-48da-8120-c69651880dc7,job_scraped_1e7a069059,30,poor,,engineering,,"Match Score: 30%

Strong matches:
✓ Profile captured

Potential gap:
! engineering

Why this job matches:
This role only partially overlaps with your current skills and preferences.",2026-09-04T19:56:18.573Z,2026-09-04T19:58:46.040Z,pending,,
d8b020cd-521d-4ca0-80c7-a19b47e4360d,baaedf71-9bd7-48da-8120-c69651880dc7,job_scraped_a5df5af9ea,30,poor,,engineering,,"Match Score: 30%

Strong matches:
✓ Profile captured

Potential gap:
! engineering

Why this job matches:
This role only partially overlaps with your current skills and preferences.",2026-09-04T19:56:19.238Z,2026-09-04T19:58:47.893Z,pending,,
4ee0e247-0c19-496d-ab00-26c7f8b7a559,baaedf71-9bd7-48da-8120-c69651880dc7,job_scraped_2d0f077a79,30,poor,,engineering,,"Match Score: 30%

Strong matches:
✓ Profile captured

Potential gap:
! engineering

Why this job matches:
This role only partially overlaps with your current skills and preferences.",2026-09-04T19:56:20.146Z,2026-09-04T19:58:49.574Z,pending,,
a4ca445c-b254-453a-8ead-e84ce5faf111,baaedf71-9bd7-48da-8120-c69651880dc7,job_scraped_e47c26bc42,27,poor,,operations,,"Match Score: 27%

Strong matches:
✓ Profile captured

Potential gap:
! operations
! Seniority mismatch

Why this job matches:
This role only partially overlaps with your current skills and preferences.",2026-09-04T19:56:20.893Z,2026-09-04T19:58:50.260Z,pending,,
03e84d5f-82d6-4a96-9503-94c2eee85b71,baaedf71-9bd7-48da-8120-c69651880dc7,job_scraped_21fa5d5e91,30,poor,,engineering,,"Match Score: 30%

Strong matches:
✓ Profile captured

Potential gap:
! engineering

Why this job matches:
This role only partially overlaps with your current skills and preferences.",2026-09-04T19:56:21.608Z,2026-09-04T19:58:50.991Z,pending,,
a60f9cc4-10f9-4fdd-98d2-296936d4e233,baaedf71-9bd7-48da-8120-c69651880dc7,job_scraped_a3a3541456,30,poor,,engineering,,"Match Score: 30%

Strong matches:
✓ Profile captured

Potential gap:
! engineering

Why this job matches:
This role only partially overlaps with your current skills and preferences.",2026-09-04T19:56:22.295Z,2026-09-04T19:58:51.564Z,pending,,
b200b8f0-bbd0-4dca-b343-a0dafe37c54b,baaedf71-9bd7-48da-8120-c69651880dc7,job_scraped_af7abe2765,30,poor,,engineering,,"Match Score: 30%

Strong matches:
✓ Profile captured

Potential gap:
! engineering

Why this job matches:
This role only partially overlaps with your current skills and preferences.",2026-09-04T19:56:23.127Z,2026-09-04T19:58:52.406Z,pending,,
3385036d-25e3-41eb-b118-a8a6b4897299,baaedf71-9bd7-48da-8120-c69651880dc7,job_scraped_b054e1fb98,30,poor,,engineering,,"Match Score: 30%

Strong matches:
✓ Profile captured

Potential gap:
! engineering

Why this job matches:
This role only partially overlaps with your current skills and preferences.",2026-09-04T19:56:23.977Z,2026-09-04T19:58:53.262Z,pending,,
81ed3246-ac7c-4ffb-98e0-f7d118d9052f,baaedf71-9bd7-48da-8120-c69651880dc7,job_scraped_a850688716,27,poor,,rust,,"Match Score: 27%

Strong matches:
✓ Profile captured

Potential gap:
! rust
! Seniority mismatch

Why this job matches:
This role only partially overlaps with your current skills and preferences.",2026-09-04T19:56:24.759Z,2026-09-04T19:58:53.964Z,pending,,
ad6d2923-4a15-40f5-abb9-6385a9d72e58,baaedf71-9bd7-48da-8120-c69651880dc7,job_scraped_1b3ac95aa2,27,poor,,engineering,,"Match Score: 27%

Strong matches:
✓ Profile captured

Potential gap:
! engineering
! Seniority mismatch

Why this job matches:
This role only partially overlaps with your current skills and preferences.",2026-09-04T19:56:25.631Z,2026-09-04T19:58:54.830Z,pending,,
7784a71a-8ce5-45f4-ade3-0ec4b703d885,baaedf71-9bd7-48da-8120-c69651880dc7,job_scraped_89c2c161cc,30,poor,,smart contracts,,"Match Score: 30%

Strong matches:
✓ Profile captured

Potential gap:
! smart contracts

Why this job matches:
This role only partially overlaps with your current skills and preferences.",2026-09-04T19:56:26.617Z,2026-09-04T19:58:55.698Z,pending,,
14e1b716-bf11-47bb-8a99-90edf97d1464,baaedf71-9bd7-48da-8120-c69651880dc7,job_scraped_e340e5bb04,30,poor,,engineering,,"Match Score: 30%

Strong matches:
✓ Profile captured

Potential gap:
! engineering

Why this job matches:
This role only partially overlaps with your current skills and preferences.",2026-09-04T19:56:27.244Z,2026-09-04T19:58:56.570Z,pending,,
7342efdb-8579-42a5-80ce-01ca2cd528cb,baaedf71-9bd7-48da-8120-c69651880dc7,job_scraped_648a189f02,30,poor,,engineering,,"Match Score: 30%

Strong matches:
✓ Profile captured

Potential gap:
! engineering

Why this job matches:
This role only partially overlaps with your current skills and preferences.",2026-09-04T19:56:28.640Z,2026-09-04T19:58:57.388Z,pending,,
905a7cc7-8622-4070-8776-e87696e32d77,baaedf71-9bd7-48da-8120-c69651880dc7,job_scraped_86ae2719ea,30,poor,,executive,,"Match Score: 30%

Strong matches:
✓ Profile captured

Potential gap:
! executive

Why this job matches:
This role only partially overlaps with your current skills and preferences.",2026-09-04T19:56:29.526Z,2026-09-04T19:58:58.226Z,pending,,
6ab83587-2337-48d9-b884-20caec600ad2,baaedf71-9bd7-48da-8120-c69651880dc7,job_scraped_a29d068a61,27,poor,,ai,,"Match Score: 27%

Strong matches:
✓ Profile captured

Potential gap:
! ai
! Seniority mismatch

Why this job matches:
This role only partially overlaps with your current skills and preferences.",2026-09-04T19:56:30.439Z,2026-09-04T19:58:58.765Z,pending,,
472bf36a-f182-461f-a0a8-5664b39a9fa6,baaedf71-9bd7-48da-8120-c69651880dc7,job_scraped_aa77ae2e8f,27,poor,,engineering,,"Match Score: 27%

Strong matches:
✓ Profile captured

Potential gap:
! engineering
! Seniority mismatch

Why this job matches:
This role only partially overlaps with your current skills and preferences.",2026-09-04T19:56:31.075Z,2026-09-04T19:58:59.429Z,pending,,
0fc32d6d-4193-4e24-8f35-d6bf76acdbd6,baaedf71-9bd7-48da-8120-c69651880dc7,job_scraped_d95a0a85f2,30,poor,,product management,,"Match Score: 30%

Strong matches:
✓ Profile captured

Potential gap:
! product management

Why this job matches:
This role only partially overlaps with your current skills and preferences.",2026-09-04T19:56:32.083Z,2026-09-04T19:59:00.152Z,pending,,
a71922fd-050c-4812-9b17-946f94c34520,baaedf71-9bd7-48da-8120-c69651880dc7,job_scraped_099c81bb3c,30,poor,,research,,"Match Score: 30%

Strong matches:
✓ Profile captured

Potential gap:
! research

Why this job matches:
This role only partially overlaps with your current skills and preferences.",2026-09-04T19:56:33.056Z,2026-09-04T19:59:00.873Z,pending,,
b04d1e9a-3f46-4f7e-81aa-300f00590602,baaedf71-9bd7-48da-8120-c69651880dc7,job_scraped_1b411b6adc,34,poor,,research,,"Match Score: 34%

Strong matches:
✓ Profile captured

Potential gap:
! research

Why this job matches:
This role only partially overlaps with your current skills and preferences.",2026-09-04T19:56:33.859Z,2026-09-04T19:59:02.609Z,pending,,
717b9130-62ef-491b-a345-d941274822f2,baaedf71-9bd7-48da-8120-c69651880dc7,job_scraped_ca720543c6,30,poor,,engineering,,"Match Score: 30%

Strong matches:
✓ Profile captured

Potential gap:
! engineering

Why this job matches:
This role only partially overlaps with your current skills and preferences.",2026-09-04T19:56:34.592Z,2026-09-04T19:59:03.399Z,pending,,
254830ad-3418-4317-9e37-e730d4000129,baaedf71-9bd7-48da-8120-c69651880dc7,job_scraped_cca83807c5,30,poor,,finance,,"Match Score: 30%

Strong matches:
✓ Profile captured

Potential gap:
! finance

Why this job matches:
This role only partially overlaps with your current skills and preferences.",2026-09-04T19:56:35.562Z,2026-09-04T19:59:04.237Z,pending,,
72ec1319-9a0b-4c39-b729-741298e635a3,baaedf71-9bd7-48da-8120-c69651880dc7,job_scraped_c0c88689ad,30,poor,,engineering,,"Match Score: 30%

Strong matches:
✓ Profile captured

Potential gap:
! engineering

Why this job matches:
This role only partially overlaps with your current skills and preferences.",2026-09-04T19:56:36.345Z,2026-09-04T19:59:04.926Z,pending,,
00df5db9-6fdc-4eca-b7bd-55017dba0dd1,baaedf71-9bd7-48da-8120-c69651880dc7,job_scraped_27d57f873b,30,poor,,engineering,,"Match Score: 30%

Strong matches:
✓ Profile captured

Potential gap:
! engineering

Why this job matches:
This role only partially overlaps with your current skills and preferences.",2026-09-04T19:56:37.259Z,2026-09-04T19:59:05.811Z,pending,,
4dfc1c6e-7e3d-414b-be39-44eed753fc54,baaedf71-9bd7-48da-8120-c69651880dc7,job_scraped_059ae4186c,30,poor,,engineering,,"Match Score: 30%

Strong matches:
✓ Profile captured

Potential gap:
! engineering

Why this job matches:
This role only partially overlaps with your current skills and preferences.",2026-09-04T19:56:38.907Z,2026-09-04T19:59:07.009Z,pending,,
acca16da-c257-4bc6-ae2e-2d548efeb751,baaedf71-9bd7-48da-8120-c69651880dc7,job_scraped_32e2c2e68b,30,poor,,engineering,,"Match Score: 30%

Strong matches:
✓ Profile captured

Potential gap:
! engineering

Why this job matches:
This role only partially overlaps with your current skills and preferences.",2026-09-04T19:56:40.229Z,2026-09-04T19:59:07.866Z,pending,,
cf5b7556-0edf-4a05-8609-58841f711503,baaedf71-9bd7-48da-8120-c69651880dc7,job_scraped_df5686832a,42,poor,,engineering,,"Match Score: 42%

Strong matches:
✓ Target role alignment

Potential gap:
! engineering

Why this job matches:
This role only partially overlaps with your current skills and preferences.",2026-09-04T19:56:41.412Z,2026-09-04T19:59:08.728Z,pending,,
2f1a4da5-8fe2-4d63-89f7-ceceb66bb372,baaedf71-9bd7-48da-8120-c69651880dc7,job_scraped_b844768fb8,30,poor,,engineering,,"Match Score: 30%

Strong matches:
✓ Profile captured

Potential gap:
! engineering

Why this job matches:
This role only partially overlaps with your current skills and preferences.",2026-09-04T19:56:42.891Z,2026-09-04T19:59:09.497Z,pending,,
012e8f84-90bf-483b-9512-a9dd254f697e,baaedf71-9bd7-48da-8120-c69651880dc7,job_scraped_b11f20fcb5,30,poor,,engineering,,"Match Score: 30%

Strong matches:
✓ Profile captured

Potential gap:
! engineering

Why this job matches:
This role only partially overlaps with your current skills and preferences.",2026-09-04T19:56:45.033Z,2026-09-04T19:59:10.564Z,pending,,
590177f9-9af4-49e4-8c0e-bd8f52bcab7e,baaedf71-9bd7-48da-8120-c69651880dc7,job_scraped_680a7be953,30,poor,,smart contracts,,"Match Score: 30%

Strong matches:
✓ Profile captured

Potential gap:
! smart contracts

Why this job matches:
This role only partially overlaps with your current skills and preferences.",2026-09-04T19:56:46.269Z,2026-09-04T19:59:11.746Z,pending,,
1bd6be7f-c9cc-46f7-9629-e97823f7ca56,baaedf71-9bd7-48da-8120-c69651880dc7,job_scraped_535401108c,34,poor,,engineering,,"Match Score: 34%

Strong matches:
✓ Profile captured

Potential gap:
! engineering

Why this job matches:
This role only partially overlaps with your current skills and preferences.",2026-09-04T19:56:48.274Z,2026-09-04T19:59:13.110Z,pending,,
8d7ae193-eb2a-4551-baf2-dd6f284c4ab0,baaedf71-9bd7-48da-8120-c69651880dc7,job_scraped_9b2563e120,30,poor,,engineering,,"Match Score: 30%

Strong matches:
✓ Profile captured

Potential gap:
! engineering

Why this job matches:
This role only partially overlaps with your current skills and preferences.",2026-09-04T19:56:49.900Z,2026-09-04T19:59:13.991Z,pending,,
6f4dda14-363c-4c14-8b84-63f79c59edc6,baaedf71-9bd7-48da-8120-c69651880dc7,job_scraped_848398e16c,30,poor,,engineering,,"Match Score: 30%

Strong matches:
✓ Profile captured

Potential gap:
! engineering

Why this job matches:
This role only partially overlaps with your current skills and preferences.",2026-09-04T19:56:50.782Z,2026-09-04T19:59:14.912Z,pending,,
bcf6fbb1-3cd3-4349-bc67-d5c1d8919ae6,baaedf71-9bd7-48da-8120-c69651880dc7,job_scraped_be142e0e14,30,poor,,engineering,,"Match Score: 30%

Strong matches:
✓ Profile captured

Potential gap:
! engineering

Why this job matches:
This role only partially overlaps with your current skills and preferences.",2026-09-04T19:56:51.880Z,2026-09-04T19:59:15.883Z,pending,,
1ee09b52-b270-480b-bf2b-1524c1de8b29,baaedf71-9bd7-48da-8120-c69651880dc7,job_scraped_6f2b4e2f82,30,poor,,legal,,"Match Score: 30%

Strong matches:
✓ Profile captured

Potential gap:
! legal

Why this job matches:
This role only partially overlaps with your current skills and preferences.",2026-09-04T19:56:53.193Z,2026-09-04T19:59:16.776Z,pending,,
682e777f-7d8e-4c52-a7f2-318565b8af99,baaedf71-9bd7-48da-8120-c69651880dc7,job_scraped_030c039d32,30,poor,,engineering,,"Match Score: 30%

Strong matches:
✓ Profile captured

Potential gap:
! engineering

Why this job matches:
This role only partially overlaps with your current skills and preferences.",2026-09-04T19:56:55.513Z,2026-09-04T19:59:19.409Z,pending,,
1de8dfab-2db1-4e42-9531-b33865f2a571,baaedf71-9bd7-48da-8120-c69651880dc7,job_scraped_736a3e6280,34,poor,,research,,"Match Score: 34%

Strong matches:
✓ Profile captured

Potential gap:
! research

Why this job matches:
This role only partially overlaps with your current skills and preferences.",2026-09-04T19:56:56.855Z,2026-09-04T19:59:21.445Z,pending,,
c0bbe481-e963-49b2-82ad-8f2a6fc9915b,baaedf71-9bd7-48da-8120-c69651880dc7,job_scraped_c08948deff,30,poor,,engineering,,"Match Score: 30%

Strong matches:
✓ Profile captured

Potential gap:
! engineering

Why this job matches:
This role only partially overlaps with your current skills and preferences.",2026-09-04T19:56:57.575Z,2026-09-04T19:59:23.355Z,pending,,
3d067a5d-aacb-42bf-96e2-d8d2f10cab56,baaedf71-9bd7-48da-8120-c69651880dc7,job_scraped_3ec25150a3,30,poor,,engineering,,"Match Score: 30%

Strong matches:
✓ Profile captured

Potential gap:
! engineering

Why this job matches:
This role only partially overlaps with your current skills and preferences.",2026-09-04T19:56:58.523Z,2026-09-04T19:59:25.609Z,pending,,
cd05e180-c901-491b-9ed5-74a345815042,baaedf71-9bd7-48da-8120-c69651880dc7,job_scraped_7825576407,30,poor,,engineering,,"Match Score: 30%

Strong matches:
✓ Profile captured

Potential gap:
! engineering

Why this job matches:
This role only partially overlaps with your current skills and preferences.",2026-09-04T19:56:59.121Z,2026-09-04T19:59:27.649Z,pending,,
9e31ec56-a92b-4f7a-9b89-046810fd2e27,baaedf71-9bd7-48da-8120-c69651880dc7,job_scraped_60bc1e7aa9,30,poor,,sales,,"Match Score: 30%

Strong matches:
✓ Profile captured

Potential gap:
! sales

Why this job matches:
This role only partially overlaps with your current skills and preferences.",2026-09-04T19:56:59.772Z,2026-09-04T19:59:29.890Z,pending,,
96a31de7-c9b2-470c-a99c-54006d0ac5d4,baaedf71-9bd7-48da-8120-c69651880dc7,job_scraped_2f8d4dc99b,31,poor,,research,,"Match Score: 31%

Strong matches:
✓ Profile captured

Potential gap:
! research

Why this job matches:
This role only partially overlaps with your current skills and preferences.",2026-09-04T19:57:00.340Z,2026-09-04T19:59:31.145Z,pending,,
4b3f0f83-574c-4e52-8bf7-40c93e9d6b03,baaedf71-9bd7-48da-8120-c69651880dc7,job_scraped_5567c2f128,34,poor,,product management,,"Match Score: 34%

Strong matches:
✓ Profile captured

Potential gap:
! product management

Why this job matches:
This role only partially overlaps with your current skills and preferences.",2026-09-04T19:57:00.982Z,2026-09-04T19:59:31.590Z,pending,,
b71b2a7b-4dc6-4c3c-81ab-ba27efc35512,baaedf71-9bd7-48da-8120-c69651880dc7,job_scraped_f4c663fd77,30,poor,,product management,,"Match Score: 30%

Strong matches:
✓ Profile captured

Potential gap:
! product management

Why this job matches:
This role only partially overlaps with your current skills and preferences.",2026-09-04T19:57:01.638Z,2026-09-04T19:59:32.415Z,pending,,
88d736c0-c94a-4c51-ae2e-180e9c8075be,baaedf71-9bd7-48da-8120-c69651880dc7,job_scraped_84499ca2f5,33,poor,,product management,,"Match Score: 33%

Strong matches:
✓ Profile captured

Potential gap:
! product management

Why this job matches:
This role only partially overlaps with your current skills and preferences.",2026-09-04T19:57:02.297Z,2026-09-04T19:59:33.244Z,pending,,
9fced698-dfc5-4976-ae83-c41452196ecf,baaedf71-9bd7-48da-8120-c69651880dc7,job_scraped_310733bc91,30,poor,,marketing,,"Match Score: 30%

Strong matches:
✓ Profile captured

Potential gap:
! marketing

Why this job matches:
This role only partially overlaps with your current skills and preferences.",2026-09-04T19:57:03.173Z,2026-09-04T19:59:34.205Z,pending,,
44bc0bd2-c752-4075-82ed-42f37a423b66,baaedf71-9bd7-48da-8120-c69651880dc7,job_scraped_4dd6601bc9,30,poor,,engineering,,"Match Score: 30%

Strong matches:
✓ Profile captured

Potential gap:
! engineering

Why this job matches:
This role only partially overlaps with your current skills and preferences.",2026-09-04T19:57:03.982Z,2026-09-04T19:59:34.908Z,pending,,
8ccf989a-9a53-432b-8b9a-697e68a36d6e,baaedf71-9bd7-48da-8120-c69651880dc7,job_scraped_53baaf60eb,30,poor,,engineering,,"Match Score: 30%

Strong matches:
✓ Profile captured

Potential gap:
! engineering

Why this job matches:
This role only partially overlaps with your current skills and preferences.",2026-09-04T19:57:04.708Z,2026-09-04T19:59:35.728Z,pending,,
3134b266-37f3-4d6c-934f-fafb07d7e7ea,baaedf71-9bd7-48da-8120-c69651880dc7,job_scraped_b1745144bc,34,poor,,research,,"Match Score: 34%

Strong matches:
✓ Profile captured

Potential gap:
! research

Why this job matches:
This role only partially overlaps with your current skills and preferences.",2026-09-04T19:57:05.369Z,2026-09-04T19:59:36.562Z,pending,,
01267748-3c94-40c5-b672-b005cfea5ae2,baaedf71-9bd7-48da-8120-c69651880dc7,job_scraped_4cef72f5fd,27,poor,,engineering,,"Match Score: 27%

Strong matches:
✓ Profile captured

Potential gap:
! engineering
! Seniority mismatch

Why this job matches:
This role only partially overlaps with your current skills and preferences.",2026-09-04T19:57:05.998Z,2026-09-04T19:59:37.772Z,pending,,
0eb42710-f3e5-480d-bd63-df4796b8f41a,baaedf71-9bd7-48da-8120-c69651880dc7,job_scraped_a526decb9e,34,poor,,marketing,,"Match Score: 34%

Strong matches:
✓ Profile captured

Potential gap:
! marketing

Why this job matches:
This role only partially overlaps with your current skills and preferences.",2026-09-04T19:57:06.858Z,2026-09-04T19:59:39.483Z,pending,,
6f59df0f-6e32-405e-9447-2ee3b169f99d,baaedf71-9bd7-48da-8120-c69651880dc7,job_scraped_8873e24618,27,poor,,trading,,"Match Score: 27%

Strong matches:
✓ Profile captured

Potential gap:
! trading
! Seniority mismatch

Why this job matches:
This role only partially overlaps with your current skills and preferences.",2026-09-04T19:57:07.639Z,2026-09-04T19:59:44.265Z,pending,,
d73c3a38-ad54-4fd5-a82c-0a3683497ad8,baaedf71-9bd7-48da-8120-c69651880dc7,job_scraped_6437795f2f,30,poor,,engineering,,"Match Score: 30%

Strong matches:
✓ Profile captured

Potential gap:
! engineering

Why this job matches:
This role only partially overlaps with your current skills and preferences.",2026-09-04T19:57:08.282Z,2026-09-04T19:59:46.126Z,pending,,
9bc43eb9-c3a9-4dac-b8e0-42ca6bd17f4e,baaedf71-9bd7-48da-8120-c69651880dc7,job_scraped_fa36690928,33,poor,,react,,"Match Score: 33%

Strong matches:
✓ Profile captured

Potential gap:
! react

Why this job matches:
This role only partially overlaps with your current skills and preferences.",2026-09-04T19:57:09.234Z,2026-09-04T19:59:47.951Z,pending,,
96b2244d-51ac-40e7-85c3-1be0aafaaa78,baaedf71-9bd7-48da-8120-c69651880dc7,job_scraped_6f6d99c07f,33,poor,,react,,"Match Score: 33%

Strong matches:
✓ Profile captured

Potential gap:
! react

Why this job matches:
This role only partially overlaps with your current skills and preferences.",2026-09-04T19:57:10.136Z,2026-09-04T19:59:49.982Z,pending,,
bb51ba08-ac63-4d56-b67d-ca8337dfca8c,baaedf71-9bd7-48da-8120-c69651880dc7,job_scraped_dbe52cb320,30,poor,,react,,"Match Score: 30%

Strong matches:
✓ Profile captured

Potential gap:
! react
! Seniority mismatch

Why this job matches:
This role only partially overlaps with your current skills and preferences.",2026-09-04T19:57:10.742Z,2026-09-04T19:59:51.616Z,pending,,
8def514f-122b-4b05-bd00-4cc9377a1893,baaedf71-9bd7-48da-8120-c69651880dc7,job_scraped_c5741f5fc6,30,poor,,engineering,,"Match Score: 30%

Strong matches:
✓ Profile captured

Potential gap:
! engineering

Why this job matches:
This role only partially overlaps with your current skills and preferences.",2026-09-04T19:57:11.580Z,2026-09-04T19:59:53.381Z,pending,,
d16d8394-b4ff-4a4e-9b9c-12ce5a8823d1,baaedf71-9bd7-48da-8120-c69651880dc7,job_scraped_65075477ac,30,poor,,engineering,,"Match Score: 30%

Strong matches:
✓ Profile captured

Potential gap:
! engineering

Why this job matches:
This role only partially overlaps with your current skills and preferences.",2026-09-04T19:57:12.327Z,2026-09-04T19:59:55.731Z,pending,,
ecc66f7c-7fb2-479a-aa1e-cf88128e56fb,baaedf71-9bd7-48da-8120-c69651880dc7,job_scraped_a1df533ea5,30,poor,,engineering,,"Match Score: 30%

Strong matches:
✓ Profile captured

Potential gap:
! engineering

Why this job matches:
This role only partially overlaps with your current skills and preferences.",2026-09-04T19:57:14.500Z,2026-09-04T19:59:56.859Z,pending,,
9da185a6-c6c6-48ad-bb09-32dfa5f0961b,baaedf71-9bd7-48da-8120-c69651880dc7,job_scraped_8429894ea1,30,poor,,trading,,"Match Score: 30%

Strong matches:
✓ Profile captured

Potential gap:
! trading

Why this job matches:
This role only partially overlaps with your current skills and preferences.",2026-09-04T19:57:15.695Z,2026-09-04T19:59:58.101Z,pending,,
9aec5b84-f9f1-4155-8192-7cc9ca6c37f0,baaedf71-9bd7-48da-8120-c69651880dc7,job_scraped_ef72413bc2,27,poor,,product management,,"Match Score: 27%

Strong matches:
✓ Profile captured

Potential gap:
! product management
! Seniority mismatch

Why this job matches:
This role only partially overlaps with your current skills and preferences.",2026-09-04T19:57:16.262Z,2026-09-04T19:59:59.140Z,pending,,
d0674b32-b62b-4a73-8c0f-fa265adb36f5,baaedf71-9bd7-48da-8120-c69651880dc7,job_scraped_92c99ba820,30,poor,,engineering,,"Match Score: 30%

Strong matches:
✓ Profile captured

Potential gap:
! engineering

Why this job matches:
This role only partially overlaps with your current skills and preferences.",2026-09-04T19:57:17.079Z,2026-09-04T19:59:59.885Z,pending,,
180b1768-ba0c-4213-b683-7d62534c0312,baaedf71-9bd7-48da-8120-c69651880dc7,job_scraped_74764fcc1d,30,poor,,engineering,,"Match Score: 30%

Strong matches:
✓ Profile captured

Potential gap:
! engineering

Why this job matches:
This role only partially overlaps with your current skills and preferences.",2026-09-04T19:57:17.777Z,2026-09-04T20:00:00.774Z,pending,,
1dddb2c9-1253-44fe-8a43-3bf7c1a62284,baaedf71-9bd7-48da-8120-c69651880dc7,job_scraped_89f1ac2bd9,27,poor,,engineering,,"Match Score: 27%

Strong matches:
✓ Profile captured

Potential gap:
! engineering
! Seniority mismatch

Why this job matches:
This role only partially overlaps with your current skills and preferences.",2026-09-04T19:57:18.989Z,2026-09-04T20:00:01.597Z,pending,,
c49fc31d-7ffa-4499-9707-19249c407ac7,baaedf71-9bd7-48da-8120-c69651880dc7,job_scraped_3250289b61,30,poor,,sales,,"Match Score: 30%

Strong matches:
✓ Profile captured

Potential gap:
! sales

Why this job matches:
This role only partially overlaps with your current skills and preferences.",2026-09-04T19:57:19.763Z,2026-09-04T20:00:02.433Z,pending,,
c9799569-d14e-4b6c-8cdd-b2efe2c35f0a,baaedf71-9bd7-48da-8120-c69651880dc7,job_scraped_8a483a01b4,30,poor,,compliance,,"Match Score: 30%

Strong matches:
✓ Profile captured

Potential gap:
! compliance

Why this job matches:
This role only partially overlaps with your current skills and preferences.",2026-09-04T19:57:20.500Z,2026-09-04T20:00:03.582Z,pending,,
d0677252-9b10-4cef-b252-fda1bc50e710,baaedf71-9bd7-48da-8120-c69651880dc7,job_scraped_bd1ed7fe7b,30,poor,,legal,,"Match Score: 30%

Strong matches:
✓ Profile captured

Potential gap:
! legal

Why this job matches:
This role only partially overlaps with your current skills and preferences.",2026-09-04T19:57:21.156Z,2026-09-04T20:00:04.864Z,pending,,
064fee28-9707-4d26-868e-5c73f4a5b369,baaedf71-9bd7-48da-8120-c69651880dc7,job_scraped_785cdcf463,30,poor,,legal,,"Match Score: 30%

Strong matches:
✓ Profile captured

Potential gap:
! legal

Why this job matches:
This role only partially overlaps with your current skills and preferences.",2026-09-04T19:57:22.096Z,2026-09-04T20:00:05.982Z,pending,,
21405bf7-0b1c-41d8-8e6e-5d2bea80cd89,baaedf71-9bd7-48da-8120-c69651880dc7,job_scraped_27980ef5dc,30,poor,,engineering,,"Match Score: 30%

Strong matches:
✓ Profile captured

Potential gap:
! engineering

Why this job matches:
This role only partially overlaps with your current skills and preferences.",2026-09-04T19:57:22.984Z,2026-09-04T20:00:07.667Z,pending,,
c033e456-2511-4597-ba68-24f7c63bbc67,baaedf71-9bd7-48da-8120-c69651880dc7,job_scraped_722f16afe6,30,poor,,marketing,,"Match Score: 30%

Strong matches:
✓ Profile captured

Potential gap:
! marketing

Why this job matches:
This role only partially overlaps with your current skills and preferences.",2026-09-04T19:57:23.880Z,2026-09-04T20:00:08.671Z,pending,,
6838daf8-e271-4022-bccd-00f3cee8e03c,baaedf71-9bd7-48da-8120-c69651880dc7,job_scraped_d946aa728d,27,poor,,product management,,"Match Score: 27%

Strong matches:
✓ Profile captured

Potential gap:
! product management
! Seniority mismatch

Why this job matches:
This role only partially overlaps with your current skills and preferences.",2026-09-04T19:57:24.626Z,2026-09-04T20:00:09.587Z,pending,,
a2e50a6f-fa89-426d-8edc-4d41c931f613,baaedf71-9bd7-48da-8120-c69651880dc7,job_scraped_2d3d329581,34,poor,,product management,,"Match Score: 34%

Strong matches:
✓ Profile captured

Potential gap:
! product management

Why this job matches:
This role only partially overlaps with your current skills and preferences.",2026-09-04T19:57:26.110Z,2026-09-04T20:00:10.611Z,pending,,
4da66365-a54b-46af-8569-d8e24918c1ec,baaedf71-9bd7-48da-8120-c69651880dc7,job_scraped_52c2e4511f,30,poor,,engineering,,"Match Score: 30%

Strong matches:
✓ Profile captured

Potential gap:
! engineering

Why this job matches:
This role only partially overlaps with your current skills and preferences.",2026-09-04T19:57:27.173Z,2026-09-04T20:00:11.642Z,pending,,
ab613f2c-1a28-46af-afc4-973e75b39939,baaedf71-9bd7-48da-8120-c69651880dc7,job_scraped_7f91bd38ce,34,poor,,marketing,,"Match Score: 34%

Strong matches:
✓ Profile captured

Potential gap:
! marketing

Why this job matches:
This role only partially overlaps with your current skills and preferences.",2026-09-04T19:57:28.017Z,2026-09-04T20:00:12.596Z,pending,,
ff59a2c8-4a6f-4b41-9f4a-57a7d9749683,baaedf71-9bd7-48da-8120-c69651880dc7,job_scraped_41b9173ead,30,poor,,hr,,"Match Score: 30%

Strong matches:
✓ Profile captured

Potential gap:
! hr

Why this job matches:
This role only partially overlaps with your current skills and preferences.",2026-09-04T19:57:28.799Z,2026-09-04T20:00:13.798Z,pending,,
d21756de-7b9c-4ad9-acc8-c3a0677247cf,baaedf71-9bd7-48da-8120-c69651880dc7,job_scraped_bed44cf3fc,34,poor,,marketing|sales,,"Match Score: 34%

Strong matches:
✓ Profile captured

Potential gap:
! marketing
! sales

Why this job matches:
This role only partially overlaps with your current skills and preferences.",2026-09-04T19:57:29.769Z,2026-09-04T20:00:14.702Z,pending,,
47816e19-2aa4-4b30-a1a1-9566c9eb8511,baaedf71-9bd7-48da-8120-c69651880dc7,job_scraped_de5ae3de62,27,poor,,sales,,"Match Score: 27%

Strong matches:
✓ Profile captured

Potential gap:
! sales
! Seniority mismatch

Why this job matches:
This role only partially overlaps with your current skills and preferences.",2026-09-04T19:57:30.537Z,2026-09-04T20:00:15.851Z,pending,,
fcfd7b92-73d4-424a-afc6-ed36f2175391,baaedf71-9bd7-48da-8120-c69651880dc7,job_scraped_fb3feda68c,30,poor,,operations,,"Match Score: 30%

Strong matches:
✓ Profile captured

Potential gap:
! operations

Why this job matches:
This role only partially overlaps with your current skills and preferences.",2026-09-04T19:57:31.317Z,2026-09-04T20:00:16.596Z,pending,,
16ab1aa1-b282-48cf-a856-4c4f3fb726b8,baaedf71-9bd7-48da-8120-c69651880dc7,job_scraped_0ddddf5bb5,30,poor,,compliance,,"Match Score: 30%

Strong matches:
✓ Profile captured

Potential gap:
! compliance

Why this job matches:
This role only partially overlaps with your current skills and preferences.",2026-09-04T19:57:32.200Z,2026-09-04T20:00:17.688Z,pending,,
cc4e5e03-40d0-4a75-8149-191ec1633046,baaedf71-9bd7-48da-8120-c69651880dc7,job_scraped_f72193e649,30,poor,,compliance,,"Match Score: 30%

Strong matches:
✓ Profile captured

Potential gap:
! compliance

Why this job matches:
This role only partially overlaps with your current skills and preferences.",2026-09-04T19:57:34.465Z,2026-09-04T20:00:19.001Z,pending,,
3ffe524a-a1e7-4e1c-82c0-08598858c7bb,baaedf71-9bd7-48da-8120-c69651880dc7,job_scraped_bdab91eeee,30,poor,,engineering,,"Match Score: 30%

Strong matches:
✓ Profile captured

Potential gap:
! engineering

Why this job matches:
This role only partially overlaps with your current skills and preferences.",2026-09-04T19:57:35.815Z,2026-09-04T20:00:20.253Z,pending,,
c780e2ac-8e75-42e0-932c-cae19a318cb1,baaedf71-9bd7-48da-8120-c69651880dc7,job_scraped_99f62f2df6,30,poor,,engineering,,"Match Score: 30%

Strong matches:
✓ Profile captured

Potential gap:
! engineering

Why this job matches:
This role only partially overlaps with your current skills and preferences.",2026-09-04T19:57:36.671Z,2026-09-04T20:00:21.087Z,pending,,
2fce4131-3a2f-4d12-a73c-f25c54169612,baaedf71-9bd7-48da-8120-c69651880dc7,job_scraped_24b0794b47,27,poor,,engineering,,"Match Score: 27%

Strong matches:
✓ Profile captured

Potential gap:
! engineering
! Seniority mismatch

Why this job matches:
This role only partially overlaps with your current skills and preferences.",2026-09-04T19:57:37.494Z,2026-09-04T20:00:21.951Z,pending,,
39084dca-e1d5-43f6-8cea-3508200b123b,baaedf71-9bd7-48da-8120-c69651880dc7,job_scraped_ffb21be95d,30,poor,,engineering,,"Match Score: 30%

Strong matches:
✓ Profile captured

Potential gap:
! engineering

Why this job matches:
This role only partially overlaps with your current skills and preferences.",2026-09-04T19:57:38.101Z,2026-09-04T20:00:23.713Z,pending,,
a0028c0a-0ab0-49a3-bdbe-a3d382d858bf,baaedf71-9bd7-48da-8120-c69651880dc7,job_scraped_7896924d84,30,poor,,engineering,,"Match Score: 30%

Strong matches:
✓ Profile captured

Potential gap:
! engineering

Why this job matches:
This role only partially overlaps with your current skills and preferences.",2026-09-04T19:57:38.920Z,2026-09-04T20:00:24.557Z,pending,,
f7bdc25a-a01f-4356-a08d-a7eb9869c321,baaedf71-9bd7-48da-8120-c69651880dc7,job_scraped_7bbdbc9017,30,poor,,engineering,,"Match Score: 30%

Strong matches:
✓ Profile captured

Potential gap:
! engineering

Why this job matches:
This role only partially overlaps with your current skills and preferences.",2026-09-04T19:57:39.872Z,2026-09-04T20:00:25.698Z,pending,,
8e125802-0bc7-4f5f-9d15-a404d64c6cd1,baaedf71-9bd7-48da-8120-c69651880dc7,job_scraped_7164b25a82,30,poor,,engineering,,"Match Score: 30%

Strong matches:
✓ Profile captured

Potential gap:
! engineering

Why this job matches:
This role only partially overlaps with your current skills and preferences.",2026-09-04T19:57:40.905Z,2026-09-04T20:00:26.866Z,pending,,
c9c6dc61-c9d2-47b0-b3cd-5277c3c93995,baaedf71-9bd7-48da-8120-c69651880dc7,job_scraped_de50cdb084,42,poor,,engineering,,"Match Score: 42%

Strong matches:
✓ Target role alignment

Potential gap:
! engineering

Why this job matches:
This role only partially overlaps with your current skills and preferences.",2026-09-04T19:57:41.934Z,2026-09-04T20:00:27.698Z,pending,,
d7d85651-9504-476e-bda4-cf94689e4899,baaedf71-9bd7-48da-8120-c69651880dc7,job_scraped_e52070883c,33,poor,,react,,"Match Score: 33%

Strong matches:
✓ Profile captured

Potential gap:
! react

Why this job matches:
This role only partially overlaps with your current skills and preferences.",2026-09-04T19:57:42.998Z,2026-09-04T20:00:28.668Z,pending,,
3ac2b611-d518-4bd8-bf23-ca6f341f5df6,baaedf71-9bd7-48da-8120-c69651880dc7,job_scraped_13f2799a0b,30,poor,,operations,,"Match Score: 30%

Strong matches:
✓ Profile captured

Potential gap:
! operations

Why this job matches:
This role only partially overlaps with your current skills and preferences.",2026-09-04T19:57:43.885Z,2026-09-04T20:00:29.642Z,pending,,
7a25440c-0175-4592-aa43-dd3bf2b4e91e,baaedf71-9bd7-48da-8120-c69651880dc7,job_scraped_f57b7a330a,27,poor,,engineering,,"Match Score: 27%

Strong matches:
✓ Profile captured

Potential gap:
! engineering
! Seniority mismatch

Why this job matches:
This role only partially overlaps with your current skills and preferences.",2026-09-04T19:57:44.931Z,2026-09-04T20:00:30.982Z,pending,,
bf9e527b-08e7-4caa-8d3b-050b85ec4d4b,baaedf71-9bd7-48da-8120-c69651880dc7,job_scraped_6d1a4c5046,30,poor,,marketing|product management,,"Match Score: 30%

Strong matches:
✓ Profile captured

Potential gap:
! marketing
! product management

Why this job matches:
This role only partially overlaps with your current skills and preferences.",2026-09-04T19:57:45.654Z,2026-09-04T20:00:32.529Z,pending,,
6859df6e-b6eb-4e20-b867-3813eae63258,baaedf71-9bd7-48da-8120-c69651880dc7,job_scraped_0a2bfe046a,30,poor,,marketing|product management,,"Match Score: 30%

Strong matches:
✓ Profile captured

Potential gap:
! marketing
! product management

Why this job matches:
This role only partially overlaps with your current skills and preferences.",2026-09-04T19:57:46.572Z,2026-09-04T20:00:34.738Z,pending,,
32d59542-476e-4820-bab1-4166a025b377,baaedf71-9bd7-48da-8120-c69651880dc7,job_scraped_68b46f972f,30,poor,,engineering,,"Match Score: 30%

Strong matches:
✓ Profile captured

Potential gap:
! engineering

Why this job matches:
This role only partially overlaps with your current skills and preferences.",2026-09-04T19:57:47.450Z,2026-09-04T20:00:35.958Z,pending,,
913b89ed-d843-4821-93d7-271285bcd58a,baaedf71-9bd7-48da-8120-c69651880dc7,job_scraped_c7dd2ef233,30,poor,,sales,,"Match Score: 30%

Strong matches:
✓ Profile captured

Potential gap:
! sales

Why this job matches:
This role only partially overlaps with your current skills and preferences.",2026-09-04T19:57:48.622Z,2026-09-04T20:00:37.000Z,pending,,
30839149-2433-4926-8816-d46331bcf037,baaedf71-9bd7-48da-8120-c69651880dc7,job_scraped_23b7567353,30,poor,,sales,,"Match Score: 30%

Strong matches:
✓ Profile captured

Potential gap:
! sales

Why this job matches:
This role only partially overlaps with your current skills and preferences.",2026-09-04T19:57:49.657Z,2026-09-04T20:00:38.115Z,pending,,
71626477-48c1-4115-a6d9-e1d47f2d69dc,baaedf71-9bd7-48da-8120-c69651880dc7,job_scraped_0d18852fb5,30,poor,,sales,,"Match Score: 30%

Strong matches:
✓ Profile captured

Potential gap:
! sales

Why this job matches:
This role only partially overlaps with your current skills and preferences.",2026-09-04T19:57:50.287Z,2026-09-04T20:00:39.061Z,pending,,
4e085cfa-b1a0-4284-b695-a544acdcd0b7,baaedf71-9bd7-48da-8120-c69651880dc7,job_scraped_d42817d960,30,poor,,sales,,"Match Score: 30%

Strong matches:
✓ Profile captured

Potential gap:
! sales

Why this job matches:
This role only partially overlaps with your current skills and preferences.",2026-09-04T19:57:50.909Z,2026-09-04T20:00:39.914Z,pending,,
825869aa-ed5d-4743-b4a3-f63f5e133074,baaedf71-9bd7-48da-8120-c69651880dc7,job_scraped_d084919ab4,30,poor,,executive,,"Match Score: 30%

Strong matches:
✓ Profile captured

Potential gap:
! executive

Why this job matches:
This role only partially overlaps with your current skills and preferences.",2026-09-04T19:57:52.500Z,2026-09-04T20:00:42.336Z,pending,,
7418791f-8143-41f7-8cbd-fbfc9abbaf2b,baaedf71-9bd7-48da-8120-c69651880dc7,job_scraped_8dfc6900b9,30,poor,,sales,,"Match Score: 30%

Strong matches:
✓ Profile captured

Potential gap:
! sales

Why this job matches:
This role only partially overlaps with your current skills and preferences.",2026-09-04T19:57:53.341Z,2026-09-04T20:00:43.383Z,pending,,
6fac371d-d5ad-4ec1-a661-4f856642c138,baaedf71-9bd7-48da-8120-c69651880dc7,job_scraped_29b8973453,30,poor,,sales,,"Match Score: 30%

Strong matches:
✓ Profile captured

Potential gap:
! sales

Why this job matches:
This role only partially overlaps with your current skills and preferences.",2026-09-04T19:57:54.098Z,2026-09-04T20:00:44.139Z,pending,,
f431e969-72ee-465c-a8bd-400b2df51485,baaedf71-9bd7-48da-8120-c69651880dc7,job_scraped_dce87bc7b4,30,poor,,sales,,"Match Score: 30%

Strong matches:
✓ Profile captured

Potential gap:
! sales

Why this job matches:
This role only partially overlaps with your current skills and preferences.",2026-09-04T19:57:55.090Z,2026-09-04T20:00:44.880Z,pending,,
6361f3df-e0d1-4552-a5c5-79ba2da24dcb,baaedf71-9bd7-48da-8120-c69651880dc7,job_scraped_f97206e740,30,poor,,engineering,,"Match Score: 30%

Strong matches:
✓ Profile captured

Potential gap:
! engineering

Why this job matches:
This role only partially overlaps with your current skills and preferences.",2026-09-04T19:57:55.778Z,2026-09-04T20:00:46.174Z,pending,,
d7c7d158-2465-4d68-8ff3-623a9e5bfb32,baaedf71-9bd7-48da-8120-c69651880dc7,job_scraped_a25d15cfe7,30,poor,,engineering,,"Match Score: 30%

Strong matches:
✓ Profile captured

Potential gap:
! engineering

Why this job matches:
This role only partially overlaps with your current skills and preferences.",2026-09-04T19:57:56.519Z,2026-09-04T20:00:47.497Z,pending,,
9b0a1674-d5ee-481f-8b9e-f703e64cc765,baaedf71-9bd7-48da-8120-c69651880dc7,job_scraped_88b4a98884,30,poor,,engineering,,"Match Score: 30%

Strong matches:
✓ Profile captured

Potential gap:
! engineering

Why this job matches:
This role only partially overlaps with your current skills and preferences.",2026-09-04T19:57:57.367Z,2026-09-04T20:00:49.487Z,pending,,
efcb8f0b-e2d2-49c7-90bb-737f0c34c34d,baaedf71-9bd7-48da-8120-c69651880dc7,job_scraped_dfb3fa59d4,30,poor,,research,,"Match Score: 30%

Strong matches:
✓ Profile captured

Potential gap:
! research

Why this job matches:
This role only partially overlaps with your current skills and preferences.",2026-09-04T19:57:58.393Z,2026-09-04T20:00:51.312Z,pending,,
f34a9add-a8aa-48f9-81e1-5cb43cacf35e,baaedf71-9bd7-48da-8120-c69651880dc7,job_scraped_f0fde43b99,30,poor,,rust,,"Match Score: 30%

Strong matches:
✓ Profile captured

Potential gap:
! rust

Why this job matches:
This role only partially overlaps with your current skills and preferences.",2026-09-04T19:57:59.412Z,2026-09-04T20:00:52.482Z,pending,,
c81ee797-4bbe-4c6b-8d95-3a2ba4593430,baaedf71-9bd7-48da-8120-c69651880dc7,job_scraped_45e8ca0c96,30,poor,,rust,,"Match Score: 30%

Strong matches:
✓ Profile captured

Potential gap:
! rust

Why this job matches:
This role only partially overlaps with your current skills and preferences.",2026-09-04T19:58:00.371Z,2026-09-04T20:00:54.224Z,pending,,
2ebe66ec-59ab-4952-9fbf-5efde3b0a25a,baaedf71-9bd7-48da-8120-c69651880dc7,job_scraped_7dcc09caef,36,poor,,engineering,,"Match Score: 36%

Strong matches:
✓ Profile captured

Potential gap:
! engineering

Why this job matches:
This role only partially overlaps with your current skills and preferences.",2026-09-04T19:58:01.179Z,2026-09-04T20:00:55.876Z,pending,,
08b93b62-9fc6-4412-bfba-a0422fb2675a,baaedf71-9bd7-48da-8120-c69651880dc7,job_scraped_5343297b35,30,poor,,product management,,"Match Score: 30%

Strong matches:
✓ Profile captured

Potential gap:
! product management

Why this job matches:
This role only partially overlaps with your current skills and preferences.",2026-09-04T19:58:01.984Z,2026-09-04T20:00:57.929Z,pending,,
4f59a2e8-6bc2-4a0b-bbd5-0bf86ed9c2ae,baaedf71-9bd7-48da-8120-c69651880dc7,job_scraped_78bc3bd96c,30,poor,,engineering,,"Match Score: 30%

Strong matches:
✓ Profile captured

Potential gap:
! engineering

Why this job matches:
This role only partially overlaps with your current skills and preferences.",2026-09-04T19:58:02.737Z,2026-09-04T20:00:59.957Z,pending,,
8ecf48b2-8d38-4ab2-88d6-d82bb919a6d7,baaedf71-9bd7-48da-8120-c69651880dc7,job_scraped_572a5f1d9c,30,poor,,ai,,"Match Score: 30%

Strong matches:
✓ Profile captured

Potential gap:
! ai

Why this job matches:
This role only partially overlaps with your current skills and preferences.",2026-09-04T19:58:03.332Z,2026-09-04T20:01:02.054Z,pending,,
495ea757-05bf-42ad-a260-63d5b6129a09,baaedf71-9bd7-48da-8120-c69651880dc7,job_scraped_9b6272ebde,30,poor,,ai,,"Match Score: 30%

Strong matches:
✓ Profile captured

Potential gap:
! ai

Why this job matches:
This role only partially overlaps with your current skills and preferences.",2026-09-04T19:58:04.098Z,2026-09-04T20:01:03.387Z,pending,,
5d5f7b86-bc42-4943-8646-14761d1163f6,baaedf71-9bd7-48da-8120-c69651880dc7,job_scraped_a8ab742c79,30,poor,,engineering,,"Match Score: 30%

Strong matches:
✓ Profile captured

Potential gap:
! engineering

Why this job matches:
This role only partially overlaps with your current skills and preferences.",2026-09-04T19:58:05.030Z,2026-09-04T20:01:07.185Z,pending,,
a7f9aa9a-1183-4099-8cea-acef556af574,baaedf71-9bd7-48da-8120-c69651880dc7,job_scraped_68e98af36b,30,poor,,engineering,,"Match Score: 30%

Strong matches:
✓ Profile captured

Potential gap:
! engineering

Why this job matches:
This role only partially overlaps with your current skills and preferences.",2026-09-04T19:58:05.528Z,2026-09-04T20:01:08.341Z,pending,,
8cd893b3-323f-423c-921a-a411b7317f70,baaedf71-9bd7-48da-8120-c69651880dc7,job_scraped_579052c573,30,poor,,security,,"Match Score: 30%

Strong matches:
✓ Profile captured

Potential gap:
! security

Why this job matches:
This role only partially overlaps with your current skills and preferences.",2026-09-04T19:58:06.107Z,2026-09-04T20:01:09.934Z,pending,,
249e8067-0a72-453e-af60-fb344b67f138,baaedf71-9bd7-48da-8120-c69651880dc7,job_scraped_aafc91aa58,30,poor,,engineering,,"Match Score: 30%

Strong matches:
✓ Profile captured

Potential gap:
! engineering

Why this job matches:
This role only partially overlaps with your current skills and preferences.",2026-09-04T19:58:06.907Z,2026-09-04T20:01:11.450Z,pending,,
364ccba0-9621-4371-98a4-c09300439aab,baaedf71-9bd7-48da-8120-c69651880dc7,job_scraped_6921e9d049,30,poor,,engineering,,"Match Score: 30%

Strong matches:
✓ Profile captured

Potential gap:
! engineering

Why this job matches:
This role only partially overlaps with your current skills and preferences.",2026-09-04T19:58:07.703Z,2026-09-04T20:01:13.399Z,pending,,
512f8733-852a-4e6b-916f-d5a628e2380a,baaedf71-9bd7-48da-8120-c69651880dc7,job_scraped_624b2ba66c,30,poor,,product management,,"Match Score: 30%

Strong matches:
✓ Profile captured

Potential gap:
! product management

Why this job matches:
This role only partially overlaps with your current skills and preferences.",2026-09-04T19:58:08.954Z,2026-09-04T20:01:14.322Z,pending,,
c8223d73-060a-475c-92b7-06b661466d07,baaedf71-9bd7-48da-8120-c69651880dc7,job_scraped_b69ed2aa92,30,poor,,engineering,,"Match Score: 30%

Strong matches:
✓ Profile captured

Potential gap:
! engineering

Why this job matches:
This role only partially overlaps with your current skills and preferences.",2026-09-04T19:58:10.226Z,2026-09-04T20:01:15.328Z,pending,,
667f6799-a630-4c6e-bfcd-1f2220796221,baaedf71-9bd7-48da-8120-c69651880dc7,job_scraped_c3a1e5a2c6,30,poor,,engineering,,"Match Score: 30%

Strong matches:
✓ Profile captured

Potential gap:
! engineering

Why this job matches:
This role only partially overlaps with your current skills and preferences.",2026-09-04T19:58:11.222Z,2026-09-04T20:01:16.235Z,pending,,
1a5c7500-81c8-46c2-9ba9-72215d52727f,baaedf71-9bd7-48da-8120-c69651880dc7,job_scraped_df43b02566,38,poor,,engineering,,"Match Score: 38%

Strong matches:
✓ Profile captured

Potential gap:
! engineering

Why this job matches:
This role only partially overlaps with your current skills and preferences.",2026-09-04T19:58:12.201Z,2026-09-04T20:01:16.980Z,pending,,
8870d4cd-4c88-4a18-99c7-9ec45c3fe950,baaedf71-9bd7-48da-8120-c69651880dc7,job_scraped_6648eb3ff8,30,poor,,trading,,"Match Score: 30%

Strong matches:
✓ Profile captured

Potential gap:
! trading

Why this job matches:
This role only partially overlaps with your current skills and preferences.",2026-09-04T19:58:13.099Z,2026-09-04T20:01:17.843Z,pending,,
9189964c-355e-44ec-89da-7e7dcb7757ce,baaedf71-9bd7-48da-8120-c69651880dc7,job_scraped_3243f1b43a,30,poor,,engineering,,"Match Score: 30%

Strong matches:
✓ Profile captured

Potential gap:
! engineering

Why this job matches:
This role only partially overlaps with your current skills and preferences.",2026-09-04T19:58:13.797Z,2026-09-04T20:01:18.528Z,pending,,
b72bf129-3145-4099-9928-5d7d6743cce4,baaedf71-9bd7-48da-8120-c69651880dc7,job_scraped_108979c625,30,poor,,engineering,,"Match Score: 30%

Strong matches:
✓ Profile captured

Potential gap:
! engineering

Why this job matches:
This role only partially overlaps with your current skills and preferences.",2026-09-04T19:58:14.554Z,2026-09-04T20:01:19.862Z,pending,,
6f86ea81-f0f9-4823-a603-b46287f54d2a,baaedf71-9bd7-48da-8120-c69651880dc7,job_scraped_56ab6cabf4,30,poor,,engineering,,"Match Score: 30%

Strong matches:
✓ Profile captured

Potential gap:
! engineering

Why this job matches:
This role only partially overlaps with your current skills and preferences.",2026-09-04T19:58:15.297Z,2026-09-04T20:01:20.908Z,pending,,
202cfae0-b941-41b2-b1ee-c691035a61d6,baaedf71-9bd7-48da-8120-c69651880dc7,job_scraped_644bb6f2c1,30,poor,,engineering,,"Match Score: 30%

Strong matches:
✓ Profile captured

Potential gap:
! engineering

Why this job matches:
This role only partially overlaps with your current skills and preferences.",2026-09-04T19:58:16.150Z,2026-09-04T20:01:21.755Z,pending,,
92dd700c-5c10-4105-b16f-0dd1fe6857b7,baaedf71-9bd7-48da-8120-c69651880dc7,job_scraped_f5aea1a906,30,poor,,engineering,,"Match Score: 30%

Strong matches:
✓ Profile captured

Potential gap:
! engineering

Why this job matches:
This role only partially overlaps with your current skills and preferences.",2026-09-04T19:58:17.402Z,2026-09-04T20:01:23.158Z,pending,,
cf8cbaa6-29ad-45aa-a7eb-a444429be0bf,baaedf71-9bd7-48da-8120-c69651880dc7,job_scraped_e5253ef30c,34,poor,,product management,,"Match Score: 34%

Strong matches:
✓ Profile captured

Potential gap:
! product management

Why this job matches:
This role only partially overlaps with your current skills and preferences.",2026-09-04T19:58:18.750Z,2026-09-04T20:01:25.627Z,pending,,
ce3e7a35-f63b-49aa-bf33-1a03018a1364,baaedf71-9bd7-48da-8120-c69651880dc7,job_scraped_c3708f7eee,31,poor,,rust|quantitative analysis,,"Match Score: 31%

Strong matches:
✓ Profile captured

Potential gap:
! rust
! quantitative analysis

Why this job matches:
This role only partially overlaps with your current skills and preferences.",2026-09-04T19:58:19.737Z,2026-09-04T20:01:26.943Z,pending,,
004beb0c-e2be-4687-bc47-cdf857ad5037,baaedf71-9bd7-48da-8120-c69651880dc7,job_scraped_4904f1daef,31,poor,,rust|trading|quantitative analysis,,"Match Score: 31%

Strong matches:
✓ Profile captured

Potential gap:
! rust
! trading
! quantitative analysis

Why this job matches:
This role only partially overlaps with your current skills and preferences.",2026-09-04T19:58:20.383Z,2026-09-04T20:01:27.902Z,pending,,
7fb36df6-c12f-44dc-85bf-dcb69cb6c277,baaedf71-9bd7-48da-8120-c69651880dc7,job_scraped_d0c9f9e26e,30,poor,,engineering,,"Match Score: 30%

Strong matches:
✓ Profile captured

Potential gap:
! engineering

Why this job matches:
This role only partially overlaps with your current skills and preferences.",2026-09-04T19:58:21.299Z,2026-09-04T20:01:28.754Z,pending,,
8937eb9a-019f-4feb-b662-33a4dec923d0,baaedf71-9bd7-48da-8120-c69651880dc7,job_scraped_cb74278d67,30,poor,,engineering,,"Match Score: 30%

Strong matches:
✓ Profile captured

Potential gap:
! engineering

Why this job matches:
This role only partially overlaps with your current skills and preferences.",2026-09-04T19:58:22.414Z,2026-09-04T20:01:29.419Z,pending,,
a615f1bd-23a0-4d88-9a68-24f483b7dd88,baaedf71-9bd7-48da-8120-c69651880dc7,job_scraped_ac962d5a20,27,poor,,engineering,,"Match Score: 27%

Strong matches:
✓ Profile captured

Potential gap:
! engineering
! Seniority mismatch

Why this job matches:
This role only partially overlaps with your current skills and preferences.",2026-09-04T19:58:23.606Z,2026-09-04T20:01:30.199Z,pending,,
a335817a-9179-403e-8dd4-d863b4883489,baaedf71-9bd7-48da-8120-c69651880dc7,job_scraped_8e373f164f,27,poor,,compliance,,"Match Score: 27%

Strong matches:
✓ Profile captured

Potential gap:
! compliance
! Seniority mismatch

Why this job matches:
This role only partially overlaps with your current skills and preferences.",2026-09-04T19:58:24.532Z,2026-09-04T20:01:31.116Z,pending,,
7deae881-9298-43cd-9b98-d6234e0219e8,baaedf71-9bd7-48da-8120-c69651880dc7,job_scraped_5b443c8d0a,27,poor,,executive,,"Match Score: 27%

Strong matches:
✓ Profile captured

Potential gap:
! executive
! Seniority mismatch

Why this job matches:
This role only partially overlaps with your current skills and preferences.",2026-09-04T19:58:25.501Z,2026-09-04T20:01:31.763Z,pending,,
84ab4256-1ecc-42da-8e55-8ff18e4f2ce7,baaedf71-9bd7-48da-8120-c69651880dc7,job_scraped_a057dc45a7,27,poor,,engineering,,"Match Score: 27%

Strong matches:
✓ Profile captured

Potential gap:
! engineering
! Seniority mismatch

Why this job matches:
This role only partially overlaps with your current skills and preferences.",2026-09-04T19:58:28.475Z,2026-09-04T20:01:32.417Z,pending,,
49dfcd23-1cc6-4f06-8a73-a0b2f4176e11,baaedf71-9bd7-48da-8120-c69651880dc7,job_scraped_b2b1955b0e,27,poor,,engineering,,"Match Score: 27%

Strong matches:
✓ Profile captured

Potential gap:
! engineering
! Seniority mismatch

Why this job matches:
This role only partially overlaps with your current skills and preferences.",2026-09-04T19:58:29.653Z,2026-09-04T20:01:33.136Z,pending,,
a5038f07-a2a0-4fe9-be71-8df2ad22c396,baaedf71-9bd7-48da-8120-c69651880dc7,job_scraped_3d9991c964,27,poor,,product management,,"Match Score: 27%

Strong matches:
✓ Profile captured

Potential gap:
! product management
! Seniority mismatch

Why this job matches:
This role only partially overlaps with your current skills and preferences.",2026-09-04T19:58:30.345Z,2026-09-04T20:01:33.953Z,pending,,
1d3b1f35-904c-450b-b208-cf59ec5f00bb,baaedf71-9bd7-48da-8120-c69651880dc7,job_scraped_e06f1f7461,27,poor,,trading,,"Match Score: 27%

Strong matches:
✓ Profile captured

Potential gap:
! trading
! Seniority mismatch

Why this job matches:
This role only partially overlaps with your current skills and preferences.",2026-09-04T19:58:31.146Z,2026-09-04T20:01:34.753Z,pending,,
14db628d-351d-4f2f-a0bd-c13f6a9a5412,baaedf71-9bd7-48da-8120-c69651880dc7,job_scraped_68c997da1e,27,poor,,compliance,,"Match Score: 27%

Strong matches:
✓ Profile captured

Potential gap:
! compliance
! Seniority mismatch

Why this job matches:
This role only partially overlaps with your current skills and preferences.",2026-09-04T19:58:32.117Z,2026-09-04T20:01:35.458Z,pending,,
c0d919bb-665e-421a-b1b2-2749a34b250c,baaedf71-9bd7-48da-8120-c69651880dc7,job_scraped_19bf19e73a,27,poor,,trading,,"Match Score: 27%

Strong matches:
✓ Profile captured

Potential gap:
! trading
! Seniority mismatch

Why this job matches:
This role only partially overlaps with your current skills and preferences.",2026-09-04T19:58:33.226Z,2026-09-04T20:01:36.657Z,pending,,
29a2a189-75cd-4338-a52f-a54ac4a270ef,baaedf71-9bd7-48da-8120-c69651880dc7,job_scraped_c52ebb4231,27,poor,,rust,,"Match Score: 27%

Strong matches:
✓ Profile captured

Potential gap:
! rust
! Seniority mismatch

Why this job matches:
This role only partially overlaps with your current skills and preferences.",2026-09-04T19:58:34.458Z,2026-09-04T20:01:37.401Z,pending,,
e28e56a9-6efd-4cc1-8e30-0245f1533ec5,baaedf71-9bd7-48da-8120-c69651880dc7,job_scraped_484f077e05,27,poor,,trading,,"Match Score: 27%

Strong matches:
✓ Profile captured

Potential gap:
! trading
! Seniority mismatch

Why this job matches:
This role only partially overlaps with your current skills and preferences.",2026-09-04T19:58:35.428Z,2026-09-04T20:01:38.833Z,pending,,
0b1b5449-a420-484f-844f-4cb41f6ee0f7,baaedf71-9bd7-48da-8120-c69651880dc7,job_scraped_cd70f668ec,31,poor,,engineering,,"Match Score: 31%

Strong matches:
✓ Profile captured

Potential gap:
! engineering

Why this job matches:
This role only partially overlaps with your current skills and preferences.",2026-09-04T19:58:36.289Z,2026-09-04T20:01:39.694Z,pending,,
bdf8d84f-8217-40cd-8dee-9061f9a541e4,baaedf71-9bd7-48da-8120-c69651880dc7,job_scraped_a537cc02a2,30,poor,,engineering,,"Match Score: 30%

Strong matches:
✓ Profile captured

Potential gap:
! engineering

Why this job matches:
This role only partially overlaps with your current skills and preferences.",2026-09-04T19:58:37.411Z,2026-09-04T20:01:40.559Z,pending,,
7bf69fa3-f210-475d-824e-6a516380a652,baaedf71-9bd7-48da-8120-c69651880dc7,job_scraped_8f7966f934,30,poor,,engineering,,"Match Score: 30%

Strong matches:
✓ Profile captured

Potential gap:
! engineering

Why this job matches:
This role only partially overlaps with your current skills and preferences.",2026-09-04T19:58:38.143Z,2026-09-04T20:01:41.487Z,pending,,
a5b23b81-6a90-4934-8ad0-64cecc43a910,baaedf71-9bd7-48da-8120-c69651880dc7,job_scraped_962ce2881f,30,poor,,compliance,,"Match Score: 30%

Strong matches:
✓ Profile captured

Potential gap:
! compliance

Why this job matches:
This role only partially overlaps with your current skills and preferences.",2026-09-04T19:58:38.928Z,2026-09-04T20:01:42.805Z,pending,,
aaf524e6-daa7-4130-8a49-08d28b6fc1fd,baaedf71-9bd7-48da-8120-c69651880dc7,job_scraped_ac7df80f94,30,poor,,executive,,"Match Score: 30%

Strong matches:
✓ Profile captured

Potential gap:
! executive

Why this job matches:
This role only partially overlaps with your current skills and preferences.",2026-09-04T19:58:39.728Z,2026-09-04T20:01:43.775Z,pending,,
d894ed0d-7ffb-4378-bbad-c972762fc6d9,baaedf71-9bd7-48da-8120-c69651880dc7,job_scraped_5d030d8cb2,30,poor,,product management,,"Match Score: 30%

Strong matches:
✓ Profile captured

Potential gap:
! product management

Why this job matches:
This role only partially overlaps with your current skills and preferences.",2026-09-04T19:58:40.670Z,2026-09-04T20:01:44.757Z,pending,,
f41a79e8-cd68-4e2f-845a-e390b9772bdb,baaedf71-9bd7-48da-8120-c69651880dc7,job_scraped_a384147d5d,27,poor,,product management,,"Match Score: 27%

Strong matches:
✓ Profile captured

Potential gap:
! product management
! Seniority mismatch

Why this job matches:
This role only partially overlaps with your current skills and preferences.",2026-09-04T19:58:41.896Z,2026-09-04T20:01:45.661Z,pending,,
731e2d8c-0d87-496a-bf1d-95432ddb443c,baaedf71-9bd7-48da-8120-c69651880dc7,job_scraped_7dabc8ba4a,27,poor,,product management,,"Match Score: 27%

Strong matches:
✓ Profile captured

Potential gap:
! product management
! Seniority mismatch

Why this job matches:
This role only partially overlaps with your current skills and preferences.",2026-09-04T19:58:42.792Z,2026-09-04T20:01:46.391Z,pending,,
c85629b8-4783-47ec-a88c-cc282f3d7cc7,baaedf71-9bd7-48da-8120-c69651880dc7,job_scraped_6dbaf13fa0,27,poor,,product management,,"Match Score: 27%

Strong matches:
✓ Profile captured

Potential gap:
! product management
! Seniority mismatch

Why this job matches:
This role only partially overlaps with your current skills and preferences.",2026-09-04T19:58:43.635Z,2026-09-04T20:01:47.070Z,pending,,
5c7e72c8-fdcf-40b0-b0e6-bcdb16015efb,baaedf71-9bd7-48da-8120-c69651880dc7,job_scraped_bc8f8deaf7,27,poor,,product management,,"Match Score: 27%

Strong matches:
✓ Profile captured

Potential gap:
! product management
! Seniority mismatch

Why this job matches:
This role only partially overlaps with your current skills and preferences.",2026-09-04T19:58:44.441Z,2026-09-04T20:01:48.746Z,pending,,
41c791c0-843a-46cd-b283-1daa284ed839,baaedf71-9bd7-48da-8120-c69651880dc7,job_scraped_e3b8a34b9d,27,poor,,product management,,"Match Score: 27%

Strong matches:
✓ Profile captured

Potential gap:
! product management
! Seniority mismatch

Why this job matches:
This role only partially overlaps with your current skills and preferences.",2026-09-04T19:58:45.587Z,2026-09-04T20:01:50.562Z,pending,,
ab325eba-5d3b-4f91-bbb0-c6eac3ad468f,baaedf71-9bd7-48da-8120-c69651880dc7,job_scraped_dc0b05bad4,27,poor,,trading|product management,,"Match Score: 27%

Strong matches:
✓ Profile captured

Potential gap:
! trading
! product management
! Seniority mismatch

Why this job matches:
This role only partially overlaps with your current skills and preferences.",2026-09-04T19:58:47.199Z,2026-09-04T20:01:51.525Z,pending,,
5a495e6c-6e92-44dc-b1c4-3b4946d5a148,baaedf71-9bd7-48da-8120-c69651880dc7,job_scraped_408fe9c918,27,poor,,product management,,"Match Score: 27%

Strong matches:
✓ Profile captured

Potential gap:
! product management
! Seniority mismatch

Why this job matches:
This role only partially overlaps with your current skills and preferences.",2026-09-04T19:58:48.852Z,2026-09-04T20:01:52.561Z,pending,,
423870d2-f266-4658-bf32-f25da7457c05,baaedf71-9bd7-48da-8120-c69651880dc7,job_scraped_23bde76bbf,27,poor,,product management,,"Match Score: 27%

Strong matches:
✓ Profile captured

Potential gap:
! product management
! Seniority mismatch

Why this job matches:
This role only partially overlaps with your current skills and preferences.",2026-09-04T19:58:49.931Z,2026-09-04T20:01:53.825Z,pending,,
e4469dee-702e-433a-8f93-3567fceac490,baaedf71-9bd7-48da-8120-c69651880dc7,job_scraped_accee4d62f,27,poor,,product management,,"Match Score: 27%

Strong matches:
✓ Profile captured

Potential gap:
! product management
! Seniority mismatch

Why this job matches:
This role only partially overlaps with your current skills and preferences.",2026-09-04T19:58:50.769Z,2026-09-04T20:01:55.842Z,pending,,
87236202-295c-4f63-9928-3e8638d37c05,baaedf71-9bd7-48da-8120-c69651880dc7,job_scraped_f68b40fd8f,27,poor,,product management,,"Match Score: 27%

Strong matches:
✓ Profile captured

Potential gap:
! product management
! Seniority mismatch

Why this job matches:
This role only partially overlaps with your current skills and preferences.",2026-09-04T19:58:51.371Z,2026-09-04T20:01:57.088Z,pending,,
4d13e1d8-d6a4-4d37-8c31-6279a2a7ff4a,baaedf71-9bd7-48da-8120-c69651880dc7,job_scraped_ef8b3eafe4,27,poor,,design,,"Match Score: 27%

Strong matches:
✓ Profile captured

Potential gap:
! design
! Seniority mismatch

Why this job matches:
This role only partially overlaps with your current skills and preferences.",2026-09-04T19:58:51.976Z,2026-09-04T20:01:57.997Z,pending,,
5201f8fe-7a67-41bd-a667-c86be4ad2393,baaedf71-9bd7-48da-8120-c69651880dc7,job_scraped_27a0e7e6b9,30,poor,,engineering,,"Match Score: 30%

Strong matches:
✓ Profile captured

Potential gap:
! engineering

Why this job matches:
This role only partially overlaps with your current skills and preferences.",2026-09-04T19:58:52.857Z,2026-09-04T20:01:59.543Z,pending,,
2f985297-c239-4d3e-942e-e5d022c0d64d,baaedf71-9bd7-48da-8120-c69651880dc7,job_scraped_d3a0d6df48,30,poor,,engineering,,"Match Score: 30%

Strong matches:
✓ Profile captured

Potential gap:
! engineering

Why this job matches:
This role only partially overlaps with your current skills and preferences.",2026-09-04T19:58:53.593Z,2026-09-04T20:02:00.522Z,pending,,
87be1543-8fbe-4181-8579-16817a0af48e,baaedf71-9bd7-48da-8120-c69651880dc7,job_scraped_addeabceac,30,poor,,compliance,,"Match Score: 30%

Strong matches:
✓ Profile captured

Potential gap:
! compliance

Why this job matches:
This role only partially overlaps with your current skills and preferences.",2026-09-04T19:58:54.434Z,2026-09-04T20:02:01.604Z,pending,,
78df2ae0-6f2a-473f-bcd5-593c03426997,baaedf71-9bd7-48da-8120-c69651880dc7,job_scraped_83d3b37aab,30,poor,,engineering,,"Match Score: 30%

Strong matches:
✓ Profile captured

Potential gap:
! engineering

Why this job matches:
This role only partially overlaps with your current skills and preferences.",2026-09-04T19:58:55.318Z,2026-09-04T20:02:02.401Z,pending,,
951e8ef0-f1d6-42a7-83bb-29a0580569be,baaedf71-9bd7-48da-8120-c69651880dc7,job_scraped_9947ffda4a,30,poor,,compliance|product management,,"Match Score: 30%

Strong matches:
✓ Profile captured

Potential gap:
! compliance
! product management

Why this job matches:
This role only partially overlaps with your current skills and preferences.",2026-09-04T19:58:56.112Z,2026-09-04T20:02:03.493Z,pending,,
db0d8d1d-ebbd-4390-8ed8-652bf68b98ad,baaedf71-9bd7-48da-8120-c69651880dc7,job_scraped_1abad11b5a,30,poor,,compliance|product management,,"Match Score: 30%

Strong matches:
✓ Profile captured

Potential gap:
! compliance
! product management

Why this job matches:
This role only partially overlaps with your current skills and preferences.",2026-09-04T19:58:56.972Z,2026-09-04T20:02:04.439Z,pending,,
a93b4017-e281-432e-9f02-d3ac2c040ca4,baaedf71-9bd7-48da-8120-c69651880dc7,job_scraped_89ed9fa9c6,34,poor,,product management,,"Match Score: 34%

Strong matches:
✓ Profile captured

Potential gap:
! product management

Why this job matches:
This role only partially overlaps with your current skills and preferences.",2026-09-04T19:58:57.626Z,2026-09-04T20:02:05.496Z,pending,,
b3a58e25-704f-4923-99fc-dd63ab98aa3e,baaedf71-9bd7-48da-8120-c69651880dc7,job_scraped_f46d245a56,30,poor,,product management,,"Match Score: 30%

Strong matches:
✓ Profile captured

Potential gap:
! product management

Why this job matches:
This role only partially overlaps with your current skills and preferences.",2026-09-04T19:58:58.382Z,2026-09-04T20:02:06.416Z,pending,,
64fc762c-d3ab-4cc6-97fb-7de41aee881c,baaedf71-9bd7-48da-8120-c69651880dc7,job_scraped_afa0cc62ea,30,poor,,rust|product management,,"Match Score: 30%

Strong matches:
✓ Profile captured

Potential gap:
! rust
! product management

Why this job matches:
This role only partially overlaps with your current skills and preferences.",2026-09-04T19:58:59.013Z,2026-09-04T20:02:07.208Z,pending,,
b51a4672-8398-45fc-8409-867e5a49d65e,baaedf71-9bd7-48da-8120-c69651880dc7,job_scraped_68d8a0800c,30,poor,,product management,,"Match Score: 30%

Strong matches:
✓ Profile captured

Potential gap:
! product management

Why this job matches:
This role only partially overlaps with your current skills and preferences.",2026-09-04T19:58:59.704Z,2026-09-04T20:02:07.980Z,pending,,
8cf0d24a-9da8-4a44-8b9e-d34cbce31797,baaedf71-9bd7-48da-8120-c69651880dc7,job_scraped_061350e46c,30,poor,,trading|product management,,"Match Score: 30%

Strong matches:
✓ Profile captured

Potential gap:
! trading
! product management

Why this job matches:
This role only partially overlaps with your current skills and preferences.",2026-09-04T19:59:00.482Z,2026-09-04T20:02:08.868Z,pending,,
00399f06-abc8-4d92-bda8-d63dad71a5ff,baaedf71-9bd7-48da-8120-c69651880dc7,job_scraped_d45545d33c,30,poor,,trading|product management,,"Match Score: 30%

Strong matches:
✓ Profile captured

Potential gap:
! trading
! product management

Why this job matches:
This role only partially overlaps with your current skills and preferences.",2026-09-04T19:59:01.897Z,2026-09-04T20:02:09.867Z,pending,,
e28ed3bb-bab8-4fe0-8171-9b9d1c072741,baaedf71-9bd7-48da-8120-c69651880dc7,job_scraped_bc93c85324,30,poor,,product management,,"Match Score: 30%

Strong matches:
✓ Profile captured

Potential gap:
! product management

Why this job matches:
This role only partially overlaps with your current skills and preferences.",2026-09-04T19:59:02.878Z,2026-09-04T20:02:11.394Z,pending,,
86539d58-a91e-45f2-a3a1-d54d007c8194,baaedf71-9bd7-48da-8120-c69651880dc7,job_scraped_4f5c46215f,30,poor,,product management,,"Match Score: 30%

Strong matches:
✓ Profile captured

Potential gap:
! product management

Why this job matches:
This role only partially overlaps with your current skills and preferences.",2026-09-04T19:59:03.818Z,2026-09-04T20:02:14.558Z,pending,,
4fc8f2ae-5945-4265-9be7-cbffec075a23,baaedf71-9bd7-48da-8120-c69651880dc7,job_scraped_cf2320eefb,30,poor,,product management,,"Match Score: 30%

Strong matches:
✓ Profile captured

Potential gap:
! product management

Why this job matches:
This role only partially overlaps with your current skills and preferences.",2026-09-04T19:59:04.694Z,2026-09-04T20:02:15.686Z,pending,,
c5b023cb-97c2-4e27-8130-fd94fb062c38,baaedf71-9bd7-48da-8120-c69651880dc7,job_scraped_8cf55fa464,30,poor,,product management,,"Match Score: 30%

Strong matches:
✓ Profile captured

Potential gap:
! product management

Why this job matches:
This role only partially overlaps with your current skills and preferences.",2026-09-04T19:59:05.423Z,2026-09-04T20:02:16.532Z,pending,,
79c8060d-038c-4ef6-a23d-efc7f4ea7a42,baaedf71-9bd7-48da-8120-c69651880dc7,job_scraped_0c82f3030b,30,poor,,product management,,"Match Score: 30%

Strong matches:
✓ Profile captured

Potential gap:
! product management

Why this job matches:
This role only partially overlaps with your current skills and preferences.",2026-09-04T19:59:06.527Z,2026-09-04T20:02:18.399Z,pending,,
61cc53f7-7d6f-4165-8b0a-9fbd4089a13e,baaedf71-9bd7-48da-8120-c69651880dc7,job_scraped_8792a1aa02,30,poor,,trading|product management,,"Match Score: 30%

Strong matches:
✓ Profile captured

Potential gap:
! trading
! product management

Why this job matches:
This role only partially overlaps with your current skills and preferences.",2026-09-04T19:59:07.389Z,2026-09-04T20:02:20.315Z,pending,,
033b14f0-4711-4478-9933-1e376e0ca502,baaedf71-9bd7-48da-8120-c69651880dc7,job_scraped_d1d7227957,30,poor,,product management,,"Match Score: 30%

Strong matches:
✓ Profile captured

Potential gap:
! product management

Why this job matches:
This role only partially overlaps with your current skills and preferences.",2026-09-04T19:59:08.497Z,2026-09-04T20:02:21.621Z,pending,,
5d15932a-886e-43dc-aa10-4d1a0277bd79,baaedf71-9bd7-48da-8120-c69651880dc7,job_scraped_57b0fad4f4,30,poor,,product management,,"Match Score: 30%

Strong matches:
✓ Profile captured

Potential gap:
! product management

Why this job matches:
This role only partially overlaps with your current skills and preferences.",2026-09-04T19:59:09.198Z,2026-09-04T20:02:22.488Z,pending,,
f38fdae8-a089-42bc-8787-8c30747a86a9,baaedf71-9bd7-48da-8120-c69651880dc7,job_scraped_39e7825b08,30,poor,,trading|product management,,"Match Score: 30%

Strong matches:
✓ Profile captured

Potential gap:
! trading
! product management

Why this job matches:
This role only partially overlaps with your current skills and preferences.",2026-09-04T19:59:10.164Z,2026-09-04T20:02:25.100Z,pending,,
ca293217-4295-4f8e-8796-37526f2b83bc,baaedf71-9bd7-48da-8120-c69651880dc7,job_scraped_3b40225cb4,30,poor,,product management,,"Match Score: 30%

Strong matches:
✓ Profile captured

Potential gap:
! product management

Why this job matches:
This role only partially overlaps with your current skills and preferences.",2026-09-04T19:59:11.116Z,2026-09-04T20:02:26.666Z,pending,,
05ded3bc-6b47-4954-9ac7-1fa684645875,baaedf71-9bd7-48da-8120-c69651880dc7,job_scraped_83eb34a17d,30,poor,,quantitative analysis,,"Match Score: 30%

Strong matches:
✓ Profile captured

Potential gap:
! quantitative analysis

Why this job matches:
This role only partially overlaps with your current skills and preferences.",2026-09-04T19:59:12.511Z,2026-09-04T20:02:27.725Z,pending,,
97b167b2-274a-4177-a80e-6e8e6d7cea8c,baaedf71-9bd7-48da-8120-c69651880dc7,job_scraped_c22fca65c6,30,poor,,quantitative analysis,,"Match Score: 30%

Strong matches:
✓ Profile captured

Potential gap:
! quantitative analysis

Why this job matches:
This role only partially overlaps with your current skills and preferences.",2026-09-04T19:59:13.485Z,2026-09-04T20:02:29.466Z,pending,,
67eb3812-d290-4833-9f98-d8cbac0f4f4e,baaedf71-9bd7-48da-8120-c69651880dc7,job_scraped_1d4eee623f,27,poor,,compliance,,"Match Score: 27%

Strong matches:
✓ Profile captured

Potential gap:
! compliance
! Seniority mismatch

Why this job matches:
This role only partially overlaps with your current skills and preferences.",2026-09-04T19:59:14.423Z,2026-09-04T20:02:31.422Z,pending,,
1c9345fc-598e-451f-a781-2b71b1f2aaa0,baaedf71-9bd7-48da-8120-c69651880dc7,job_scraped_845cac1b54,27,poor,,compliance,,"Match Score: 27%

Strong matches:
✓ Profile captured

Potential gap:
! compliance
! Seniority mismatch

Why this job matches:
This role only partially overlaps with your current skills and preferences.",2026-09-04T19:59:15.432Z,2026-09-04T20:02:34.042Z,pending,,
2ae14186-c0a8-4e7a-8195-6ca5fac508d0,baaedf71-9bd7-48da-8120-c69651880dc7,job_scraped_79e315de2c,27,poor,,product management,,"Match Score: 27%

Strong matches:
✓ Profile captured

Potential gap:
! product management
! Seniority mismatch

Why this job matches:
This role only partially overlaps with your current skills and preferences.",2026-09-04T19:59:16.337Z,2026-09-04T20:02:37.057Z,pending,,
3cd0a4b1-68c6-4737-9da1-302987d9c7b4,baaedf71-9bd7-48da-8120-c69651880dc7,job_scraped_bc7f4b8f49,27,poor,,product management,,"Match Score: 27%

Strong matches:
✓ Profile captured

Potential gap:
! product management
! Seniority mismatch

Why this job matches:
This role only partially overlaps with your current skills and preferences.",2026-09-04T19:59:18.978Z,2026-09-04T20:02:40.138Z,pending,,
69c288d7-6959-4c1b-a7f2-cc9d1faa4b28,baaedf71-9bd7-48da-8120-c69651880dc7,job_scraped_90321fbad5,27,poor,,product management,,"Match Score: 27%

Strong matches:
✓ Profile captured

Potential gap:
! product management
! Seniority mismatch

Why this job matches:
This role only partially overlaps with your current skills and preferences.",2026-09-04T19:59:20.633Z,2026-09-04T20:02:41.705Z,pending,,
d2ee6b72-4dea-49b5-84de-ef1e7f15fd82,baaedf71-9bd7-48da-8120-c69651880dc7,job_scraped_f7e527c730,27,poor,,research,,"Match Score: 27%

Strong matches:
✓ Profile captured

Potential gap:
! research
! Seniority mismatch

Why this job matches:
This role only partially overlaps with your current skills and preferences.",2026-09-04T19:59:22.556Z,2026-09-04T20:02:43.429Z,pending,,
b0b450df-6eb7-45f4-8e59-5b5ce7210e4c,baaedf71-9bd7-48da-8120-c69651880dc7,job_scraped_c4095176fa,27,poor,,compliance,,"Match Score: 27%

Strong matches:
✓ Profile captured

Potential gap:
! compliance
! Seniority mismatch

Why this job matches:
This role only partially overlaps with your current skills and preferences.",2026-09-04T19:59:24.595Z,2026-09-04T20:02:44.517Z,pending,,
9543ab56-e40b-4922-9a1d-78ddb0a86021,baaedf71-9bd7-48da-8120-c69651880dc7,job_scraped_2d017c87bb,27,poor,,product management,,"Match Score: 27%

Strong matches:
✓ Profile captured

Potential gap:
! product management
! Seniority mismatch

Why this job matches:
This role only partially overlaps with your current skills and preferences.",2026-09-04T19:59:26.577Z,2026-09-04T20:02:45.635Z,pending,,
48846044-7045-4c32-b6b0-74ecf65995da,baaedf71-9bd7-48da-8120-c69651880dc7,job_scraped_09b0d570cf,27,poor,,trading|product management,,"Match Score: 27%

Strong matches:
✓ Profile captured

Potential gap:
! trading
! product management
! Seniority mismatch

Why this job matches:
This role only partially overlaps with your current skills and preferences.",2026-09-04T19:59:29.309Z,2026-09-04T20:02:47.094Z,pending,,
afed5167-0af4-451c-b335-638685af2dbd,baaedf71-9bd7-48da-8120-c69651880dc7,job_scraped_d7f4e6890f,27,poor,,product management,,"Match Score: 27%

Strong matches:
✓ Profile captured

Potential gap:
! product management
! Seniority mismatch

Why this job matches:
This role only partially overlaps with your current skills and preferences.",2026-09-04T19:59:30.312Z,2026-09-04T20:02:48.082Z,pending,,
7823bbe9-3356-4384-b2d2-7fe10cd167f5,baaedf71-9bd7-48da-8120-c69651880dc7,job_scraped_a6bbc0c552,27,poor,,product management,,"Match Score: 27%

Strong matches:
✓ Profile captured

Potential gap:
! product management
! Seniority mismatch

Why this job matches:
This role only partially overlaps with your current skills and preferences.",2026-09-04T19:59:31.351Z,2026-09-04T20:02:49.558Z,pending,,
01841c85-6002-41c1-b1d9-e5cef63372ea,baaedf71-9bd7-48da-8120-c69651880dc7,job_scraped_d02955021f,29,poor,,trading|product management,,"Match Score: 29%

Strong matches:
✓ Profile captured

Potential gap:
! trading
! product management
! Seniority mismatch

Why this job matches:
This role only partially overlaps with your current skills and preferences.",2026-09-04T19:59:32.107Z,2026-09-04T20:02:51.841Z,pending,,
4e32280d-8c10-492a-b3bf-5ce8e342a7d1,baaedf71-9bd7-48da-8120-c69651880dc7,job_scraped_53620158da,27,poor,,trading,,"Match Score: 27%

Strong matches:
✓ Profile captured

Potential gap:
! trading
! Seniority mismatch

Why this job matches:
This role only partially overlaps with your current skills and preferences.",2026-09-04T19:59:32.863Z,2026-09-04T20:02:54.299Z,pending,,
feb17fb0-633f-493d-b4d4-ab3b29b1c1bd,baaedf71-9bd7-48da-8120-c69651880dc7,job_scraped_3d393905da,27,poor,,research,,"Match Score: 27%

Strong matches:
✓ Profile captured

Potential gap:
! research
! Seniority mismatch

Why this job matches:
This role only partially overlaps with your current skills and preferences.",2026-09-04T19:59:33.754Z,2026-09-04T20:02:55.587Z,pending,,
08999d49-bff2-4324-adbc-a131d7520efa,baaedf71-9bd7-48da-8120-c69651880dc7,job_scraped_d16d53a08b,30,poor,,product management,,"Match Score: 30%

Strong matches:
✓ Profile captured

Potential gap:
! product management

Why this job matches:
This role only partially overlaps with your current skills and preferences.",2026-09-04T19:59:34.569Z,2026-09-04T20:02:58.201Z,pending,,
91d6b738-3abc-4d00-978e-58b758ece464,baaedf71-9bd7-48da-8120-c69651880dc7,job_scraped_d3ada8762b,30,poor,,operations,,"Match Score: 30%

Strong matches:
✓ Profile captured

Potential gap:
! operations

Why this job matches:
This role only partially overlaps with your current skills and preferences.",2026-09-04T19:59:35.425Z,2026-09-04T20:02:59.767Z,pending,,
a7e28fb9-844a-4e2a-9fd8-ea32ba9047e3,baaedf71-9bd7-48da-8120-c69651880dc7,job_scraped_293636ede8,27,poor,,compliance,,"Match Score: 27%

Strong matches:
✓ Profile captured

Potential gap:
! compliance
! Seniority mismatch

Why this job matches:
This role only partially overlaps with your current skills and preferences.",2026-09-04T19:59:36.387Z,2026-09-04T20:03:01.385Z,pending,,
33e0662d-c9bd-4f44-b87c-a2df42bf43bc,baaedf71-9bd7-48da-8120-c69651880dc7,job_scraped_5e654370b9,27,poor,,smart contracts,,"Match Score: 27%

Strong matches:
✓ Profile captured

Potential gap:
! smart contracts
! Seniority mismatch

Why this job matches:
This role only partially overlaps with your current skills and preferences.",2026-09-04T19:59:37.042Z,2026-09-04T20:03:06.549Z,pending,,
03161af4-755e-4014-b3c1-7ffaba1e5e38,baaedf71-9bd7-48da-8120-c69651880dc7,job_scraped_e90d58ff71,27,poor,,engineering,,"Match Score: 27%

Strong matches:
✓ Profile captured

Potential gap:
! engineering
! Seniority mismatch

Why this job matches:
This role only partially overlaps with your current skills and preferences.",2026-09-04T19:59:38.395Z,2026-09-04T20:03:11.395Z,pending,,
e52325e0-e801-4b0e-9dcb-2307b4be5187,baaedf71-9bd7-48da-8120-c69651880dc7,job_scraped_aed8c0f297,27,poor,,security,,"Match Score: 27%

Strong matches:
✓ Profile captured

Potential gap:
! security
! Seniority mismatch

Why this job matches:
This role only partially overlaps with your current skills and preferences.",2026-09-04T19:59:40.712Z,2026-09-04T20:03:17.134Z,pending,,
608afe71-7fe6-4efc-a2db-e36d82528bdd,baaedf71-9bd7-48da-8120-c69651880dc7,job_scraped_fbbcfb6578,30,poor,,engineering,,"Match Score: 30%

Strong matches:
✓ Profile captured

Potential gap:
! engineering

Why this job matches:
This role only partially overlaps with your current skills and preferences.",2026-09-04T19:59:45.349Z,2026-09-04T20:03:21.551Z,pending,,
0f8b382a-77bb-4d24-9f25-9a1e52e449e4,baaedf71-9bd7-48da-8120-c69651880dc7,job_scraped_e0f78b49ec,30,poor,,executive,,"Match Score: 30%

Strong matches:
✓ Profile captured

Potential gap:
! executive

Why this job matches:
This role only partially overlaps with your current skills and preferences.",2026-09-04T19:59:47.001Z,2026-09-04T20:03:35.319Z,pending,,
6cf91032-53a8-4652-85e5-e990f610959d,baaedf71-9bd7-48da-8120-c69651880dc7,job_scraped_ef0a8530a6,27,poor,,engineering,,"Match Score: 27%

Strong matches:
✓ Profile captured

Potential gap:
! engineering
! Seniority mismatch

Why this job matches:
This role only partially overlaps with your current skills and preferences.",2026-09-04T19:59:48.873Z,2026-09-04T20:03:41.184Z,pending,,
6213a91e-0d96-4a1c-a13e-157ad6ff99a8,baaedf71-9bd7-48da-8120-c69651880dc7,job_scraped_b3b33e041a,27,poor,,engineering,,"Match Score: 27%

Strong matches:
✓ Profile captured

Potential gap:
! engineering
! Seniority mismatch

Why this job matches:
This role only partially overlaps with your current skills and preferences.",2026-09-04T19:59:50.984Z,2026-09-04T20:03:49.450Z,pending,,
5386a3a9-bb51-4427-8804-4bf348c513da,baaedf71-9bd7-48da-8120-c69651880dc7,job_scraped_41b6bb5bac,27,poor,,ai,,"Match Score: 27%

Strong matches:
✓ Profile captured

Potential gap:
! ai
! Seniority mismatch

Why this job matches:
This role only partially overlaps with your current skills and preferences.",2026-09-04T19:59:52.702Z,2026-09-04T20:04:12.965Z,pending,,
b5271ef6-f9cd-42bd-87ba-40e908013c16,baaedf71-9bd7-48da-8120-c69651880dc7,job_scraped_8e61f298b1,27,poor,,engineering,,"Match Score: 27%

Strong matches:
✓ Profile captured

Potential gap:
! engineering
! Seniority mismatch

Why this job matches:
This role only partially overlaps with your current skills and preferences.",2026-09-04T19:59:54.597Z,2026-09-04T20:04:22.203Z,pending,,
ebef31dd-ec14-4d45-9d89-fb28fc03acc3,baaedf71-9bd7-48da-8120-c69651880dc7,job_scraped_2651fdf89c,30,poor,,ai,,"Match Score: 30%

Strong matches:
✓ Profile captured

Potential gap:
! ai

Why this job matches:
This role only partially overlaps with your current skills and preferences.",2026-09-04T19:59:56.502Z,2026-09-04T20:04:25.869Z,pending,,
d76a9491-d1d7-43a7-aa8d-faa1007fdd6a,baaedf71-9bd7-48da-8120-c69651880dc7,job_scraped_f58e651161,30,poor,,engineering,,"Match Score: 30%

Strong matches:
✓ Profile captured

Potential gap:
! engineering

Why this job matches:
This role only partially overlaps with your current skills and preferences.",2026-09-04T19:59:57.514Z,2026-09-04T20:04:32.722Z,pending,,
395ac5fe-7ef0-409b-b9a5-73efc232cdf8,baaedf71-9bd7-48da-8120-c69651880dc7,job_scraped_74134350f7,30,poor,,finance,,"Match Score: 30%

Strong matches:
✓ Profile captured

Potential gap:
! finance

Why this job matches:
This role only partially overlaps with your current skills and preferences.",2026-09-04T19:59:58.832Z,2026-09-04T20:04:42.367Z,pending,,
a05af112-6fe0-46e6-a74d-aef5af8436bb,baaedf71-9bd7-48da-8120-c69651880dc7,job_scraped_9bff318b4a,30,poor,,finance,,"Match Score: 30%

Strong matches:
✓ Profile captured

Potential gap:
! finance

Why this job matches:
This role only partially overlaps with your current skills and preferences.",2026-09-04T19:59:59.592Z,2026-09-04T20:04:48.014Z,pending,,
34e19e82-8876-4c68-aa60-e32e34d5cea3,baaedf71-9bd7-48da-8120-c69651880dc7,job_scraped_eb247b63d5,30,poor,,finance,,"Match Score: 30%

Strong matches:
✓ Profile captured

Potential gap:
! finance

Why this job matches:
This role only partially overlaps with your current skills and preferences.",2026-09-04T20:00:00.508Z,2026-09-04T20:04:52.849Z,pending,,
30513d09-dad9-42fe-9ff6-cc781b28bf30,baaedf71-9bd7-48da-8120-c69651880dc7,job_scraped_7473510321,27,poor,,finance,,"Match Score: 27%

Strong matches:
✓ Profile captured

Potential gap:
! finance
! Seniority mismatch

Why this job matches:
This role only partially overlaps with your current skills and preferences.",2026-09-04T20:00:01.262Z,2026-09-04T20:04:58.366Z,pending,,
7e0cda48-c601-4b96-86b9-e2d8271bbf42,baaedf71-9bd7-48da-8120-c69651880dc7,job_scraped_64b9e62e63,27,poor,,hr,,"Match Score: 27%

Strong matches:
✓ Profile captured

Potential gap:
! hr
! Seniority mismatch

Why this job matches:
This role only partially overlaps with your current skills and preferences.",2026-09-04T20:00:01.881Z,2026-09-04T20:05:14.916Z,pending,,
65ed0d33-fad1-4aca-9c0a-fd07be1a8526,baaedf71-9bd7-48da-8120-c69651880dc7,job_scraped_6e49082411,30,poor,,legal,,"Match Score: 30%

Strong matches:
✓ Profile captured

Potential gap:
! legal

Why this job matches:
This role only partially overlaps with your current skills and preferences.",2026-09-04T20:00:03.066Z,2026-09-04T20:05:25.502Z,pending,,
886eaa11-574a-48a5-9fa5-f2aba2d2ce00,baaedf71-9bd7-48da-8120-c69651880dc7,job_scraped_7116ce8489,30,poor,,product management,,"Match Score: 30%

Strong matches:
✓ Profile captured

Potential gap:
! product management

Why this job matches:
This role only partially overlaps with your current skills and preferences.",2026-09-04T20:00:04.378Z,2026-09-04T20:05:34.024Z,pending,,
df10b5fe-67fe-4896-97f9-166ea7c19a88,baaedf71-9bd7-48da-8120-c69651880dc7,job_scraped_26d121527a,27,poor,,legal,,"Match Score: 27%

Strong matches:
✓ Profile captured

Potential gap:
! legal
! Seniority mismatch

Why this job matches:
This role only partially overlaps with your current skills and preferences.",2026-09-04T20:00:05.495Z,2026-09-04T20:05:40.209Z,pending,,
17800ccb-8c66-41d8-a9e4-3b4da7aac56f,baaedf71-9bd7-48da-8120-c69651880dc7,job_scraped_46a04e589e,30,poor,,ai,,"Match Score: 30%

Strong matches:
✓ Profile captured

Potential gap:
! ai

Why this job matches:
This role only partially overlaps with your current skills and preferences.",2026-09-04T20:00:07.246Z,2026-09-04T20:05:48.531Z,pending,,
60fa9de8-da2f-4657-9a46-175855ed8d09,baaedf71-9bd7-48da-8120-c69651880dc7,job_scraped_5ce688ef89,30,poor,,operations,,"Match Score: 30%

Strong matches:
✓ Profile captured

Potential gap:
! operations

Why this job matches:
This role only partially overlaps with your current skills and preferences.",2026-09-04T20:00:08.244Z,2026-09-04T20:05:53.198Z,pending,,
2de21fce-9090-4bf1-9add-4fd6631ccc54,baaedf71-9bd7-48da-8120-c69651880dc7,job_scraped_0085514f5d,27,poor,,engineering,,"Match Score: 27%

Strong matches:
✓ Profile captured

Potential gap:
! engineering
! Seniority mismatch

Why this job matches:
This role only partially overlaps with your current skills and preferences.",2026-09-04T20:00:09.132Z,2026-09-04T20:05:57.457Z,pending,,
6b3b7a94-6f12-4000-9d9b-c6d07ee69257,baaedf71-9bd7-48da-8120-c69651880dc7,job_scraped_4fcaafc6db,27,poor,,engineering,,"Match Score: 27%

Strong matches:
✓ Profile captured

Potential gap:
! engineering
! Seniority mismatch

Why this job matches:
This role only partially overlaps with your current skills and preferences.",2026-09-04T20:00:09.904Z,2026-09-04T20:06:01.941Z,pending,,
d31133d8-e3bc-4a99-8d10-fd4020315e91,baaedf71-9bd7-48da-8120-c69651880dc7,job_scraped_e89ed2cb7d,27,poor,,engineering,,"Match Score: 27%

Strong matches:
✓ Profile captured

Potential gap:
! engineering
! Seniority mismatch

Why this job matches:
This role only partially overlaps with your current skills and preferences.",2026-09-04T20:00:10.979Z,2026-09-04T20:06:04.125Z,pending,,
ec489790-4fdc-4317-91ff-6438987b74a2,baaedf71-9bd7-48da-8120-c69651880dc7,job_scraped_2b33be1862,30,poor,,engineering,,"Match Score: 30%

Strong matches:
✓ Profile captured

Potential gap:
! engineering

Why this job matches:
This role only partially overlaps with your current skills and preferences.",2026-09-04T20:00:12.019Z,2026-09-04T20:06:14.215Z,pending,,
3e313c3e-19fb-4f75-8b3d-4d2598c98e1c,baaedf71-9bd7-48da-8120-c69651880dc7,job_scraped_3de1cbd9c3,30,poor,,sales,,"Match Score: 30%

Strong matches:
✓ Profile captured

Potential gap:
! sales

Why this job matches:
This role only partially overlaps with your current skills and preferences.",2026-09-04T20:00:13.306Z,2026-09-04T20:06:19.563Z,pending,,
e868eef4-6d41-4214-b552-4b847c183159,baaedf71-9bd7-48da-8120-c69651880dc7,job_scraped_4c88092e13,30,poor,,engineering,,"Match Score: 30%

Strong matches:
✓ Profile captured

Potential gap:
! engineering

Why this job matches:
This role only partially overlaps with your current skills and preferences.",2026-09-04T20:00:14.309Z,2026-09-04T20:06:24.640Z,pending,,
ad098114-df49-49ec-a901-7c1db4e540b6,baaedf71-9bd7-48da-8120-c69651880dc7,job_scraped_0d614bff3f,30,poor,,sales,,"Match Score: 30%

Strong matches:
✓ Profile captured

Potential gap:
! sales

Why this job matches:
This role only partially overlaps with your current skills and preferences.",2026-09-04T20:00:15.342Z,2026-09-04T20:06:34.105Z,pending,,
7189e3f2-7d6f-4413-b5c5-8690d387c30c,baaedf71-9bd7-48da-8120-c69651880dc7,job_scraped_1f13880358,30,poor,,engineering,,"Match Score: 30%

Strong matches:
✓ Profile captured

Potential gap:
! engineering

Why this job matches:
This role only partially overlaps with your current skills and preferences.",2026-09-04T20:00:16.114Z,2026-09-04T20:06:37.556Z,pending,,
ba7e4ad3-1097-4b63-8f7b-1b961eaa9d18,baaedf71-9bd7-48da-8120-c69651880dc7,job_scraped_1f62aa1ed0,30,poor,,sales,,"Match Score: 30%

Strong matches:
✓ Profile captured

Potential gap:
! sales

Why this job matches:
This role only partially overlaps with your current skills and preferences.",2026-09-04T20:00:17.286Z,2026-09-04T20:06:43.411Z,pending,,
ae015545-c730-4de1-943b-07eedd0efae8,baaedf71-9bd7-48da-8120-c69651880dc7,job_scraped_35b114c6e8,27,poor,,engineering,,"Match Score: 27%

Strong matches:
✓ Profile captured

Potential gap:
! engineering
! Seniority mismatch

Why this job matches:
This role only partially overlaps with your current skills and preferences.",2026-09-04T20:00:18.392Z,2026-09-04T20:06:52.363Z,pending,,
ba3967df-3da4-4d74-8095-9f86521e42d9,baaedf71-9bd7-48da-8120-c69651880dc7,job_scraped_693f45b683,27,poor,,sales,,"Match Score: 27%

Strong matches:
✓ Profile captured

Potential gap:
! sales
! Seniority mismatch

Why this job matches:
This role only partially overlaps with your current skills and preferences.",2026-09-04T20:00:19.597Z,2026-09-04T20:06:54.676Z,pending,,
a87f3c6b-6dde-49ce-88ec-35b8820671ec,baaedf71-9bd7-48da-8120-c69651880dc7,job_scraped_b052f3daae,27,poor,,engineering,,"Match Score: 27%

Strong matches:
✓ Profile captured

Potential gap:
! engineering
! Seniority mismatch

Why this job matches:
This role only partially overlaps with your current skills and preferences.",2026-09-04T20:00:20.573Z,2026-09-04T20:06:59.424Z,pending,,
f4c25d1f-6c24-4f1f-9b88-e49b79b1506f,baaedf71-9bd7-48da-8120-c69651880dc7,job_scraped_1183bd0b9b,27,poor,,engineering,,"Match Score: 27%

Strong matches:
✓ Profile captured

Potential gap:
! engineering
! Seniority mismatch

Why this job matches:
This role only partially overlaps with your current skills and preferences.",2026-09-04T20:00:21.662Z,2026-09-04T20:07:04.035Z,pending,,
5591101f-923c-45df-8e37-c4a11ac62ce0,baaedf71-9bd7-48da-8120-c69651880dc7,job_scraped_9438e35bcd,27,poor,,engineering,,"Match Score: 27%

Strong matches:
✓ Profile captured

Potential gap:
! engineering
! Seniority mismatch

Why this job matches:
This role only partially overlaps with your current skills and preferences.",2026-09-04T20:00:23.440Z,2026-09-04T20:07:15.210Z,pending,,
ce8d0bd8-9d6b-4e5d-9152-f7f583ff4d63,baaedf71-9bd7-48da-8120-c69651880dc7,job_scraped_c561bb1808,27,poor,,sales,,"Match Score: 27%

Strong matches:
✓ Profile captured

Potential gap:
! sales
! Seniority mismatch

Why this job matches:
This role only partially overlaps with your current skills and preferences.",2026-09-04T20:00:23.979Z,2026-09-04T20:07:21.824Z,pending,,
2366af73-0f83-4f44-9ed0-7fdaf867d8c7,baaedf71-9bd7-48da-8120-c69651880dc7,job_scraped_6902f12593,30,poor,,engineering,,"Match Score: 30%

Strong matches:
✓ Profile captured

Potential gap:
! engineering

Why this job matches:
This role only partially overlaps with your current skills and preferences.",2026-09-04T20:00:25.443Z,2026-09-04T20:07:26.050Z,pending,,
3e03b633-bcc9-4dc9-a473-19286d7f476d,baaedf71-9bd7-48da-8120-c69651880dc7,job_scraped_1f57f34ba1,30,poor,,sales,,"Match Score: 30%

Strong matches:
✓ Profile captured

Potential gap:
! sales

Why this job matches:
This role only partially overlaps with your current skills and preferences.",2026-09-04T20:00:26.236Z,2026-09-04T20:07:35.976Z,pending,,
2149968d-95ed-467d-bcb9-c46177da6ffd,baaedf71-9bd7-48da-8120-c69651880dc7,job_scraped_dc63abcfa6,30,poor,,marketing,,"Match Score: 30%

Strong matches:
✓ Profile captured

Potential gap:
! marketing

Why this job matches:
This role only partially overlaps with your current skills and preferences.",2026-09-04T20:00:27.157Z,2026-09-04T20:07:39.965Z,pending,,
64a988f6-81b5-4736-9d5d-80c71261632f,baaedf71-9bd7-48da-8120-c69651880dc7,job_scraped_32036b8fe2,30,poor,,marketing,,"Match Score: 30%

Strong matches:
✓ Profile captured

Potential gap:
! marketing

Why this job matches:
This role only partially overlaps with your current skills and preferences.",2026-09-04T20:00:28.391Z,2026-09-04T20:07:44.102Z,pending,,
e868d7a7-87ca-4bf5-9fa0-da32a6aa4759,baaedf71-9bd7-48da-8120-c69651880dc7,job_scraped_419ddaab91,30,poor,,sales,,"Match Score: 30%

Strong matches:
✓ Profile captured

Potential gap:
! sales

Why this job matches:
This role only partially overlaps with your current skills and preferences.",2026-09-04T20:00:29.147Z,2026-09-04T20:07:48.412Z,pending,,
3fbe4df2-addf-4c8f-bde6-669f0a42de7f,baaedf71-9bd7-48da-8120-c69651880dc7,job_scraped_b59a7b2d17,30,poor,,sales,,"Match Score: 30%

Strong matches:
✓ Profile captured

Potential gap:
! sales

Why this job matches:
This role only partially overlaps with your current skills and preferences.",2026-09-04T20:00:30.211Z,2026-09-04T20:07:51.526Z,pending,,
047d963a-5551-4b4b-b9c6-a0ec43046079,baaedf71-9bd7-48da-8120-c69651880dc7,job_scraped_70b46f4e24,30,poor,,sales,,"Match Score: 30%

Strong matches:
✓ Profile captured

Potential gap:
! sales

Why this job matches:
This role only partially overlaps with your current skills and preferences.",2026-09-04T20:00:31.361Z,2026-09-04T20:07:58.631Z,pending,,
b4e29933-7491-4e8b-b463-06a65b91fc6d,baaedf71-9bd7-48da-8120-c69651880dc7,job_scraped_bf5b9a9844,30,poor,,sales,,"Match Score: 30%

Strong matches:
✓ Profile captured

Potential gap:
! sales

Why this job matches:
This role only partially overlaps with your current skills and preferences.",2026-09-04T20:00:33.969Z,2026-09-04T20:08:01.639Z,pending,,
557b8f73-1cf9-4d1e-a324-d58373600a9a,baaedf71-9bd7-48da-8120-c69651880dc7,job_scraped_13a1c02c94,30,poor,,engineering,,"Match Score: 30%

Strong matches:
✓ Profile captured

Potential gap:
! engineering

Why this job matches:
This role only partially overlaps with your current skills and preferences.",2026-09-04T20:00:35.600Z,2026-09-04T20:08:04.800Z,pending,,
1f2bc401-48e6-4ae2-9648-c92832905f69,baaedf71-9bd7-48da-8120-c69651880dc7,job_scraped_c0cf66f883,30,poor,,sales,,"Match Score: 30%

Strong matches:
✓ Profile captured

Potential gap:
! sales

Why this job matches:
This role only partially overlaps with your current skills and preferences.",2026-09-04T20:00:36.485Z,2026-09-04T20:08:10.808Z,pending,,
02677cb2-f518-4ce6-bc4c-77289fc00e8f,baaedf71-9bd7-48da-8120-c69651880dc7,job_scraped_d8e3616b3f,30,poor,,sales,,"Match Score: 30%

Strong matches:
✓ Profile captured

Potential gap:
! sales

Why this job matches:
This role only partially overlaps with your current skills and preferences.",2026-09-04T20:00:37.604Z,2026-09-04T20:08:19.543Z,pending,,
f2b0454e-0c64-400e-845b-c25fa5f4d36d,baaedf71-9bd7-48da-8120-c69651880dc7,job_scraped_eec5e30b5d,30,poor,,engineering,,"Match Score: 30%

Strong matches:
✓ Profile captured

Potential gap:
! engineering

Why this job matches:
This role only partially overlaps with your current skills and preferences.",2026-09-04T20:00:38.421Z,2026-09-04T20:08:29.055Z,pending,,
d0b05b28-6662-4581-80e2-55580bc6a192,baaedf71-9bd7-48da-8120-c69651880dc7,job_scraped_38da59f6a6,30,poor,,ai,,"Match Score: 30%

Strong matches:
✓ Profile captured

Potential gap:
! ai

Why this job matches:
This role only partially overlaps with your current skills and preferences.",2026-09-04T20:00:39.373Z,2026-09-04T20:08:34.438Z,pending,,
a164f56f-c539-4321-86a4-d499eb40b045,baaedf71-9bd7-48da-8120-c69651880dc7,job_scraped_66c96fe701,30,poor,,engineering,,"Match Score: 30%

Strong matches:
✓ Profile captured

Potential gap:
! engineering

Why this job matches:
This role only partially overlaps with your current skills and preferences.",2026-09-04T20:00:40.455Z,2026-09-04T20:08:38.820Z,pending,,
97388870-9f29-4162-8f68-c52922f75fd1,baaedf71-9bd7-48da-8120-c69651880dc7,job_scraped_63f8a7a5d3,30,poor,,engineering,,"Match Score: 30%

Strong matches:
✓ Profile captured

Potential gap:
! engineering

Why this job matches:
This role only partially overlaps with your current skills and preferences.",2026-09-04T20:00:42.938Z,2026-09-04T20:08:44.458Z,pending,,
4fedd4c4-c019-4157-a9cd-5d34bf4a0b5c,baaedf71-9bd7-48da-8120-c69651880dc7,job_scraped_7491fe5742,27,poor,,sales,,"Match Score: 27%

Strong matches:
✓ Profile captured

Potential gap:
! sales
! Seniority mismatch

Why this job matches:
This role only partially overlaps with your current skills and preferences.",2026-09-04T20:00:43.899Z,2026-09-04T20:08:47.637Z,pending,,
e633a03e-16ad-4d3b-9283-0df3b8c32a1e,baaedf71-9bd7-48da-8120-c69651880dc7,job_scraped_0289be6f62,27,poor,,design,,"Match Score: 27%

Strong matches:
✓ Profile captured

Potential gap:
! design
! Seniority mismatch

Why this job matches:
This role only partially overlaps with your current skills and preferences.",2026-09-04T20:00:44.583Z,2026-09-04T20:08:54.892Z,pending,,
cade1427-4fe5-484c-abe7-0686435bcb51,baaedf71-9bd7-48da-8120-c69651880dc7,job_scraped_d2fcd0128c,27,poor,,sales,,"Match Score: 27%

Strong matches:
✓ Profile captured

Potential gap:
! sales
! Seniority mismatch

Why this job matches:
This role only partially overlaps with your current skills and preferences.",2026-09-04T20:00:45.734Z,2026-09-04T20:08:59.450Z,pending,,
677d8139-84d4-4c58-8b35-88ecf5e17824,baaedf71-9bd7-48da-8120-c69651880dc7,job_scraped_77101b7054,27,poor,,engineering,,"Match Score: 27%

Strong matches:
✓ Profile captured

Potential gap:
! engineering
! Seniority mismatch

Why this job matches:
This role only partially overlaps with your current skills and preferences.",2026-09-04T20:00:47.105Z,2026-09-04T20:09:06.202Z,pending,,
d0d78d4d-47b6-4866-ab6f-e4a0f2c7f327,baaedf71-9bd7-48da-8120-c69651880dc7,job_scraped_caa2e417ff,27,poor,,product management,,"Match Score: 27%

Strong matches:
✓ Profile captured

Potential gap:
! product management
! Seniority mismatch

Why this job matches:
This role only partially overlaps with your current skills and preferences.",2026-09-04T20:00:48.368Z,2026-09-04T20:09:12.981Z,pending,,
dfe5e109-f15e-4e3d-af24-f3fefaba674c,baaedf71-9bd7-48da-8120-c69651880dc7,job_scraped_ece7b0912a,27,poor,,engineering,,"Match Score: 27%

Strong matches:
✓ Profile captured

Potential gap:
! engineering
! Seniority mismatch

Why this job matches:
This role only partially overlaps with your current skills and preferences.",2026-09-04T20:00:50.330Z,2026-09-04T20:09:14.867Z,pending,,
9811637f-ef96-464f-9245-8c1f806f6789,baaedf71-9bd7-48da-8120-c69651880dc7,job_scraped_c7b1c273f2,27,poor,,engineering,,"Match Score: 27%

Strong matches:
✓ Profile captured

Potential gap:
! engineering
! Seniority mismatch

Why this job matches:
This role only partially overlaps with your current skills and preferences.",2026-09-04T20:00:51.644Z,2026-09-04T20:09:20.020Z,pending,,
a2f371f9-ecd0-4b1f-b83a-886636631e37,baaedf71-9bd7-48da-8120-c69651880dc7,job_scraped_6db2e93cce,27,poor,,engineering,,"Match Score: 27%

Strong matches:
✓ Profile captured

Potential gap:
! engineering
! Seniority mismatch

Why this job matches:
This role only partially overlaps with your current skills and preferences.",2026-09-04T20:00:53.262Z,2026-09-04T20:09:24.419Z,pending,,
a0678760-6a88-4d56-a6c4-a58652bccd96,baaedf71-9bd7-48da-8120-c69651880dc7,job_scraped_ac84f31c6a,27,poor,,engineering,,"Match Score: 27%

Strong matches:
✓ Profile captured

Potential gap:
! engineering
! Seniority mismatch

Why this job matches:
This role only partially overlaps with your current skills and preferences.",2026-09-04T20:00:54.977Z,2026-09-04T20:09:28.140Z,pending,,
90f6f9ed-e3ee-49be-bc5a-6d7b799775e4,baaedf71-9bd7-48da-8120-c69651880dc7,job_scraped_d6ddb43e51,30,poor,,executive,,"Match Score: 30%

Strong matches:
✓ Profile captured

Potential gap:
! executive

Why this job matches:
This role only partially overlaps with your current skills and preferences.",2026-09-04T20:00:56.802Z,2026-09-04T20:09:33.452Z,pending,,
f5c9b514-dbba-4c75-b2a5-3254d8ccef39,baaedf71-9bd7-48da-8120-c69651880dc7,job_scraped_dcf39677d5,30,poor,,engineering,,"Match Score: 30%

Strong matches:
✓ Profile captured

Potential gap:
! engineering

Why this job matches:
This role only partially overlaps with your current skills and preferences.",2026-09-04T20:00:59.158Z,2026-09-04T20:09:36.792Z,pending,,
efa6e455-d09a-4942-861a-667fb1f7d9e8,baaedf71-9bd7-48da-8120-c69651880dc7,job_scraped_ced2939d22,30,poor,,engineering,,"Match Score: 30%

Strong matches:
✓ Profile captured

Potential gap:
! engineering

Why this job matches:
This role only partially overlaps with your current skills and preferences.",2026-09-04T20:01:01.278Z,2026-09-04T20:09:39.131Z,pending,,
32740c9c-b3b5-4004-870e-e67b30846e2e,baaedf71-9bd7-48da-8120-c69651880dc7,job_scraped_06aae753c5,30,poor,,engineering,,"Match Score: 30%

Strong matches:
✓ Profile captured

Potential gap:
! engineering

Why this job matches:
This role only partially overlaps with your current skills and preferences.",2026-09-04T20:01:02.623Z,2026-09-04T20:09:46.399Z,pending,,
106097ab-ddf6-485d-9b83-fb6be47b7ade,baaedf71-9bd7-48da-8120-c69651880dc7,job_scraped_ee8c475a20,30,poor,,engineering,,"Match Score: 30%

Strong matches:
✓ Profile captured

Potential gap:
! engineering

Why this job matches:
This role only partially overlaps with your current skills and preferences.",2026-09-04T20:01:06.742Z,2026-09-04T20:09:52.732Z,pending,,
aa3c4553-39c3-49f2-8036-dbe768b65759,baaedf71-9bd7-48da-8120-c69651880dc7,job_scraped_ef3062fc2e,30,poor,,operations,,"Match Score: 30%

Strong matches:
✓ Profile captured

Potential gap:
! operations

Why this job matches:
This role only partially overlaps with your current skills and preferences.",2026-09-04T20:01:07.912Z,2026-09-04T20:09:59.274Z,pending,,
e76708de-b6fa-4efd-8960-c6e5e47818e8,baaedf71-9bd7-48da-8120-c69651880dc7,job_scraped_1cc1e27508,27,poor,,executive,,"Match Score: 27%

Strong matches:
✓ Profile captured

Potential gap:
! executive
! Seniority mismatch

Why this job matches:
This role only partially overlaps with your current skills and preferences.",2026-09-04T20:01:09.285Z,2026-09-04T20:10:01.853Z,pending,,
16d85f39-1b6b-4486-9c94-955c0accf307,baaedf71-9bd7-48da-8120-c69651880dc7,job_scraped_664e331faa,27,poor,,operations,,"Match Score: 27%

Strong matches:
✓ Profile captured

Potential gap:
! operations
! Seniority mismatch

Why this job matches:
This role only partially overlaps with your current skills and preferences.",2026-09-04T20:01:10.860Z,2026-09-04T20:10:04.133Z,pending,,
a81ab016-9ace-47e6-b723-803d1b8707b9,baaedf71-9bd7-48da-8120-c69651880dc7,job_scraped_067240aab7,27,poor,,engineering,,"Match Score: 27%

Strong matches:
✓ Profile captured

Potential gap:
! engineering
! Seniority mismatch

Why this job matches:
This role only partially overlaps with your current skills and preferences.",2026-09-04T20:01:12.381Z,2026-09-04T20:10:07.628Z,pending,,
ef0476fb-708c-444d-9fa5-8fbe778e845f,baaedf71-9bd7-48da-8120-c69651880dc7,job_scraped_cbe723192d,30,poor,,compliance,,"Match Score: 30%

Strong matches:
✓ Profile captured

Potential gap:
! compliance

Why this job matches:
This role only partially overlaps with your current skills and preferences.",2026-09-04T20:01:13.738Z,2026-09-04T20:10:12.047Z,pending,,
4f4a392f-a164-4a0d-a0b3-464fcc7a0883,baaedf71-9bd7-48da-8120-c69651880dc7,job_scraped_5afed40002,30,poor,,engineering,,"Match Score: 30%

Strong matches:
✓ Profile captured

Potential gap:
! engineering

Why this job matches:
This role only partially overlaps with your current skills and preferences.",2026-09-04T20:01:14.725Z,2026-09-04T20:10:16.212Z,pending,,
e408c0f6-1cdc-456c-b2e5-12476d26c4d8,baaedf71-9bd7-48da-8120-c69651880dc7,job_scraped_21ada85c96,30,poor,,finance,,"Match Score: 30%

Strong matches:
✓ Profile captured

Potential gap:
! finance

Why this job matches:
This role only partially overlaps with your current skills and preferences.",2026-09-04T20:01:15.657Z,2026-09-04T20:10:22.469Z,pending,,
50e04c10-b4d4-4182-9b5c-4c7a696464f8,baaedf71-9bd7-48da-8120-c69651880dc7,job_scraped_a808d41b2a,30,poor,,finance,,"Match Score: 30%

Strong matches:
✓ Profile captured

Potential gap:
! finance

Why this job matches:
This role only partially overlaps with your current skills and preferences.",2026-09-04T20:01:16.516Z,2026-09-04T20:10:25.877Z,pending,,
a99593cf-669c-48fc-b676-8a8c66ecbcb9,baaedf71-9bd7-48da-8120-c69651880dc7,job_scraped_7cb912b3e5,30,poor,,finance,,"Match Score: 30%

Strong matches:
✓ Profile captured

Potential gap:
! finance

Why this job matches:
This role only partially overlaps with your current skills and preferences.",2026-09-04T20:01:17.253Z,2026-09-04T20:10:30.336Z,pending,,
0772b8da-cae4-4457-983b-2f36110c79c8,baaedf71-9bd7-48da-8120-c69651880dc7,job_scraped_6ddb7e0ad4,27,poor,,finance,,"Match Score: 27%

Strong matches:
✓ Profile captured

Potential gap:
! finance
! Seniority mismatch

Why this job matches:
This role only partially overlaps with your current skills and preferences.",2026-09-04T20:01:18.169Z,2026-09-04T20:10:35.480Z,pending,,
d7123738-5dc5-44fa-89ee-a9d3fa485b59,baaedf71-9bd7-48da-8120-c69651880dc7,job_scraped_eb78a609cd,30,poor,,engineering,,"Match Score: 30%

Strong matches:
✓ Profile captured

Potential gap:
! engineering

Why this job matches:
This role only partially overlaps with your current skills and preferences.",2026-09-04T20:01:19.115Z,2026-09-04T20:10:43.175Z,pending,,
ae81d71a-5133-4324-a097-63add28015ec,baaedf71-9bd7-48da-8120-c69651880dc7,job_scraped_16c6837929,30,poor,,finance,,"Match Score: 30%

Strong matches:
✓ Profile captured

Potential gap:
! finance

Why this job matches:
This role only partially overlaps with your current skills and preferences.",2026-09-04T20:01:20.420Z,2026-09-04T20:10:49.381Z,pending,,
4b0152cf-9fbe-4599-9fd8-07d5d0ad7dc2,baaedf71-9bd7-48da-8120-c69651880dc7,job_scraped_1ae87a992d,27,poor,,smart contracts,,"Match Score: 27%

Strong matches:
✓ Profile captured

Potential gap:
! smart contracts
! Seniority mismatch

Why this job matches:
This role only partially overlaps with your current skills and preferences.",2026-09-04T20:01:21.336Z,2026-09-04T20:10:52.613Z,pending,,
dd128884-d942-43d3-9f38-0cd3d106609a,baaedf71-9bd7-48da-8120-c69651880dc7,job_scraped_2f4987e657,30,poor,,engineering,,"Match Score: 30%

Strong matches:
✓ Profile captured

Potential gap:
! engineering

Why this job matches:
This role only partially overlaps with your current skills and preferences.",2026-09-04T20:01:22.195Z,2026-09-04T20:10:55.621Z,pending,,
d7f1d567-19b1-4e50-b9bf-848f6ef3e342,baaedf71-9bd7-48da-8120-c69651880dc7,job_scraped_064e303898,30,poor,,engineering,,"Match Score: 30%

Strong matches:
✓ Profile captured

Potential gap:
! engineering

Why this job matches:
This role only partially overlaps with your current skills and preferences.",2026-09-04T20:01:24.394Z,2026-09-04T20:11:00.749Z,pending,,
788bb244-3206-4faf-9916-21251d83b525,baaedf71-9bd7-48da-8120-c69651880dc7,job_scraped_3a05c8b621,30,poor,,engineering,,"Match Score: 30%

Strong matches:
✓ Profile captured

Potential gap:
! engineering

Why this job matches:
This role only partially overlaps with your current skills and preferences.",2026-09-04T20:01:26.649Z,2026-09-04T20:11:02.922Z,pending,,
bdfbb00d-7271-40ce-9f83-f4357dec1ce4,baaedf71-9bd7-48da-8120-c69651880dc7,job_scraped_cd6c642709,27,poor,,engineering,,"Match Score: 27%

Strong matches:
✓ Profile captured

Potential gap:
! engineering
! Seniority mismatch

Why this job matches:
This role only partially overlaps with your current skills and preferences.",2026-09-04T20:01:27.401Z,2026-09-04T20:11:08.063Z,pending,,
ff6083b5-9aff-4b73-a306-ab2f123030e5,baaedf71-9bd7-48da-8120-c69651880dc7,job_scraped_aab4c90bb1,30,poor,,operations,,"Match Score: 30%

Strong matches:
✓ Profile captured

Potential gap:
! operations

Why this job matches:
This role only partially overlaps with your current skills and preferences.",2026-09-04T20:01:28.351Z,2026-09-04T20:11:16.546Z,pending,,
3a02e1ca-430b-4e43-8084-712523bf2661,baaedf71-9bd7-48da-8120-c69651880dc7,job_scraped_218260e234,30,poor,,trading,,"Match Score: 30%

Strong matches:
✓ Profile captured

Potential gap:
! trading

Why this job matches:
This role only partially overlaps with your current skills and preferences.",2026-09-04T20:01:29.016Z,2026-09-04T20:11:22.199Z,pending,,
72e643c2-a3b8-480d-b62b-988fa3a5bc41,baaedf71-9bd7-48da-8120-c69651880dc7,job_scraped_85a517e1d1,30,poor,,compliance,,"Match Score: 30%

Strong matches:
✓ Profile captured

Potential gap:
! compliance

Why this job matches:
This role only partially overlaps with your current skills and preferences.",2026-09-04T20:01:29.810Z,2026-09-04T20:11:26.659Z,pending,,
5cba5133-da2a-4975-8f59-c0a398cbf1f4,baaedf71-9bd7-48da-8120-c69651880dc7,job_scraped_d437bddff3,34,poor,,legal,,"Match Score: 34%

Strong matches:
✓ Profile captured

Potential gap:
! legal

Why this job matches:
This role only partially overlaps with your current skills and preferences.",2026-09-04T20:01:30.669Z,2026-09-04T20:11:31.696Z,pending,,
a751f5d3-5d15-4809-a2ce-bd97b7c58725,baaedf71-9bd7-48da-8120-c69651880dc7,job_scraped_14cafe6887,30,poor,,engineering,,"Match Score: 30%

Strong matches:
✓ Profile captured

Potential gap:
! engineering

Why this job matches:
This role only partially overlaps with your current skills and preferences.",2026-09-04T20:01:31.357Z,2026-09-04T20:11:35.165Z,pending,,
24d90d85-7dc9-45f1-9f7d-d2244df06355,baaedf71-9bd7-48da-8120-c69651880dc7,job_scraped_78a81c7bf4,34,poor,,hr,,"Match Score: 34%

Strong matches:
✓ Profile captured

Potential gap:
! hr

Why this job matches:
This role only partially overlaps with your current skills and preferences.",2026-09-04T20:01:32.016Z,2026-09-04T20:11:45.248Z,pending,,
4c1e51af-cd13-46d3-b12b-9f532cf205c4,baaedf71-9bd7-48da-8120-c69651880dc7,job_scraped_dee2e85bc1,30,poor,,engineering,,"Match Score: 30%

Strong matches:
✓ Profile captured

Potential gap:
! engineering

Why this job matches:
This role only partially overlaps with your current skills and preferences.",2026-09-04T20:01:33.495Z,2026-09-04T20:11:50.360Z,pending,,
700ced6a-8ed6-40fe-93d3-6a2938d93ec3,baaedf71-9bd7-48da-8120-c69651880dc7,job_scraped_5ebd6486d0,30,poor,,engineering,,"Match Score: 30%

Strong matches:
✓ Profile captured

Potential gap:
! engineering

Why this job matches:
This role only partially overlaps with your current skills and preferences.",2026-09-04T20:01:34.275Z,2026-09-04T20:11:59.300Z,pending,,
3175c0e0-08ee-49b9-b976-ed1b35892d37,baaedf71-9bd7-48da-8120-c69651880dc7,job_scraped_c9bc6bd24e,30,poor,,engineering,,"Match Score: 30%

Strong matches:
✓ Profile captured

Potential gap:
! engineering

Why this job matches:
This role only partially overlaps with your current skills and preferences.",2026-09-04T20:01:35.183Z,2026-09-04T20:12:03.498Z,pending,,
11b2b69b-0e03-4616-a987-c6d627cb59ca,baaedf71-9bd7-48da-8120-c69651880dc7,job_scraped_b3d8de0eef,27,poor,,engineering,,"Match Score: 27%

Strong matches:
✓ Profile captured

Potential gap:
! engineering
! Seniority mismatch

Why this job matches:
This role only partially overlaps with your current skills and preferences.",2026-09-04T20:01:35.908Z,2026-09-04T20:12:09.337Z,pending,,
c24f3083-7ae1-470e-85a9-665bd4e7e56f,baaedf71-9bd7-48da-8120-c69651880dc7,job_scraped_b28bc20782,27,poor,,engineering,,"Match Score: 27%

Strong matches:
✓ Profile captured

Potential gap:
! engineering
! Seniority mismatch

Why this job matches:
This role only partially overlaps with your current skills and preferences.",2026-09-04T20:01:36.923Z,2026-09-04T20:12:20.831Z,pending,,
a6966a93-b068-4237-b0bc-edf8460bc418,baaedf71-9bd7-48da-8120-c69651880dc7,job_scraped_58578f2157,27,poor,,engineering,,"Match Score: 27%

Strong matches:
✓ Profile captured

Potential gap:
! engineering
! Seniority mismatch

Why this job matches:
This role only partially overlaps with your current skills and preferences.",2026-09-04T20:01:37.662Z,2026-09-04T20:12:24.206Z,pending,,
efaf37bc-0762-415f-b24c-9aa8e5351db5,baaedf71-9bd7-48da-8120-c69651880dc7,job_scraped_a940fa2f44,27,poor,,engineering,,"Match Score: 27%

Strong matches:
✓ Profile captured

Potential gap:
! engineering
! Seniority mismatch

Why this job matches:
This role only partially overlaps with your current skills and preferences.",2026-09-04T20:01:39.237Z,2026-09-04T20:12:29.174Z,pending,,
ed51d006-0362-4f74-8d96-be9654d41ede,baaedf71-9bd7-48da-8120-c69651880dc7,job_scraped_e627e4a03f,30,poor,,engineering,,"Match Score: 30%

Strong matches:
✓ Profile captured

Potential gap:
! engineering

Why this job matches:
This role only partially overlaps with your current skills and preferences.",2026-09-04T20:01:39.991Z,2026-09-04T20:12:35.413Z,pending,,
bea85ce1-eab5-49a5-88aa-9d94be86a0ed,baaedf71-9bd7-48da-8120-c69651880dc7,job_scraped_e922a9f657,33,poor,,engineering,,"Match Score: 33%

Strong matches:
✓ Profile captured

Potential gap:
! engineering

Why this job matches:
This role only partially overlaps with your current skills and preferences.",2026-09-04T20:01:40.997Z,2026-09-04T20:12:38.296Z,pending,,
f1e5236d-cdb1-40ab-b81c-7e3b4ea4d2bf,baaedf71-9bd7-48da-8120-c69651880dc7,job_scraped_f1e53c2118,27,poor,,engineering,,"Match Score: 27%

Strong matches:
✓ Profile captured

Potential gap:
! engineering
! Seniority mismatch

Why this job matches:
This role only partially overlaps with your current skills and preferences.",2026-09-04T20:01:42.174Z,2026-09-04T20:12:42.970Z,pending,,
8870b1a5-3a77-4bf5-a121-1fd2fe88ac32,baaedf71-9bd7-48da-8120-c69651880dc7,job_scraped_60bef42b5a,27,poor,,design,,"Match Score: 27%

Strong matches:
✓ Profile captured

Potential gap:
! design
! Seniority mismatch

Why this job matches:
This role only partially overlaps with your current skills and preferences.",2026-09-04T20:01:43.344Z,2026-09-04T20:12:45.169Z,pending,,
429feb80-956f-48c8-911b-5685c1fa8d03,baaedf71-9bd7-48da-8120-c69651880dc7,job_scraped_9d3117f90b,27,poor,,trading|product management,,"Match Score: 27%

Strong matches:
✓ Profile captured

Potential gap:
! trading
! product management
! Seniority mismatch

Why this job matches:
This role only partially overlaps with your current skills and preferences.",2026-09-04T20:01:44.284Z,2026-09-04T20:12:52.053Z,pending,,
6c28073a-f0d3-46a4-a2f7-f1ff1093953a,baaedf71-9bd7-48da-8120-c69651880dc7,job_scraped_d830984c3b,27,poor,,product management,,"Match Score: 27%

Strong matches:
✓ Profile captured

Potential gap:
! product management
! Seniority mismatch

Why this job matches:
This role only partially overlaps with your current skills and preferences.",2026-09-04T20:01:45.250Z,2026-09-04T20:12:55.838Z,pending,,
296315b1-8320-436d-8fbd-eb7dea4641c8,baaedf71-9bd7-48da-8120-c69651880dc7,job_scraped_b336de28c3,27,poor,,product management,,"Match Score: 27%

Strong matches:
✓ Profile captured

Potential gap:
! product management
! Seniority mismatch

Why this job matches:
This role only partially overlaps with your current skills and preferences.",2026-09-04T20:01:46.150Z,2026-09-04T20:12:59.377Z,pending,,
3689fd5b-1855-4da2-aa01-0bfbbf0876f2,baaedf71-9bd7-48da-8120-c69651880dc7,job_scraped_1cdabe3167,27,poor,,product management,,"Match Score: 27%

Strong matches:
✓ Profile captured

Potential gap:
! product management
! Seniority mismatch

Why this job matches:
This role only partially overlaps with your current skills and preferences.",2026-09-04T20:01:46.628Z,2026-09-04T20:13:10.059Z,pending,,
8101d07c-23ae-4e71-a717-d164684242f6,baaedf71-9bd7-48da-8120-c69651880dc7,job_scraped_f2236f7055,27,poor,,engineering,,"Match Score: 27%

Strong matches:
✓ Profile captured

Potential gap:
! engineering
! Seniority mismatch

Why this job matches:
This role only partially overlaps with your current skills and preferences.",2026-09-04T20:01:47.708Z,2026-09-04T20:13:17.621Z,pending,,
253de998-c721-4f35-abb5-83a3d4c9799e,baaedf71-9bd7-48da-8120-c69651880dc7,job_scraped_bb7bace925,27,poor,,engineering,,"Match Score: 27%

Strong matches:
✓ Profile captured

Potential gap:
! engineering
! Seniority mismatch

Why this job matches:
This role only partially overlaps with your current skills and preferences.",2026-09-04T20:01:49.747Z,2026-09-04T20:13:25.217Z,pending,,
a61a1698-288e-4e2f-a264-ddcfc2ef3f00,baaedf71-9bd7-48da-8120-c69651880dc7,job_scraped_9d5ec6e4ae,27,poor,,engineering,,"Match Score: 27%

Strong matches:
✓ Profile captured

Potential gap:
! engineering
! Seniority mismatch

Why this job matches:
This role only partially overlaps with your current skills and preferences.",2026-09-04T20:01:51.034Z,2026-09-04T20:13:44.115Z,pending,,
e7b7bd12-0325-43db-8f12-b3f145e81dd0,baaedf71-9bd7-48da-8120-c69651880dc7,job_scraped_6830d85c15,30,poor,,engineering,,"Match Score: 30%

Strong matches:
✓ Profile captured

Potential gap:
! engineering

Why this job matches:
This role only partially overlaps with your current skills and preferences.",2026-09-04T20:01:51.998Z,2026-09-04T20:14:01.679Z,pending,,
ebd49650-9066-4233-b86a-a76550bab8d0,baaedf71-9bd7-48da-8120-c69651880dc7,job_scraped_0d4747215a,30,poor,,engineering,,"Match Score: 30%

Strong matches:
✓ Profile captured

Potential gap:
! engineering

Why this job matches:
This role only partially overlaps with your current skills and preferences.",2026-09-04T20:01:53.540Z,2026-09-04T20:14:21.874Z,pending,,
600e32bd-dc8c-4450-9fe2-c2954051e900,baaedf71-9bd7-48da-8120-c69651880dc7,job_scraped_135e837a60,30,poor,,engineering,,"Match Score: 30%

Strong matches:
✓ Profile captured

Potential gap:
! engineering

Why this job matches:
This role only partially overlaps with your current skills and preferences.",2026-09-04T20:01:54.488Z,2026-09-04T20:14:53.465Z,pending,,
9163e9b0-2273-4711-ae2d-5f550ab65489,baaedf71-9bd7-48da-8120-c69651880dc7,job_scraped_68961caeab,30,poor,,python,,"Match Score: 30%

Strong matches:
✓ Profile captured

Potential gap:
! python

Why this job matches:
This role only partially overlaps with your current skills and preferences.",2026-09-04T20:01:56.753Z,2026-09-04T20:15:06.810Z,pending,,
1d73e60d-2552-4d84-a706-9dd22e19a4aa,baaedf71-9bd7-48da-8120-c69651880dc7,job_scraped_eeae543aa2,30,poor,,rust|python,,"Match Score: 30%

Strong matches:
✓ Profile captured

Potential gap:
! rust
! python

Why this job matches:
This role only partially overlaps with your current skills and preferences.",2026-09-04T20:01:57.703Z,2026-09-04T20:15:26.172Z,pending,,
e49c442f-c094-421b-b0dd-06b9e2910035,baaedf71-9bd7-48da-8120-c69651880dc7,job_scraped_8046a0801d,27,poor,,engineering,,"Match Score: 27%

Strong matches:
✓ Profile captured

Potential gap:
! engineering
! Seniority mismatch

Why this job matches:
This role only partially overlaps with your current skills and preferences.",2026-09-04T20:01:59.087Z,2026-09-04T20:15:46.879Z,pending,,
faf25bdf-d462-451d-8295-49ddcbb830e8,baaedf71-9bd7-48da-8120-c69651880dc7,job_scraped_216d125787,30,poor,,research,,"Match Score: 30%

Strong matches:
✓ Profile captured

Potential gap:
! research

Why this job matches:
This role only partially overlaps with your current skills and preferences.",2026-09-04T20:02:00.028Z,2026-09-04T20:16:01.109Z,pending,,
e62920b1-6057-41ee-82f9-c11ea264c692,baaedf71-9bd7-48da-8120-c69651880dc7,job_scraped_7c721c9e2c,27,poor,,engineering,,"Match Score: 27%

Strong matches:
✓ Profile captured

Potential gap:
! engineering
! Seniority mismatch

Why this job matches:
This role only partially overlaps with your current skills and preferences.",2026-09-04T20:02:01.087Z,2026-09-04T20:16:30.592Z,pending,,
75253f27-8f43-4999-a563-a7cba2fcfb01,baaedf71-9bd7-48da-8120-c69651880dc7,job_scraped_6aa1cda5ee,30,poor,,engineering,,"Match Score: 30%

Strong matches:
✓ Profile captured

Potential gap:
! engineering

Why this job matches:
This role only partially overlaps with your current skills and preferences.",2026-09-04T20:02:01.922Z,2026-09-04T20:16:59.410Z,pending,,
a62f889b-c8d0-440c-b5ba-d7c492a37037,baaedf71-9bd7-48da-8120-c69651880dc7,job_scraped_98e5bb87f1,30,poor,,engineering,,"Match Score: 30%

Strong matches:
✓ Profile captured

Potential gap:
! engineering

Why this job matches:
This role only partially overlaps with your current skills and preferences.",2026-09-04T20:02:02.867Z,2026-09-04T20:17:15.708Z,pending,,
6ac84ad8-f0ca-43c7-9f7a-b22b3a45f12f,baaedf71-9bd7-48da-8120-c69651880dc7,job_scraped_85d9c8e23e,30,poor,,engineering,,"Match Score: 30%

Strong matches:
✓ Profile captured

Potential gap:
! engineering

Why this job matches:
This role only partially overlaps with your current skills and preferences.",2026-09-04T20:02:03.808Z,2026-09-04T20:17:31.760Z,pending,,
faa49855-121d-4074-9925-daa55a5a188f,baaedf71-9bd7-48da-8120-c69651880dc7,job_scraped_fa481c9469,30,poor,,marketing,,"Match Score: 30%

Strong matches:
✓ Profile captured

Potential gap:
! marketing

Why this job matches:
This role only partially overlaps with your current skills and preferences.",2026-09-04T20:02:04.998Z,2026-09-04T20:17:51.842Z,pending,,
eeb590be-6402-4d61-b3e4-cb91e65a24c3,baaedf71-9bd7-48da-8120-c69651880dc7,job_scraped_9a9960ec3f,30,poor,,engineering,,"Match Score: 30%

Strong matches:
✓ Profile captured

Potential gap:
! engineering

Why this job matches:
This role only partially overlaps with your current skills and preferences.",2026-09-04T20:02:05.890Z,2026-09-04T20:18:10.229Z,pending,,
7ce50131-b5f3-473d-8c39-ab5abc491531,baaedf71-9bd7-48da-8120-c69651880dc7,job_scraped_cbd2a4e12b,30,poor,,engineering,,"Match Score: 30%

Strong matches:
✓ Profile captured

Potential gap:
! engineering

Why this job matches:
This role only partially overlaps with your current skills and preferences.",2026-09-04T20:02:06.729Z,2026-09-04T20:18:33.518Z,pending,,
24bb88c8-15e8-45f3-bfe0-653dbacada85,baaedf71-9bd7-48da-8120-c69651880dc7,job_scraped_82a807eb12,30,poor,,marketing|product management,,"Match Score: 30%

Strong matches:
✓ Profile captured

Potential gap:
! marketing
! product management

Why this job matches:
This role only partially overlaps with your current skills and preferences.",2026-09-04T20:02:07.466Z,2026-09-04T20:19:08.532Z,pending,,
9f7459ac-b7ec-499b-ad78-237f35d3f65e,baaedf71-9bd7-48da-8120-c69651880dc7,job_scraped_fe3403bdf0,27,poor,,engineering,,"Match Score: 27%

Strong matches:
✓ Profile captured

Potential gap:
! engineering
! Seniority mismatch

Why this job matches:
This role only partially overlaps with your current skills and preferences.",2026-09-04T20:02:08.360Z,2026-09-04T20:19:33.568Z,pending,,
2e436f79-60de-4e56-b322-661950868769,baaedf71-9bd7-48da-8120-c69651880dc7,job_scraped_345a6649d0,30,poor,,engineering,,"Match Score: 30%

Strong matches:
✓ Profile captured

Potential gap:
! engineering

Why this job matches:
This role only partially overlaps with your current skills and preferences.",2026-09-04T20:02:09.362Z,2026-09-04T20:19:56.477Z,pending,,
9bb72103-2ef7-4ba8-b3ed-6607abd5f50a,baaedf71-9bd7-48da-8120-c69651880dc7,job_scraped_83a6eae5b5,30,poor,,engineering,,"Match Score: 30%

Strong matches:
✓ Profile captured

Potential gap:
! engineering

Why this job matches:
This role only partially overlaps with your current skills and preferences.",2026-09-04T20:02:10.462Z,2026-09-04T20:20:20.175Z,pending,,
89d09eca-5d5b-4e67-940e-78cbfaaff4e9,baaedf71-9bd7-48da-8120-c69651880dc7,job_scraped_e135ff25cd,30,poor,,sales,,"Match Score: 30%

Strong matches:
✓ Profile captured

Potential gap:
! sales

Why this job matches:
This role only partially overlaps with your current skills and preferences.",2026-09-04T20:02:13.673Z,2026-09-04T20:20:41.493Z,pending,,
52df2663-6282-4c28-bae1-847b7978b598,baaedf71-9bd7-48da-8120-c69651880dc7,job_scraped_544f74f8c9,30,poor,,engineering,,"Match Score: 30%

Strong matches:
✓ Profile captured

Potential gap:
! engineering

Why this job matches:
This role only partially overlaps with your current skills and preferences.",2026-09-04T20:02:15.048Z,2026-09-04T20:21:03.626Z,pending,,
c735a4bd-6373-42a9-b3d7-b92981523359,baaedf71-9bd7-48da-8120-c69651880dc7,job_scraped_86a16a67c2,30,poor,,engineering,,"Match Score: 30%

Strong matches:
✓ Profile captured

Potential gap:
! engineering

Why this job matches:
This role only partially overlaps with your current skills and preferences.",2026-09-04T20:02:16.015Z,2026-09-04T20:21:13.241Z,pending,,
eede2420-1813-496d-83ec-e038d2658c70,baaedf71-9bd7-48da-8120-c69651880dc7,job_scraped_f3f1f3ec0f,30,poor,,engineering,,"Match Score: 30%

Strong matches:
✓ Profile captured

Potential gap:
! engineering

Why this job matches:
This role only partially overlaps with your current skills and preferences.",2026-09-04T20:02:17.080Z,2026-09-04T20:21:28.487Z,pending,,
521798b8-2cbd-4498-8e0b-ae2e2e020c69,baaedf71-9bd7-48da-8120-c69651880dc7,job_scraped_799f485ebb,30,poor,,product management,,"Match Score: 30%

Strong matches:
✓ Profile captured

Potential gap:
! product management

Why this job matches:
This role only partially overlaps with your current skills and preferences.",2026-09-04T20:02:19.373Z,2026-09-04T20:21:44.295Z,pending,,
a8a25ced-8f56-45e9-828b-00b6680fb91d,baaedf71-9bd7-48da-8120-c69651880dc7,job_scraped_e67f55058a,27,poor,,engineering,,"Match Score: 27%

Strong matches:
✓ Profile captured

Potential gap:
! engineering
! Seniority mismatch

Why this job matches:
This role only partially overlaps with your current skills and preferences.",2026-09-04T20:02:21.037Z,2026-09-04T20:22:01.246Z,pending,,
d9f7e435-f493-41d3-af5b-b45a669f701c,baaedf71-9bd7-48da-8120-c69651880dc7,job_scraped_c31acae434,30,poor,,community,,"Match Score: 30%

Strong matches:
✓ Profile captured

Potential gap:
! community

Why this job matches:
This role only partially overlaps with your current skills and preferences.",2026-09-04T20:02:22.146Z,2026-09-04T20:22:13.707Z,pending,,
7b30893d-fa1b-4e89-8412-a82912efdc15,baaedf71-9bd7-48da-8120-c69651880dc7,job_scraped_85f63d5e66,30,poor,,research,,"Match Score: 30%

Strong matches:
✓ Profile captured

Potential gap:
! research

Why this job matches:
This role only partially overlaps with your current skills and preferences.",2026-09-04T20:02:23.433Z,2026-09-04T20:22:20.750Z,pending,,
c4c5f7d6-e68a-454f-853b-e7f0dd5e5ff0,baaedf71-9bd7-48da-8120-c69651880dc7,job_scraped_19aa03b6a4,30,poor,,community,,"Match Score: 30%

Strong matches:
✓ Profile captured

Potential gap:
! community

Why this job matches:
This role only partially overlaps with your current skills and preferences.",2026-09-04T20:02:26.016Z,2026-09-04T20:22:33.545Z,pending,,
1c8cc5c9-6320-4fad-a4a6-b8f5dc37da82,baaedf71-9bd7-48da-8120-c69651880dc7,job_scraped_f7a7753f0d,30,poor,,engineering,,"Match Score: 30%

Strong matches:
✓ Profile captured

Potential gap:
! engineering

Why this job matches:
This role only partially overlaps with your current skills and preferences.",2026-09-04T20:02:27.012Z,2026-09-04T20:22:51.399Z,pending,,
fccc4294-1960-48f6-b76f-96ee08f27159,baaedf71-9bd7-48da-8120-c69651880dc7,job_scraped_92dbec6472,30,poor,,engineering,,"Match Score: 30%

Strong matches:
✓ Profile captured

Potential gap:
! engineering

Why this job matches:
This role only partially overlaps with your current skills and preferences.",2026-09-04T20:02:28.407Z,2026-09-04T20:23:03.546Z,pending,,
16623b9a-f605-4938-8081-0321ab82f49a,baaedf71-9bd7-48da-8120-c69651880dc7,job_scraped_3286fd9239,30,poor,,engineering,,"Match Score: 30%

Strong matches:
✓ Profile captured

Potential gap:
! engineering

Why this job matches:
This role only partially overlaps with your current skills and preferences.",2026-09-04T20:02:30.643Z,2026-09-04T20:23:22.380Z,pending,,
6dcbcb33-8d76-44ba-8f2b-f59bd2b9b708,baaedf71-9bd7-48da-8120-c69651880dc7,job_scraped_b5de51d69a,30,poor,,engineering,,"Match Score: 30%

Strong matches:
✓ Profile captured

Potential gap:
! engineering

Why this job matches:
This role only partially overlaps with your current skills and preferences.",2026-09-04T20:02:33.211Z,2026-09-04T20:23:33.585Z,pending,,
7730d026-d2ee-4d6a-a830-9309ab02e80a,baaedf71-9bd7-48da-8120-c69651880dc7,job_scraped_ead301683a,30,poor,,operations,,"Match Score: 30%

Strong matches:
✓ Profile captured

Potential gap:
! operations

Why this job matches:
This role only partially overlaps with your current skills and preferences.",2026-09-04T20:02:35.884Z,2026-09-04T20:23:47.377Z,pending,,
453bb7dc-8703-457d-9750-d89990d7bf38,baaedf71-9bd7-48da-8120-c69651880dc7,job_scraped_08e39f647a,27,poor,,engineering,,"Match Score: 27%

Strong matches:
✓ Profile captured

Potential gap:
! engineering
! Seniority mismatch

Why this job matches:
This role only partially overlaps with your current skills and preferences.",2026-09-04T20:02:37.562Z,2026-09-04T20:24:00.407Z,pending,,
28be2c4e-a8ee-421d-81fb-f148cf0a79e2,baaedf71-9bd7-48da-8120-c69651880dc7,job_scraped_2aa1ba4954,27,poor,,engineering,,"Match Score: 27%

Strong matches:
✓ Profile captured

Potential gap:
! engineering
! Seniority mismatch

Why this job matches:
This role only partially overlaps with your current skills and preferences.",2026-09-04T20:02:41.191Z,2026-09-04T20:24:14.763Z,pending,,
2daa1922-74c0-40b4-9943-de63ed4730c3,baaedf71-9bd7-48da-8120-c69651880dc7,job_scraped_160041a1f0,30,poor,,engineering,,"Match Score: 30%

Strong matches:
✓ Profile captured

Potential gap:
! engineering

Why this job matches:
This role only partially overlaps with your current skills and preferences.",2026-09-04T20:02:42.710Z,2026-09-04T20:24:23.843Z,pending,,
c1773a06-3674-4cb6-a29a-13fbda4d8150,baaedf71-9bd7-48da-8120-c69651880dc7,job_scraped_1c35dc8fcc,30,poor,,engineering,,"Match Score: 30%

Strong matches:
✓ Profile captured

Potential gap:
! engineering

Why this job matches:
This role only partially overlaps with your current skills and preferences.",2026-09-04T20:02:44.116Z,2026-09-04T20:24:31.428Z,pending,,
c5b74fa5-fd97-4e3c-b942-a8e338bb7135,baaedf71-9bd7-48da-8120-c69651880dc7,job_scraped_f7180b4440,30,poor,,engineering,,"Match Score: 30%

Strong matches:
✓ Profile captured

Potential gap:
! engineering

Why this job matches:
This role only partially overlaps with your current skills and preferences.",2026-09-04T20:02:45.089Z,2026-09-04T20:24:48.721Z,pending,,
cbc7fc03-f4f9-48d8-beb4-4c371e46d4b1,baaedf71-9bd7-48da-8120-c69651880dc7,job_scraped_7757bf29ea,30,poor,,engineering,,"Match Score: 30%

Strong matches:
✓ Profile captured

Potential gap:
! engineering

Why this job matches:
This role only partially overlaps with your current skills and preferences.",2026-09-04T20:02:46.314Z,2026-09-04T20:25:01.763Z,pending,,
461d359c-d116-4521-8cf4-29e1a09ba776,baaedf71-9bd7-48da-8120-c69651880dc7,job_scraped_13dd24e236,30,poor,,engineering,,"Match Score: 30%

Strong matches:
✓ Profile captured

Potential gap:
! engineering

Why this job matches:
This role only partially overlaps with your current skills and preferences.",2026-09-04T20:02:47.468Z,2026-09-04T20:25:10.645Z,pending,,
eedad86f-e74a-49da-8ada-1bb51845146c,baaedf71-9bd7-48da-8120-c69651880dc7,job_scraped_127ec84f99,30,poor,,engineering,,"Match Score: 30%

Strong matches:
✓ Profile captured

Potential gap:
! engineering

Why this job matches:
This role only partially overlaps with your current skills and preferences.",2026-09-04T20:02:48.612Z,2026-09-04T20:25:18.177Z,pending,,
dd7f8057-b0e3-461e-a9be-381909d47f17,baaedf71-9bd7-48da-8120-c69651880dc7,job_scraped_b790313a63,30,poor,,engineering,,"Match Score: 30%

Strong matches:
✓ Profile captured

Potential gap:
! engineering

Why this job matches:
This role only partially overlaps with your current skills and preferences.",2026-09-04T20:02:50.184Z,2026-09-04T20:25:28.926Z,pending,,
c0a2faa2-81af-499b-a6b4-d2153b7011b0,baaedf71-9bd7-48da-8120-c69651880dc7,job_scraped_8cc7d45e48,30,poor,,engineering,,"Match Score: 30%

Strong matches:
✓ Profile captured

Potential gap:
! engineering

Why this job matches:
This role only partially overlaps with your current skills and preferences.",2026-09-04T20:02:53.266Z,2026-09-04T20:25:43.519Z,pending,,
20861f49-84a8-4c1a-936c-4835cfa755bd,baaedf71-9bd7-48da-8120-c69651880dc7,job_scraped_1cb765ece4,30,poor,,engineering,,"Match Score: 30%

Strong matches:
✓ Profile captured

Potential gap:
! engineering

Why this job matches:
This role only partially overlaps with your current skills and preferences.",2026-09-04T20:02:55.056Z,2026-09-04T20:25:57.816Z,pending,,
fbd02da3-7fb8-4589-8690-bc18d234f42b,baaedf71-9bd7-48da-8120-c69651880dc7,job_scraped_c2d96a9068,30,poor,,marketing,,"Match Score: 30%

Strong matches:
✓ Profile captured

Potential gap:
! marketing

Why this job matches:
This role only partially overlaps with your current skills and preferences.",2026-09-04T20:02:56.975Z,2026-09-04T20:26:11.625Z,pending,,
1a5a361a-f126-403b-9970-a942e4dc4102,baaedf71-9bd7-48da-8120-c69651880dc7,job_scraped_5f1bbe88db,30,poor,,product management,,"Match Score: 30%

Strong matches:
✓ Profile captured

Potential gap:
! product management

Why this job matches:
This role only partially overlaps with your current skills and preferences.",2026-09-04T20:02:58.965Z,2026-09-04T20:26:24.964Z,pending,,
f59fa73c-e067-45f4-ad13-875624f8b957,baaedf71-9bd7-48da-8120-c69651880dc7,job_scraped_34980f33f7,30,poor,,product management,,"Match Score: 30%

Strong matches:
✓ Profile captured

Potential gap:
! product management

Why this job matches:
This role only partially overlaps with your current skills and preferences.",2026-09-04T20:03:00.611Z,2026-09-04T20:26:33.489Z,pending,,
45d1e502-f9a2-4a89-b92a-4c23dcae8ef5,baaedf71-9bd7-48da-8120-c69651880dc7,job_scraped_ebdcee32c9,30,poor,,product management,,"Match Score: 30%

Strong matches:
✓ Profile captured

Potential gap:
! product management

Why this job matches:
This role only partially overlaps with your current skills and preferences.",2026-09-04T20:03:02.504Z,2026-09-04T20:26:52.692Z,pending,,
373146f0-7528-4e5e-9d06-9ba03e652caa,baaedf71-9bd7-48da-8120-c69651880dc7,job_scraped_ed74c1fad0,30,poor,,engineering,,"Match Score: 30%

Strong matches:
✓ Profile captured

Potential gap:
! engineering

Why this job matches:
This role only partially overlaps with your current skills and preferences.",2026-09-04T20:03:09.020Z,2026-09-04T20:27:03.966Z,pending,,
267f5207-d7f6-4f44-a35e-176432c38089,baaedf71-9bd7-48da-8120-c69651880dc7,job_scraped_79d4dd5212,30,poor,,engineering,,"Match Score: 30%

Strong matches:
✓ Profile captured

Potential gap:
! engineering

Why this job matches:
This role only partially overlaps with your current skills and preferences.",2026-09-04T20:03:14.971Z,2026-09-04T20:27:14.314Z,pending,,
9cba07b4-9820-4c30-8467-1679cdcffa03,baaedf71-9bd7-48da-8120-c69651880dc7,job_scraped_6a63549890,27,poor,,engineering,,"Match Score: 27%

Strong matches:
✓ Profile captured

Potential gap:
! engineering
! Seniority mismatch

Why this job matches:
This role only partially overlaps with your current skills and preferences.",2026-09-04T20:03:19.617Z,2026-09-04T20:27:24.211Z,pending,,
9246c088-e8e2-4953-a986-5b4a8d6aef54,baaedf71-9bd7-48da-8120-c69651880dc7,job_scraped_be91c6ac6c,30,poor,,research,,"Match Score: 30%

Strong matches:
✓ Profile captured

Potential gap:
! research

Why this job matches:
This role only partially overlaps with your current skills and preferences.",2026-09-04T20:03:29.177Z,2026-09-04T20:27:34.376Z,pending,,
6adbdf02-4cc8-4aeb-81a7-f20dc34ccf1f,baaedf71-9bd7-48da-8120-c69651880dc7,job_scraped_a1937a6c25,30,poor,,operations,,"Match Score: 30%

Strong matches:
✓ Profile captured

Potential gap:
! operations

Why this job matches:
This role only partially overlaps with your current skills and preferences.",2026-09-04T20:03:38.780Z,2026-09-04T20:27:45.745Z,pending,,
9e55fb4b-0726-4d53-97cb-37f38838a7cb,baaedf71-9bd7-48da-8120-c69651880dc7,job_scraped_2e7b05fa55,30,poor,,engineering,,"Match Score: 30%

Strong matches:
✓ Profile captured

Potential gap:
! engineering

Why this job matches:
This role only partially overlaps with your current skills and preferences.",2026-09-04T20:03:43.682Z,2026-09-04T20:27:59.881Z,pending,,
ed1ca72e-dbbb-486f-b217-c8181a81ce68,baaedf71-9bd7-48da-8120-c69651880dc7,job_scraped_71e93aa158,30,poor,,engineering,,"Match Score: 30%

Strong matches:
✓ Profile captured

Potential gap:
! engineering

Why this job matches:
This role only partially overlaps with your current skills and preferences.",2026-09-04T20:04:05.350Z,2026-09-04T20:28:09.803Z,pending,,
e9c2b37c-8a63-4bf5-b9d1-e1821da6a5ba,baaedf71-9bd7-48da-8120-c69651880dc7,job_scraped_1a4a1e2296,30,poor,,engineering,,"Match Score: 30%

Strong matches:
✓ Profile captured

Potential gap:
! engineering

Why this job matches:
This role only partially overlaps with your current skills and preferences.",2026-09-04T20:04:17.734Z,2026-09-04T20:28:42.913Z,pending,,
d8294d6a-19f9-48af-b798-47293325f01a,baaedf71-9bd7-48da-8120-c69651880dc7,job_scraped_b4de90cd54,30,poor,,engineering,,"Match Score: 30%

Strong matches:
✓ Profile captured

Potential gap:
! engineering

Why this job matches:
This role only partially overlaps with your current skills and preferences.",2026-09-04T20:04:23.454Z,2026-09-04T20:29:20.617Z,pending,,
6d097c38-e5fc-4177-93c0-38cb3bd053ac,baaedf71-9bd7-48da-8120-c69651880dc7,job_sol_001,35,poor,,solidity|foundry|evm,,"Match Score: 35%

Strong matches:
✓ Relevant years of experience

Potential gap:
! solidity
! foundry
! evm
! Seniority mismatch

Why this job matches:
This role only partially overlaps with your current skills and preferences.",2026-09-04T20:04:24.689Z,2026-09-04T20:04:24.689Z,pending,,
bd253691-535b-4c88-b3f5-62c2a46b1dc7,baaedf71-9bd7-48da-8120-c69651880dc7,job_scraped_407467f161,30,poor,,executive,,"Match Score: 30%

Strong matches:
✓ Profile captured

Potential gap:
! executive

Why this job matches:
This role only partially overlaps with your current skills and preferences.",2026-09-04T20:04:28.781Z,2026-09-04T20:29:43.486Z,pending,,
2209df75-1e7f-4cea-9c38-f83d6e4ea060,baaedf71-9bd7-48da-8120-c69651880dc7,job_sol_002,35,poor,,solidity|smart contracts,,"Match Score: 35%

Strong matches:
✓ Profile captured

Potential gap:
! solidity
! smart contracts

Why this job matches:
This role only partially overlaps with your current skills and preferences.",2026-09-04T20:04:30.755Z,2026-09-04T20:04:30.755Z,pending,,
03aca4cb-0696-4542-bd15-0efae15af0df,baaedf71-9bd7-48da-8120-c69651880dc7,job_scraped_024df6d3ac,30,poor,,engineering,,"Match Score: 30%

Strong matches:
✓ Profile captured

Potential gap:
! engineering

Why this job matches:
This role only partially overlaps with your current skills and preferences.",2026-09-04T20:04:34.240Z,2026-09-04T20:29:53.061Z,pending,,
bdec8186-6fd0-406e-a3dc-f3475a7ad3c7,baaedf71-9bd7-48da-8120-c69651880dc7,job_solana_001,35,poor,,solana|rust,,"Match Score: 35%

Strong matches:
✓ Relevant years of experience

Potential gap:
! solana
! rust
! Seniority mismatch

Why this job matches:
This role only partially overlaps with your current skills and preferences.",2026-09-04T20:04:40.324Z,2026-09-04T20:04:40.324Z,pending,,
1fa899ed-def7-4adf-8bd9-c8dd6360d44a,baaedf71-9bd7-48da-8120-c69651880dc7,job_scraped_fa487ac42b,27,poor,,engineering,,"Match Score: 27%

Strong matches:
✓ Profile captured

Potential gap:
! engineering
! Seniority mismatch

Why this job matches:
This role only partially overlaps with your current skills and preferences.",2026-09-04T20:04:44.936Z,2026-09-04T20:30:20.085Z,pending,,
e70b1d5e-ad8b-49a3-a5ce-77891016c03b,baaedf71-9bd7-48da-8120-c69651880dc7,job_fe_001,42,poor,,react|typescript,,"Match Score: 42%

Strong matches:
✓ Relevant years of experience
✓ Target role alignment

Potential gap:
! react
! typescript

Why this job matches:
This role only partially overlaps with your current skills and preferences.",2026-09-04T20:04:46.739Z,2026-09-04T20:04:46.739Z,pending,,
1ab326a6-3da2-4b3a-8457-55130f87189c,baaedf71-9bd7-48da-8120-c69651880dc7,job_scraped_00a638a5b1,27,poor,,smart contracts,,"Match Score: 27%

Strong matches:
✓ Profile captured

Potential gap:
! smart contracts
! Seniority mismatch

Why this job matches:
This role only partially overlaps with your current skills and preferences.",2026-09-04T20:04:49.891Z,2026-09-04T20:30:32.398Z,pending,,
1ae6fdf6-a296-42f5-97f5-afdbc4f5085d,baaedf71-9bd7-48da-8120-c69651880dc7,job_intern_001,33,poor,,javascript,,"Match Score: 33%

Strong matches:
✓ Profile captured

Potential gap:
! javascript

Why this job matches:
This role only partially overlaps with your current skills and preferences.",2026-09-04T20:04:50.985Z,2026-09-04T20:04:50.985Z,pending,,
b871868d-8f98-47c9-a1b7-48d2cb0b1476,baaedf71-9bd7-48da-8120-c69651880dc7,job_scraped_e5eff604e1,30,poor,,engineering,,"Match Score: 30%

Strong matches:
✓ Profile captured

Potential gap:
! engineering

Why this job matches:
This role only partially overlaps with your current skills and preferences.",2026-09-04T20:04:55.972Z,2026-09-04T20:30:49.782Z,pending,,
2c94cc02-a112-4f9a-8dd6-a2a53cf70bc1,baaedf71-9bd7-48da-8120-c69651880dc7,job_ml_001,43,poor,machine learning,python|pytorch,,"Match Score: 43%

Strong matches:
✓ machine learning
✓ Relevant years of experience

Potential gap:
! python
! pytorch
! Seniority mismatch

Why this job matches:
Your machine learning experience closely aligns with the core requirements of this position.",2026-09-04T20:04:57.222Z,2026-09-04T20:04:57.222Z,pending,,
710b2c50-290e-4226-a11f-541e3c68d7ae,baaedf71-9bd7-48da-8120-c69651880dc7,job_scraped_becda51e80,30,poor,,engineering,,"Match Score: 30%

Strong matches:
✓ Profile captured

Potential gap:
! engineering

Why this job matches:
This role only partially overlaps with your current skills and preferences.",2026-09-04T20:05:10.929Z,2026-09-04T20:31:03.191Z,pending,,
6bdb01c5-3b69-4c03-ad18-e5b86ebc1959,baaedf71-9bd7-48da-8120-c69651880dc7,job_protocol_001,39,poor,,rust|cryptography,,"Match Score: 39%

Strong matches:
✓ Relevant years of experience

Potential gap:
! rust
! cryptography
! Seniority mismatch

Why this job matches:
This role only partially overlaps with your current skills and preferences.",2026-09-04T20:05:12.040Z,2026-09-04T20:05:12.040Z,pending,,
c1ce52c1-f15c-46a9-8808-68f7760b86f1,baaedf71-9bd7-48da-8120-c69651880dc7,job_scraped_2934edc914,30,poor,,product management,,"Match Score: 30%

Strong matches:
✓ Profile captured

Potential gap:
! product management

Why this job matches:
This role only partially overlaps with your current skills and preferences.",2026-09-04T20:05:16.474Z,2026-09-04T20:31:30.983Z,pending,,
23d3abe0-3a42-40a9-ac1d-354cf26814a8,baaedf71-9bd7-48da-8120-c69651880dc7,job_be_001,42,poor,,node|typescript|postgresql,,"Match Score: 42%

Strong matches:
✓ Relevant years of experience
✓ Kigali Rwanda

Potential gap:
! node
! typescript
! postgresql

Why this job matches:
This role only partially overlaps with your current skills and preferences.",2026-09-04T20:05:21.301Z,2026-09-04T20:05:21.301Z,pending,,
329ecb2d-e550-45dd-866b-b6c2a21981c4,baaedf71-9bd7-48da-8120-c69651880dc7,job_scraped_8494bb8abe,30,poor,,engineering,,"Match Score: 30%

Strong matches:
✓ Profile captured

Potential gap:
! engineering

Why this job matches:
This role only partially overlaps with your current skills and preferences.",2026-09-04T20:05:29.997Z,2026-09-04T20:05:29.997Z,pending,,
7fc465ad-75d4-4345-9245-9cd5af68e35c,baaedf71-9bd7-48da-8120-c69651880dc7,job_design_001,41,poor,,figma|product design,,"Match Score: 41%

Strong matches:
✓ Relevant years of experience

Potential gap:
! figma
! product design

Why this job matches:
This role only partially overlaps with your current skills and preferences.",2026-09-04T20:05:33.047Z,2026-09-04T20:05:33.047Z,pending,,
f43ba0d2-fbad-4f7d-a17e-b6a80a28c2fe,baaedf71-9bd7-48da-8120-c69651880dc7,job_scraped_dd01a18161,30,poor,,engineering,,"Match Score: 30%

Strong matches:
✓ Profile captured

Potential gap:
! engineering

Why this job matches:
This role only partially overlaps with your current skills and preferences.",2026-09-04T20:05:36.343Z,2026-09-04T20:05:36.343Z,pending,,
482f096d-77e9-46a2-ac5a-76d2db1c0ac7,baaedf71-9bd7-48da-8120-c69651880dc7,job_scraped_e4ee4a1ba8,27,poor,,engineering,,"Match Score: 27%

Strong matches:
✓ Profile captured

Potential gap:
! engineering
! Seniority mismatch

Why this job matches:
This role only partially overlaps with your current skills and preferences.",2026-09-04T20:05:37.826Z,2026-09-04T20:05:37.826Z,pending,,
82ae71bf-eee8-457b-ae49-132af99d5254,baaedf71-9bd7-48da-8120-c69651880dc7,job_scraped_7eaa03f7e6,30,poor,,engineering,,"Match Score: 30%

Strong matches:
✓ Profile captured

Potential gap:
! engineering

Why this job matches:
This role only partially overlaps with your current skills and preferences.",2026-09-04T20:05:43.239Z,2026-09-04T20:05:43.239Z,pending,,
8a8387e4-efb0-4c08-8efa-1bab0137e5bd,baaedf71-9bd7-48da-8120-c69651880dc7,job_scraped_b035f714ec,30,poor,,engineering,,"Match Score: 30%

Strong matches:
✓ Profile captured

Potential gap:
! engineering

Why this job matches:
This role only partially overlaps with your current skills and preferences.",2026-09-04T20:05:50.845Z,2026-09-04T20:05:50.845Z,pending,,
52304784-08ce-40b3-9b07-65725ed4bc21,baaedf71-9bd7-48da-8120-c69651880dc7,job_scraped_dcb14b6c95,27,poor,,engineering,,"Match Score: 27%

Strong matches:
✓ Profile captured

Potential gap:
! engineering
! Seniority mismatch

Why this job matches:
This role only partially overlaps with your current skills and preferences.",2026-09-04T20:05:55.306Z,2026-09-04T20:05:55.306Z,pending,,
64d2be49-1529-46ec-ab76-e6a7ea19bf0b,baaedf71-9bd7-48da-8120-c69651880dc7,job_scraped_236ac7cc16,30,poor,,go|trading,,"Match Score: 30%

Strong matches:
✓ Profile captured

Potential gap:
! go
! trading

Why this job matches:
This role only partially overlaps with your current skills and preferences.",2026-09-04T20:05:58.963Z,2026-09-04T20:05:58.963Z,pending,,
cacb406a-0ac0-44e2-a245-b6369455e39a,baaedf71-9bd7-48da-8120-c69651880dc7,job_scraped_660f6dbb77,30,poor,,engineering,,"Match Score: 30%

Strong matches:
✓ Profile captured

Potential gap:
! engineering

Why this job matches:
This role only partially overlaps with your current skills and preferences.",2026-09-04T20:06:02.679Z,2026-09-04T20:06:02.679Z,pending,,
bdbc2f6f-0789-4074-aac6-196e67268fcc,baaedf71-9bd7-48da-8120-c69651880dc7,job_scraped_0bf8e5c331,30,poor,,trading,,"Match Score: 30%

Strong matches:
✓ Profile captured

Potential gap:
! trading

Why this job matches:
This role only partially overlaps with your current skills and preferences.",2026-09-04T20:06:07.155Z,2026-09-04T20:06:07.155Z,pending,,
13577fe4-a99f-41a9-b3be-22cbe2d0ac84,baaedf71-9bd7-48da-8120-c69651880dc7,job_scraped_d9d4df961c,30,poor,,legal,,"Match Score: 30%

Strong matches:
✓ Profile captured

Potential gap:
! legal

Why this job matches:
This role only partially overlaps with your current skills and preferences.",2026-09-04T20:06:09.581Z,2026-09-04T20:06:09.581Z,pending,,
ad4a8131-6981-42de-a737-16820a508fa5,baaedf71-9bd7-48da-8120-c69651880dc7,job_scraped_505d456c94,30,poor,,engineering,,"Match Score: 30%

Strong matches:
✓ Profile captured

Potential gap:
! engineering

Why this job matches:
This role only partially overlaps with your current skills and preferences.",2026-09-04T20:06:15.980Z,2026-09-04T20:06:15.980Z,pending,,
a9c2bc2a-3b17-4c14-9343-16aecc345798,baaedf71-9bd7-48da-8120-c69651880dc7,job_scraped_77e3eae737,30,poor,,trading,,"Match Score: 30%

Strong matches:
✓ Profile captured

Potential gap:
! trading

Why this job matches:
This role only partially overlaps with your current skills and preferences.",2026-09-04T20:06:20.339Z,2026-09-04T20:06:20.339Z,pending,,
8d769250-7a2b-4a76-b6b7-d2ef4a2406ad,baaedf71-9bd7-48da-8120-c69651880dc7,job_scraped_3d37588190,30,poor,,trading,,"Match Score: 30%

Strong matches:
✓ Profile captured

Potential gap:
! trading

Why this job matches:
This role only partially overlaps with your current skills and preferences.",2026-09-04T20:06:26.215Z,2026-09-04T20:06:26.215Z,pending,,
996ecb03-67f4-4a3e-804b-8cadf01e14e8,baaedf71-9bd7-48da-8120-c69651880dc7,job_scraped_be34b222cc,30,poor,,trading,,"Match Score: 30%

Strong matches:
✓ Profile captured

Potential gap:
! trading

Why this job matches:
This role only partially overlaps with your current skills and preferences.",2026-09-04T20:06:35.580Z,2026-09-04T20:06:35.580Z,pending,,
2c1ce43a-7959-40f4-81a9-241f2e13822a,baaedf71-9bd7-48da-8120-c69651880dc7,job_scraped_a6f98956b5,30,poor,,quantitative analysis,,"Match Score: 30%

Strong matches:
✓ Profile captured

Potential gap:
! quantitative analysis

Why this job matches:
This role only partially overlaps with your current skills and preferences.",2026-09-04T20:06:38.519Z,2026-09-04T20:06:38.519Z,pending,,
0d5ce1fd-fd11-4a3e-bc64-26c4c945e918,baaedf71-9bd7-48da-8120-c69651880dc7,job_scraped_0065fa3dd6,30,poor,,trading,,"Match Score: 30%

Strong matches:
✓ Profile captured

Potential gap:
! trading

Why this job matches:
This role only partially overlaps with your current skills and preferences.",2026-09-04T20:06:48.313Z,2026-09-04T20:06:48.313Z,pending,,
2b4a197a-d6b0-4d47-9bd7-453495cda01e,baaedf71-9bd7-48da-8120-c69651880dc7,job_scraped_3379a06751,30,poor,,engineering,,"Match Score: 30%

Strong matches:
✓ Profile captured

Potential gap:
! engineering

Why this job matches:
This role only partially overlaps with your current skills and preferences.",2026-09-04T20:06:52.992Z,2026-09-04T20:06:52.992Z,pending,,
8e47acb1-04a1-4446-a7f9-0fa541918fe9,baaedf71-9bd7-48da-8120-c69651880dc7,job_scraped_ffed3726f2,30,poor,,engineering,,"Match Score: 30%

Strong matches:
✓ Profile captured

Potential gap:
! engineering

Why this job matches:
This role only partially overlaps with your current skills and preferences.",2026-09-04T20:06:56.205Z,2026-09-04T20:06:56.205Z,pending,,
cacc34eb-0ccb-415f-a6f3-380f2f8f3c99,baaedf71-9bd7-48da-8120-c69651880dc7,job_scraped_2bf62e7f64,27,poor,,engineering,,"Match Score: 27%

Strong matches:
✓ Profile captured

Potential gap:
! engineering
! Seniority mismatch

Why this job matches:
This role only partially overlaps with your current skills and preferences.",2026-09-04T20:07:00.358Z,2026-09-04T20:07:00.358Z,pending,,
a0dd485c-99b2-4658-9103-3c50b0cf707d,baaedf71-9bd7-48da-8120-c69651880dc7,job_scraped_c496762538,27,poor,,engineering,,"Match Score: 27%

Strong matches:
✓ Profile captured

Potential gap:
! engineering
! Seniority mismatch

Why this job matches:
This role only partially overlaps with your current skills and preferences.",2026-09-04T20:07:06.283Z,2026-09-04T20:07:06.283Z,pending,,
12943ae2-131f-4f5c-a37e-80441186e318,baaedf71-9bd7-48da-8120-c69651880dc7,job_scraped_3ae8314082,27,poor,,engineering,,"Match Score: 27%

Strong matches:
✓ Profile captured

Potential gap:
! engineering
! Seniority mismatch

Why this job matches:
This role only partially overlaps with your current skills and preferences.",2026-09-04T20:07:17.312Z,2026-09-04T20:07:17.312Z,pending,,
92f89163-ceb0-497c-aa38-854eb294df8b,baaedf71-9bd7-48da-8120-c69651880dc7,job_scraped_f3933e4c93,30,poor,,engineering,,"Match Score: 30%

Strong matches:
✓ Profile captured

Potential gap:
! engineering

Why this job matches:
This role only partially overlaps with your current skills and preferences.",2026-09-04T20:07:23.069Z,2026-09-04T20:07:23.069Z,pending,,
1abb27b6-390c-48e7-a1f5-d6e4e818be6e,baaedf71-9bd7-48da-8120-c69651880dc7,job_scraped_ab808cd9b5,27,poor,,engineering,,"Match Score: 27%

Strong matches:
✓ Profile captured

Potential gap:
! engineering
! Seniority mismatch

Why this job matches:
This role only partially overlaps with your current skills and preferences.",2026-09-04T20:07:32.304Z,2026-09-04T20:07:32.304Z,pending,,
add5f12e-99e5-47d5-8ade-5e103df962b6,baaedf71-9bd7-48da-8120-c69651880dc7,job_scraped_7480957a90,27,poor,,product management,,"Match Score: 27%

Strong matches:
✓ Profile captured

Potential gap:
! product management
! Seniority mismatch

Why this job matches:
This role only partially overlaps with your current skills and preferences.",2026-09-04T20:07:37.243Z,2026-09-04T20:07:37.243Z,pending,,
dd052d49-d81d-4bdf-80af-ababb6f10227,baaedf71-9bd7-48da-8120-c69651880dc7,job_scraped_1691cbe4e9,30,poor,,engineering,,"Match Score: 30%

Strong matches:
✓ Profile captured

Potential gap:
! engineering

Why this job matches:
This role only partially overlaps with your current skills and preferences.",2026-09-04T20:07:41.542Z,2026-09-04T20:07:41.542Z,pending,,
b20f1189-0a8a-4e7a-8074-3c987f0a377d,baaedf71-9bd7-48da-8120-c69651880dc7,job_scraped_eb462a8702,30,poor,,engineering,,"Match Score: 30%

Strong matches:
✓ Profile captured

Potential gap:
! engineering

Why this job matches:
This role only partially overlaps with your current skills and preferences.",2026-09-04T20:07:45.501Z,2026-09-04T20:07:45.501Z,pending,,
656d05a9-888e-4b79-b0a9-34b55c7e571f,baaedf71-9bd7-48da-8120-c69651880dc7,job_scraped_e7c41f7ac8,27,poor,,product management,,"Match Score: 27%

Strong matches:
✓ Profile captured

Potential gap:
! product management
! Seniority mismatch

Why this job matches:
This role only partially overlaps with your current skills and preferences.",2026-09-04T20:07:49.253Z,2026-09-04T20:07:49.253Z,pending,,
7d9ec46c-7cc2-4856-bed9-5b00c9273780,baaedf71-9bd7-48da-8120-c69651880dc7,job_scraped_5d0f8f8c9c,30,poor,,legal,,"Match Score: 30%

Strong matches:
✓ Profile captured

Potential gap:
! legal

Why this job matches:
This role only partially overlaps with your current skills and preferences.",2026-09-04T20:07:55.578Z,2026-09-04T20:07:55.578Z,pending,,
15fce18a-1cd1-41d0-8ad4-372ee7b9941a,baaedf71-9bd7-48da-8120-c69651880dc7,job_scraped_2d5e242956,30,poor,,engineering,,"Match Score: 30%

Strong matches:
✓ Profile captured

Potential gap:
! engineering

Why this job matches:
This role only partially overlaps with your current skills and preferences.",2026-09-04T20:07:59.770Z,2026-09-04T20:07:59.770Z,pending,,
c6451d5a-b2d5-4144-a3c4-e13c888900b5,baaedf71-9bd7-48da-8120-c69651880dc7,job_scraped_611b2dbd76,27,poor,,legal,,"Match Score: 27%

Strong matches:
✓ Profile captured

Potential gap:
! legal
! Seniority mismatch

Why this job matches:
This role only partially overlaps with your current skills and preferences.",2026-09-04T20:08:02.506Z,2026-09-04T20:08:02.506Z,pending,,
c804f4cf-fee5-4be5-8cc8-95b174580392,baaedf71-9bd7-48da-8120-c69651880dc7,job_scraped_13c6a4a0bf,30,poor,,ai,,"Match Score: 30%

Strong matches:
✓ Profile captured

Potential gap:
! ai

Why this job matches:
This role only partially overlaps with your current skills and preferences.",2026-09-04T20:08:06.844Z,2026-09-04T20:08:06.844Z,pending,,
7e214184-5ba8-48e8-b669-33f0f051298e,baaedf71-9bd7-48da-8120-c69651880dc7,job_scraped_3125be6bda,30,poor,,compliance|legal,,"Match Score: 30%

Strong matches:
✓ Profile captured

Potential gap:
! compliance
! legal

Why this job matches:
This role only partially overlaps with your current skills and preferences.",2026-09-04T20:08:15.582Z,2026-09-04T20:08:15.582Z,pending,,
6781756b-96b3-445a-bbc4-c80c7e269cdf,baaedf71-9bd7-48da-8120-c69651880dc7,job_scraped_4b9e266d29,30,poor,,compliance,,"Match Score: 30%

Strong matches:
✓ Profile captured

Potential gap:
! compliance

Why this job matches:
This role only partially overlaps with your current skills and preferences.",2026-09-04T20:08:20.289Z,2026-09-04T20:08:20.289Z,pending,,
ddb89a1b-682c-424b-9a9d-de2360daf784,baaedf71-9bd7-48da-8120-c69651880dc7,job_scraped_13096683f0,30,poor,,research,,"Match Score: 30%

Strong matches:
✓ Profile captured

Potential gap:
! research

Why this job matches:
This role only partially overlaps with your current skills and preferences.",2026-09-04T20:08:30.161Z,2026-09-04T20:08:30.161Z,pending,,
467468cb-666c-45fa-b88a-3f20c347d33f,baaedf71-9bd7-48da-8120-c69651880dc7,job_scraped_b6c480808c,30,poor,,trading,,"Match Score: 30%

Strong matches:
✓ Profile captured

Potential gap:
! trading

Why this job matches:
This role only partially overlaps with your current skills and preferences.",2026-09-04T20:08:35.591Z,2026-09-04T20:08:35.591Z,pending,,
f15044e6-ed46-477f-a989-5a1471d0e238,baaedf71-9bd7-48da-8120-c69651880dc7,job_scraped_58dc8e8817,30,poor,,product management,,"Match Score: 30%

Strong matches:
✓ Profile captured

Potential gap:
! product management

Why this job matches:
This role only partially overlaps with your current skills and preferences.",2026-09-04T20:08:42.055Z,2026-09-04T20:08:42.055Z,pending,,
be02b1dc-c58e-405e-aa35-197234e67052,baaedf71-9bd7-48da-8120-c69651880dc7,job_scraped_2bc42e9f1f,33,poor,,trading|sales,,"Match Score: 33%

Strong matches:
✓ Profile captured

Potential gap:
! trading
! sales

Why this job matches:
This role only partially overlaps with your current skills and preferences.",2026-09-04T20:08:45.933Z,2026-09-04T20:08:45.933Z,pending,,
453db35a-7657-4684-907a-1fd02eb81542,baaedf71-9bd7-48da-8120-c69651880dc7,job_scraped_775040c31b,30,poor,,trading|quantitative analysis,,"Match Score: 30%

Strong matches:
✓ Profile captured

Potential gap:
! trading
! quantitative analysis

Why this job matches:
This role only partially overlaps with your current skills and preferences.",2026-09-04T20:08:49.086Z,2026-09-04T20:08:49.086Z,pending,,
8616469b-475a-46cd-ba78-f29a5dad50a3,baaedf71-9bd7-48da-8120-c69651880dc7,job_scraped_52d1adc9e9,30,poor,,engineering,,"Match Score: 30%

Strong matches:
✓ Profile captured

Potential gap:
! engineering

Why this job matches:
This role only partially overlaps with your current skills and preferences.",2026-09-04T20:08:56.230Z,2026-09-04T20:08:56.230Z,pending,,
333e644c-f155-4aef-a771-4e3df289c101,baaedf71-9bd7-48da-8120-c69651880dc7,job_scraped_ca01a13142,30,poor,,engineering,,"Match Score: 30%

Strong matches:
✓ Profile captured

Potential gap:
! engineering

Why this job matches:
This role only partially overlaps with your current skills and preferences.",2026-09-04T20:09:01.062Z,2026-09-04T20:09:01.062Z,pending,,
4f3cc6b8-481c-4336-8628-a450148d2c0f,baaedf71-9bd7-48da-8120-c69651880dc7,job_scraped_334897a493,30,poor,,finance,,"Match Score: 30%

Strong matches:
✓ Profile captured

Potential gap:
! finance

Why this job matches:
This role only partially overlaps with your current skills and preferences.",2026-09-04T20:09:07.467Z,2026-09-04T20:09:07.467Z,pending,,
3deeaebf-a69d-4273-a42e-f4020e92417c,baaedf71-9bd7-48da-8120-c69651880dc7,job_scraped_ecd99b2946,30,poor,,marketing|product management,,"Match Score: 30%

Strong matches:
✓ Profile captured

Potential gap:
! marketing
! product management

Why this job matches:
This role only partially overlaps with your current skills and preferences.",2026-09-04T20:09:13.637Z,2026-09-04T20:09:13.637Z,pending,,
ae8b3056-e917-4251-9ba6-21de33188e62,baaedf71-9bd7-48da-8120-c69651880dc7,job_scraped_1ac3187e8b,27,poor,,engineering,,"Match Score: 27%

Strong matches:
✓ Profile captured

Potential gap:
! engineering
! Seniority mismatch

Why this job matches:
This role only partially overlaps with your current skills and preferences.",2026-09-04T20:09:15.881Z,2026-09-04T20:09:15.881Z,pending,,
354a76de-9550-45af-9de2-c91929864968,baaedf71-9bd7-48da-8120-c69651880dc7,job_scraped_4776490d44,30,poor,,engineering,,"Match Score: 30%

Strong matches:
✓ Profile captured

Potential gap:
! engineering

Why this job matches:
This role only partially overlaps with your current skills and preferences.",2026-09-04T20:09:21.577Z,2026-09-04T20:09:21.577Z,pending,,
ee4092ca-c9c0-47a2-92ad-55eccdff5c17,baaedf71-9bd7-48da-8120-c69651880dc7,job_scraped_8ca3c8e8a4,27,poor,,engineering,,"Match Score: 27%

Strong matches:
✓ Profile captured

Potential gap:
! engineering
! Seniority mismatch

Why this job matches:
This role only partially overlaps with your current skills and preferences.",2026-09-04T20:09:26.059Z,2026-09-04T20:09:26.059Z,pending,,
6e70fcbf-80b2-4a74-b943-75277c8d1f5d,baaedf71-9bd7-48da-8120-c69651880dc7,job_scraped_f33086eead,27,poor,,engineering,,"Match Score: 27%

Strong matches:
✓ Profile captured

Potential gap:
! engineering
! Seniority mismatch

Why this job matches:
This role only partially overlaps with your current skills and preferences.",2026-09-04T20:09:30.821Z,2026-09-04T20:09:30.821Z,pending,,
3ab534b4-cfce-4f2e-be60-525d2e942bb9,baaedf71-9bd7-48da-8120-c69651880dc7,job_scraped_c75e64166f,30,poor,,engineering,,"Match Score: 30%

Strong matches:
✓ Profile captured

Potential gap:
! engineering

Why this job matches:
This role only partially overlaps with your current skills and preferences.",2026-09-04T20:09:34.344Z,2026-09-04T20:09:34.344Z,pending,,
51619ab5-4841-4822-a867-35fd43cb8e97,baaedf71-9bd7-48da-8120-c69651880dc7,job_scraped_1f57ab1f00,27,poor,,sales,,"Match Score: 27%

Strong matches:
✓ Profile captured

Potential gap:
! sales
! Seniority mismatch

Why this job matches:
This role only partially overlaps with your current skills and preferences.",2026-09-04T20:09:37.519Z,2026-09-04T20:09:37.519Z,pending,,
31af310f-0a3c-4cff-9505-32c6c3bc410a,baaedf71-9bd7-48da-8120-c69651880dc7,job_scraped_f920d3e80e,27,poor,,sales,,"Match Score: 27%

Strong matches:
✓ Profile captured

Potential gap:
! sales
! Seniority mismatch

Why this job matches:
This role only partially overlaps with your current skills and preferences.",2026-09-04T20:09:42.593Z,2026-09-04T20:09:42.593Z,pending,,
c4dcd092-9465-41af-8f02-43d707055a00,baaedf71-9bd7-48da-8120-c69651880dc7,job_scraped_ca8296792d,27,poor,,sales,,"Match Score: 27%

Strong matches:
✓ Profile captured

Potential gap:
! sales
! Seniority mismatch

Why this job matches:
This role only partially overlaps with your current skills and preferences.",2026-09-04T20:09:48.208Z,2026-09-04T20:09:48.208Z,pending,,
396480d9-bfa6-4f1a-b038-e667f43d9122,baaedf71-9bd7-48da-8120-c69651880dc7,job_scraped_a3a2536de7,27,poor,,engineering,,"Match Score: 27%

Strong matches:
✓ Profile captured

Potential gap:
! engineering
! Seniority mismatch

Why this job matches:
This role only partially overlaps with your current skills and preferences.",2026-09-04T20:09:53.844Z,2026-09-04T20:09:53.844Z,pending,,
13c77b12-16d3-4b4c-95c3-048138d700c8,baaedf71-9bd7-48da-8120-c69651880dc7,job_scraped_6ef80de417,30,poor,,executive,,"Match Score: 30%

Strong matches:
✓ Profile captured

Potential gap:
! executive

Why this job matches:
This role only partially overlaps with your current skills and preferences.",2026-09-04T20:10:00.406Z,2026-09-04T20:10:00.406Z,pending,,
49560576-bd6a-46b1-a2fc-78da3bd6affa,baaedf71-9bd7-48da-8120-c69651880dc7,job_scraped_b713d2abd5,27,poor,,engineering,,"Match Score: 27%

Strong matches:
✓ Profile captured

Potential gap:
! engineering
! Seniority mismatch

Why this job matches:
This role only partially overlaps with your current skills and preferences.",2026-09-04T20:10:02.381Z,2026-09-04T20:10:02.381Z,pending,,
b319be6d-9798-4074-bdd2-bcb4691c6ea4,baaedf71-9bd7-48da-8120-c69651880dc7,job_scraped_a5d7cf5209,30,poor,,engineering,,"Match Score: 30%

Strong matches:
✓ Profile captured

Potential gap:
! engineering

Why this job matches:
This role only partially overlaps with your current skills and preferences.",2026-09-04T20:10:04.862Z,2026-09-04T20:10:04.862Z,pending,,
0cb2cf1b-6910-4560-a3d7-871aa9a9e5b8,baaedf71-9bd7-48da-8120-c69651880dc7,job_scraped_591102e6e1,30,poor,,engineering,,"Match Score: 30%

Strong matches:
✓ Profile captured

Potential gap:
! engineering

Why this job matches:
This role only partially overlaps with your current skills and preferences.",2026-09-04T20:10:09.207Z,2026-09-04T20:10:09.207Z,pending,,
8486f9c2-0c62-423c-8e24-4f8091e7438f,baaedf71-9bd7-48da-8120-c69651880dc7,job_scraped_99b77366ad,30,poor,,sales,,"Match Score: 30%

Strong matches:
✓ Profile captured

Potential gap:
! sales

Why this job matches:
This role only partially overlaps with your current skills and preferences.",2026-09-04T20:10:12.920Z,2026-09-04T20:10:12.920Z,pending,,
459dbdb4-a223-40fc-bbd4-a385675ada3f,baaedf71-9bd7-48da-8120-c69651880dc7,job_scraped_b27429bb18,30,poor,,sales,,"Match Score: 30%

Strong matches:
✓ Profile captured

Potential gap:
! sales

Why this job matches:
This role only partially overlaps with your current skills and preferences.",2026-09-04T20:10:17.126Z,2026-09-04T20:10:17.126Z,pending,,
decd18e9-9a95-437c-a681-47fda8aaa1fd,baaedf71-9bd7-48da-8120-c69651880dc7,job_scraped_aa372b8427,30,poor,,compliance|product management,,"Match Score: 30%

Strong matches:
✓ Profile captured

Potential gap:
! compliance
! product management

Why this job matches:
This role only partially overlaps with your current skills and preferences.",2026-09-04T20:10:23.650Z,2026-09-04T20:10:23.650Z,pending,,
bf958e75-ef20-4cfd-9153-447586c7ca4e,baaedf71-9bd7-48da-8120-c69651880dc7,job_scraped_c626b7e6ee,30,poor,,compliance|product management,,"Match Score: 30%

Strong matches:
✓ Profile captured

Potential gap:
! compliance
! product management

Why this job matches:
This role only partially overlaps with your current skills and preferences.",2026-09-04T20:10:26.482Z,2026-09-04T20:10:26.482Z,pending,,
d1fe9170-4cec-4e11-af11-8bc9fc3dff80,baaedf71-9bd7-48da-8120-c69651880dc7,job_scraped_4123c3523a,27,poor,,research,,"Match Score: 27%

Strong matches:
✓ Profile captured

Potential gap:
! research
! Seniority mismatch

Why this job matches:
This role only partially overlaps with your current skills and preferences.",2026-09-04T20:10:31.463Z,2026-09-04T20:10:31.463Z,pending,,
3757ce9a-9b75-4be6-a853-71366b4ec43e,baaedf71-9bd7-48da-8120-c69651880dc7,job_scraped_4f7b6b9d8c,27,poor,,research,,"Match Score: 27%

Strong matches:
✓ Profile captured

Potential gap:
! research
! Seniority mismatch

Why this job matches:
This role only partially overlaps with your current skills and preferences.",2026-09-04T20:10:36.987Z,2026-09-04T20:10:36.987Z,pending,,
1cf0bcc5-8220-48a9-bcc8-58582768c6c0,baaedf71-9bd7-48da-8120-c69651880dc7,job_scraped_72b986ce3c,27,poor,,research,,"Match Score: 27%

Strong matches:
✓ Profile captured

Potential gap:
! research
! Seniority mismatch

Why this job matches:
This role only partially overlaps with your current skills and preferences.",2026-09-04T20:10:45.403Z,2026-09-04T20:10:45.403Z,pending,,
428e3de6-e7e2-46ef-b13f-8a2d1e2abb86,baaedf71-9bd7-48da-8120-c69651880dc7,job_scraped_981027f00c,30,poor,,legal,,"Match Score: 30%

Strong matches:
✓ Profile captured

Potential gap:
! legal

Why this job matches:
This role only partially overlaps with your current skills and preferences.",2026-09-04T20:10:51.180Z,2026-09-04T20:10:51.180Z,pending,,
64d526b2-1257-4467-a824-1e25e481417c,baaedf71-9bd7-48da-8120-c69651880dc7,job_scraped_fe111e22c4,27,poor,,legal,,"Match Score: 27%

Strong matches:
✓ Profile captured

Potential gap:
! legal
! Seniority mismatch

Why this job matches:
This role only partially overlaps with your current skills and preferences.",2026-09-04T20:10:53.917Z,2026-09-04T20:10:53.917Z,pending,,
8d5af67e-7cd2-4e82-bcd9-8eb666a79c12,baaedf71-9bd7-48da-8120-c69651880dc7,job_scraped_3cb22bd715,30,poor,,research,,"Match Score: 30%

Strong matches:
✓ Profile captured

Potential gap:
! research

Why this job matches:
This role only partially overlaps with your current skills and preferences.",2026-09-04T20:10:56.446Z,2026-09-04T20:10:56.446Z,pending,,
b5e638d4-eb57-483e-b33c-e5d87165f04c,baaedf71-9bd7-48da-8120-c69651880dc7,job_scraped_69e405cb22,30,poor,,research,,"Match Score: 30%

Strong matches:
✓ Profile captured

Potential gap:
! research

Why this job matches:
This role only partially overlaps with your current skills and preferences.",2026-09-04T20:11:01.702Z,2026-09-04T20:11:01.702Z,pending,,
882d03e3-d3e8-4c07-bcbe-7cd8fda9bb45,baaedf71-9bd7-48da-8120-c69651880dc7,job_scraped_8ccd5813e7,27,poor,,product management,,"Match Score: 27%

Strong matches:
✓ Profile captured

Potential gap:
! product management
! Seniority mismatch

Why this job matches:
This role only partially overlaps with your current skills and preferences.",2026-09-04T20:11:03.782Z,2026-09-04T20:11:03.782Z,pending,,
0cc60682-2076-45d6-afa3-88dbc05be003,baaedf71-9bd7-48da-8120-c69651880dc7,job_scraped_c718e38811,30,poor,,product management,,"Match Score: 30%

Strong matches:
✓ Profile captured

Potential gap:
! product management

Why this job matches:
This role only partially overlaps with your current skills and preferences.",2026-09-04T20:11:12.253Z,2026-09-04T20:11:12.253Z,pending,,
a6e4455e-6759-4f29-b704-20e7291da897,baaedf71-9bd7-48da-8120-c69651880dc7,job_scraped_8c6e7de7d0,30,poor,,product management,,"Match Score: 30%

Strong matches:
✓ Profile captured

Potential gap:
! product management

Why this job matches:
This role only partially overlaps with your current skills and preferences.",2026-09-04T20:11:18.649Z,2026-09-04T20:11:18.649Z,pending,,
ef0573d0-59af-4c16-801d-a13ef69eb468,baaedf71-9bd7-48da-8120-c69651880dc7,job_scraped_59d7c43c06,30,poor,,engineering,,"Match Score: 30%

Strong matches:
✓ Profile captured

Potential gap:
! engineering

Why this job matches:
This role only partially overlaps with your current skills and preferences.",2026-09-04T20:11:23.372Z,2026-09-04T20:11:23.372Z,pending,,
d9cb8e55-1d63-4ac0-9176-7a085f071410,baaedf71-9bd7-48da-8120-c69651880dc7,job_scraped_42a7e21d1d,27,poor,,engineering,,"Match Score: 27%

Strong matches:
✓ Profile captured

Potential gap:
! engineering
! Seniority mismatch

Why this job matches:
This role only partially overlaps with your current skills and preferences.",2026-09-04T20:11:28.263Z,2026-09-04T20:11:28.263Z,pending,,
866331c3-c5f9-48a6-8484-cfb4230128fd,baaedf71-9bd7-48da-8120-c69651880dc7,job_scraped_b64eb8242c,27,poor,,engineering,,"Match Score: 27%

Strong matches:
✓ Profile captured

Potential gap:
! engineering
! Seniority mismatch

Why this job matches:
This role only partially overlaps with your current skills and preferences.",2026-09-04T20:11:33.234Z,2026-09-04T20:11:33.234Z,pending,,
c06905f6-afe4-4d08-bcc2-54a28625ae86,baaedf71-9bd7-48da-8120-c69651880dc7,job_scraped_85eec0db3d,27,poor,,engineering,,"Match Score: 27%

Strong matches:
✓ Profile captured

Potential gap:
! engineering
! Seniority mismatch

Why this job matches:
This role only partially overlaps with your current skills and preferences.",2026-09-04T20:11:39.549Z,2026-09-04T20:11:39.549Z,pending,,
85405c55-c440-4438-b5d3-ad50853f3762,baaedf71-9bd7-48da-8120-c69651880dc7,job_scraped_9c24f5f608,27,poor,,engineering,,"Match Score: 27%

Strong matches:
✓ Profile captured

Potential gap:
! engineering
! Seniority mismatch

Why this job matches:
This role only partially overlaps with your current skills and preferences.",2026-09-04T20:11:47.244Z,2026-09-04T20:11:47.244Z,pending,,
04e34908-737b-45fd-bfdb-8dd8b596252f,baaedf71-9bd7-48da-8120-c69651880dc7,job_scraped_4b675c2083,27,poor,,engineering,,"Match Score: 27%

Strong matches:
✓ Profile captured

Potential gap:
! engineering
! Seniority mismatch

Why this job matches:
This role only partially overlaps with your current skills and preferences.",2026-09-04T20:11:51.813Z,2026-09-04T20:11:51.813Z,pending,,
34a83801-c85f-4922-a16c-4e21588ad2f9,baaedf71-9bd7-48da-8120-c69651880dc7,job_scraped_99ca75dabc,27,poor,,sales,,"Match Score: 27%

Strong matches:
✓ Profile captured

Potential gap:
! sales
! Seniority mismatch

Why this job matches:
This role only partially overlaps with your current skills and preferences.",2026-09-04T20:12:00.169Z,2026-09-04T20:12:00.169Z,pending,,
f1ae0123-ce09-46f7-9f94-843c1506da87,baaedf71-9bd7-48da-8120-c69651880dc7,job_scraped_ec13e3d27c,27,poor,,engineering,,"Match Score: 27%

Strong matches:
✓ Profile captured

Potential gap:
! engineering
! Seniority mismatch

Why this job matches:
This role only partially overlaps with your current skills and preferences.",2026-09-04T20:12:04.355Z,2026-09-04T20:12:04.355Z,pending,,
420e9979-0425-4b68-8b06-f9b5b46805bb,baaedf71-9bd7-48da-8120-c69651880dc7,job_scraped_1d0139d29e,30,poor,,engineering,,"Match Score: 30%

Strong matches:
✓ Profile captured

Potential gap:
! engineering

Why this job matches:
This role only partially overlaps with your current skills and preferences.",2026-09-04T20:12:14.567Z,2026-09-04T20:12:14.567Z,pending,,
93c3efd9-9d58-43e4-8247-2417bef00318,baaedf71-9bd7-48da-8120-c69651880dc7,job_scraped_c7a42ecc13,27,poor,,engineering,,"Match Score: 27%

Strong matches:
✓ Profile captured

Potential gap:
! engineering
! Seniority mismatch

Why this job matches:
This role only partially overlaps with your current skills and preferences.",2026-09-04T20:12:21.908Z,2026-09-04T20:12:21.908Z,pending,,
e12c7d0e-bccc-41de-addc-ab4a8e4310a3,baaedf71-9bd7-48da-8120-c69651880dc7,job_scraped_82e690383f,27,poor,,engineering,,"Match Score: 27%

Strong matches:
✓ Profile captured

Potential gap:
! engineering
! Seniority mismatch

Why this job matches:
This role only partially overlaps with your current skills and preferences.",2026-09-04T20:12:26.110Z,2026-09-04T20:12:26.110Z,pending,,
a329853a-b6bb-436f-a184-ecaab092ff6f,baaedf71-9bd7-48da-8120-c69651880dc7,job_scraped_4627e774b3,27,poor,,engineering,,"Match Score: 27%

Strong matches:
✓ Profile captured

Potential gap:
! engineering
! Seniority mismatch

Why this job matches:
This role only partially overlaps with your current skills and preferences.",2026-09-04T20:12:31.185Z,2026-09-04T20:12:31.185Z,pending,,
662084b3-6392-421e-be0b-7c2d71d6a758,baaedf71-9bd7-48da-8120-c69651880dc7,job_scraped_88c5f5ff43,30,poor,,engineering,,"Match Score: 30%

Strong matches:
✓ Profile captured

Potential gap:
! engineering

Why this job matches:
This role only partially overlaps with your current skills and preferences.",2026-09-04T20:12:36.570Z,2026-09-04T20:12:36.570Z,pending,,
6180f421-4124-4fb4-bbc0-671d5d83c3de,baaedf71-9bd7-48da-8120-c69651880dc7,job_scraped_4c0512d682,30,poor,,research,,"Match Score: 30%

Strong matches:
✓ Profile captured

Potential gap:
! research

Why this job matches:
This role only partially overlaps with your current skills and preferences.",2026-09-04T20:12:39.396Z,2026-09-04T20:12:39.396Z,pending,,
029a35b4-8e2b-4775-bef8-e2056fd0bcd1,baaedf71-9bd7-48da-8120-c69651880dc7,job_scraped_d156f4c5aa,30,poor,,legal,,"Match Score: 30%

Strong matches:
✓ Profile captured

Potential gap:
! legal

Why this job matches:
This role only partially overlaps with your current skills and preferences.",2026-09-04T20:12:43.747Z,2026-09-04T20:12:43.747Z,pending,,
5430962b-aab0-4d50-82be-57efb0f14f69,baaedf71-9bd7-48da-8120-c69651880dc7,job_scraped_ced3bf13c1,30,poor,,engineering,,"Match Score: 30%

Strong matches:
✓ Profile captured

Potential gap:
! engineering

Why this job matches:
This role only partially overlaps with your current skills and preferences.",2026-09-04T20:12:48.354Z,2026-09-04T20:12:48.354Z,pending,,
d8391b1f-4d94-4795-bb04-c0dad7a118fc,baaedf71-9bd7-48da-8120-c69651880dc7,job_scraped_fa14483634,27,poor,,product management,,"Match Score: 27%

Strong matches:
✓ Profile captured

Potential gap:
! product management
! Seniority mismatch

Why this job matches:
This role only partially overlaps with your current skills and preferences.",2026-09-04T20:12:54.427Z,2026-09-04T20:12:54.427Z,pending,,
69e5b5e9-9667-4ac3-aabe-e1710b3932a6,baaedf71-9bd7-48da-8120-c69651880dc7,job_scraped_255186583e,30,poor,,sales,,"Match Score: 30%

Strong matches:
✓ Profile captured

Potential gap:
! sales

Why this job matches:
This role only partially overlaps with your current skills and preferences.",2026-09-04T20:12:56.632Z,2026-09-04T20:12:56.632Z,pending,,
3b7d55fd-dcc4-4222-a522-5e9649f89bc9,baaedf71-9bd7-48da-8120-c69651880dc7,job_scraped_ab05a1e9ce,30,poor,,engineering,,"Match Score: 30%

Strong matches:
✓ Profile captured

Potential gap:
! engineering

Why this job matches:
This role only partially overlaps with your current skills and preferences.",2026-09-04T20:13:00.863Z,2026-09-04T20:13:00.863Z,pending,,
ab13f5b0-9392-46ee-9c0c-600bcfa3b32c,baaedf71-9bd7-48da-8120-c69651880dc7,job_scraped_90977062e2,30,poor,,marketing,,"Match Score: 30%

Strong matches:
✓ Profile captured

Potential gap:
! marketing

Why this job matches:
This role only partially overlaps with your current skills and preferences.",2026-09-04T20:13:13.035Z,2026-09-04T20:13:13.035Z,pending,,
f94db7a7-7037-4289-aa09-cc7ff39f6f4d,baaedf71-9bd7-48da-8120-c69651880dc7,job_scraped_0004ae0711,30,poor,,trading,,"Match Score: 30%

Strong matches:
✓ Profile captured

Potential gap:
! trading

Why this job matches:
This role only partially overlaps with your current skills and preferences.",2026-09-04T20:13:19.372Z,2026-09-04T20:13:19.372Z,pending,,
e40aa18f-bda0-4585-9398-4ba9d2052b25,baaedf71-9bd7-48da-8120-c69651880dc7,job_scraped_b30a3ce234,30,poor,,engineering,,"Match Score: 30%

Strong matches:
✓ Profile captured

Potential gap:
! engineering

Why this job matches:
This role only partially overlaps with your current skills and preferences.",2026-09-04T20:13:30.231Z,2026-09-04T20:13:30.231Z,pending,,
71c9722d-bb70-4bf2-83d9-b9ec64c97495,baaedf71-9bd7-48da-8120-c69651880dc7,job_scraped_0b20a3b4c1,30,poor,,compliance,,"Match Score: 30%

Strong matches:
✓ Profile captured

Potential gap:
! compliance

Why this job matches:
This role only partially overlaps with your current skills and preferences.",2026-09-04T20:13:48.880Z,2026-09-04T20:13:48.880Z,pending,,
ac9ec27c-c630-4eeb-97a4-5aa29402e0b0,baaedf71-9bd7-48da-8120-c69651880dc7,job_scraped_e25b0193d9,30,poor,,compliance,,"Match Score: 30%

Strong matches:
✓ Profile captured

Potential gap:
! compliance

Why this job matches:
This role only partially overlaps with your current skills and preferences.",2026-09-04T20:14:06.311Z,2026-09-04T20:14:06.311Z,pending,,
dced65dc-336f-426f-893b-23979698f412,baaedf71-9bd7-48da-8120-c69651880dc7,job_scraped_ad41a8345f,27,poor,,compliance,,"Match Score: 27%

Strong matches:
✓ Profile captured

Potential gap:
! compliance
! Seniority mismatch

Why this job matches:
This role only partially overlaps with your current skills and preferences.",2026-09-04T20:14:40.425Z,2026-09-04T20:14:40.425Z,pending,,
34181371-e429-4c15-8bd2-93b76a173c0f,baaedf71-9bd7-48da-8120-c69651880dc7,job_scraped_f40c1d8867,30,poor,,research,,"Match Score: 30%

Strong matches:
✓ Profile captured

Potential gap:
! research

Why this job matches:
This role only partially overlaps with your current skills and preferences.",2026-09-04T20:14:57.115Z,2026-09-04T20:14:57.115Z,pending,,
b85b11a8-8302-4ade-8600-8b4c5b982fab,baaedf71-9bd7-48da-8120-c69651880dc7,job_scraped_8e8f00c6ab,27,poor,,research,,"Match Score: 27%

Strong matches:
✓ Profile captured

Potential gap:
! research
! Seniority mismatch

Why this job matches:
This role only partially overlaps with your current skills and preferences.",2026-09-04T20:15:13.329Z,2026-09-04T20:15:13.329Z,pending,,
e56c8be7-9605-40f6-981c-2f136d97b592,baaedf71-9bd7-48da-8120-c69651880dc7,job_scraped_d3c7ab74d2,30,poor,,design,,"Match Score: 30%

Strong matches:
✓ Profile captured

Potential gap:
! design

Why this job matches:
This role only partially overlaps with your current skills and preferences.",2026-09-04T20:15:32.244Z,2026-09-04T20:15:32.244Z,pending,,
c7fc36a8-2c35-4ec6-b518-4744fdbf4f37,baaedf71-9bd7-48da-8120-c69651880dc7,job_scraped_7f77faee4d,30,poor,,compliance,,"Match Score: 30%

Strong matches:
✓ Profile captured

Potential gap:
! compliance

Why this job matches:
This role only partially overlaps with your current skills and preferences.",2026-09-04T20:15:51.105Z,2026-09-04T20:15:51.105Z,pending,,
4c616692-377d-44b6-85b3-454af5b0de29,baaedf71-9bd7-48da-8120-c69651880dc7,job_scraped_a47d123c5a,30,poor,,finance,,"Match Score: 30%

Strong matches:
✓ Profile captured

Potential gap:
! finance

Why this job matches:
This role only partially overlaps with your current skills and preferences.",2026-09-04T20:16:06.795Z,2026-09-04T20:16:06.795Z,pending,,
9f549238-182a-42a6-ab9f-45dce4615ad3,baaedf71-9bd7-48da-8120-c69651880dc7,job_scraped_646332f5cc,30,poor,,hr,,"Match Score: 30%

Strong matches:
✓ Profile captured

Potential gap:
! hr

Why this job matches:
This role only partially overlaps with your current skills and preferences.",2026-09-04T20:16:42.662Z,2026-09-04T20:16:42.662Z,pending,,
a30e4cc1-2adb-4b25-857e-24949ec4df35,baaedf71-9bd7-48da-8120-c69651880dc7,job_scraped_bf1e0f4093,27,poor,,engineering,,"Match Score: 27%

Strong matches:
✓ Profile captured

Potential gap:
! engineering
! Seniority mismatch

Why this job matches:
This role only partially overlaps with your current skills and preferences.",2026-09-04T20:17:03.131Z,2026-09-04T20:17:03.131Z,pending,,
14bc4ec7-c3ea-4933-92b3-bb3821986f84,baaedf71-9bd7-48da-8120-c69651880dc7,job_scraped_1175568e72,27,poor,,trading,,"Match Score: 27%

Strong matches:
✓ Profile captured

Potential gap:
! trading
! Seniority mismatch

Why this job matches:
This role only partially overlaps with your current skills and preferences.",2026-09-04T20:17:19.784Z,2026-09-04T20:17:19.784Z,pending,,
8d6e81de-1ace-4539-a33f-81d936325256,baaedf71-9bd7-48da-8120-c69651880dc7,job_scraped_091af382fe,30,poor,,engineering,,"Match Score: 30%

Strong matches:
✓ Profile captured

Potential gap:
! engineering

Why this job matches:
This role only partially overlaps with your current skills and preferences.",2026-09-04T20:17:38.835Z,2026-09-04T20:17:38.835Z,pending,,
c9574bcb-7cd6-40d2-a531-cfb23cc5d3a6,baaedf71-9bd7-48da-8120-c69651880dc7,job_scraped_6d7e758942,27,poor,,engineering,,"Match Score: 27%

Strong matches:
✓ Profile captured

Potential gap:
! engineering
! Seniority mismatch

Why this job matches:
This role only partially overlaps with your current skills and preferences.",2026-09-04T20:17:58.525Z,2026-09-04T20:17:58.525Z,pending,,
059ccf1f-3ecd-448e-8554-77f487cdb327,baaedf71-9bd7-48da-8120-c69651880dc7,job_scraped_713e02f18d,27,poor,,engineering,,"Match Score: 27%

Strong matches:
✓ Profile captured

Potential gap:
! engineering
! Seniority mismatch

Why this job matches:
This role only partially overlaps with your current skills and preferences.",2026-09-04T20:18:17.191Z,2026-09-04T20:18:17.191Z,pending,,
d617d0a2-02d5-4427-96a6-e658ffa39355,baaedf71-9bd7-48da-8120-c69651880dc7,job_scraped_f11f021076,30,poor,,engineering,,"Match Score: 30%

Strong matches:
✓ Profile captured

Potential gap:
! engineering

Why this job matches:
This role only partially overlaps with your current skills and preferences.",2026-09-04T20:18:50.826Z,2026-09-04T20:18:50.826Z,pending,,
ddd3cca2-9e22-49f9-8b53-856daa2df2a1,baaedf71-9bd7-48da-8120-c69651880dc7,job_scraped_e1dafdcb9f,30,poor,,engineering,,"Match Score: 30%

Strong matches:
✓ Profile captured

Potential gap:
! engineering

Why this job matches:
This role only partially overlaps with your current skills and preferences.",2026-09-04T20:19:14.564Z,2026-09-04T20:19:14.564Z,pending,,
0166573d-dc19-4def-823c-b328bb574a75,baaedf71-9bd7-48da-8120-c69651880dc7,job_scraped_7e32967643,30,poor,,engineering,,"Match Score: 30%

Strong matches:
✓ Profile captured

Potential gap:
! engineering

Why this job matches:
This role only partially overlaps with your current skills and preferences.",2026-09-04T20:19:38.617Z,2026-09-04T20:19:38.617Z,pending,,
d86604c1-2e10-4ac0-94ff-eef137cf2fa7,baaedf71-9bd7-48da-8120-c69651880dc7,job_scraped_515baf3264,30,poor,,engineering,,"Match Score: 30%

Strong matches:
✓ Profile captured

Potential gap:
! engineering

Why this job matches:
This role only partially overlaps with your current skills and preferences.",2026-09-04T20:20:01.521Z,2026-09-04T20:20:01.521Z,pending,,
9e1d13f5-4f85-452c-9239-ab405a302bb0,baaedf71-9bd7-48da-8120-c69651880dc7,job_scraped_02d3a0246c,30,poor,,engineering,,"Match Score: 30%

Strong matches:
✓ Profile captured

Potential gap:
! engineering

Why this job matches:
This role only partially overlaps with your current skills and preferences.",2026-09-04T20:20:23.871Z,2026-09-04T20:20:23.871Z,pending,,
9ea53826-5047-4ce3-96e0-52d5e0eb8e3f,baaedf71-9bd7-48da-8120-c69651880dc7,job_scraped_988682d08e,37,poor,,engineering,,"Match Score: 37%

Strong matches:
✓ Profile captured

Potential gap:
! engineering
! Seniority mismatch

Why this job matches:
This role only partially overlaps with your current skills and preferences.",2026-09-04T20:20:45.696Z,2026-09-04T20:20:45.696Z,pending,,
52e0001c-ed95-4c2d-b68b-1c7d0613d31c,baaedf71-9bd7-48da-8120-c69651880dc7,job_scraped_e4d6303209,40,poor,,engineering,,"Match Score: 40%

Strong matches:
✓ Profile captured

Potential gap:
! engineering

Why this job matches:
This role only partially overlaps with your current skills and preferences.",2026-09-04T20:21:06.525Z,2026-09-04T20:21:06.525Z,pending,,
2f8d89c5-8910-4e48-b08a-76c389671a4c,baaedf71-9bd7-48da-8120-c69651880dc7,job_scraped_6e45223855,33,poor,,engineering,,"Match Score: 33%

Strong matches:
✓ Profile captured

Potential gap:
! engineering
! Seniority mismatch

Why this job matches:
This role only partially overlaps with your current skills and preferences.",2026-09-04T20:21:15.590Z,2026-09-04T20:21:15.590Z,pending,,
db201815-c2af-4424-ac2b-513e914ffbe0,baaedf71-9bd7-48da-8120-c69651880dc7,job_scraped_833d763537,30,poor,,engineering,,"Match Score: 30%

Strong matches:
✓ Profile captured

Potential gap:
! engineering

Why this job matches:
This role only partially overlaps with your current skills and preferences.",2026-09-04T20:21:32.383Z,2026-09-04T20:21:32.383Z,pending,,
51a1719a-0962-4020-9e8a-8c3b773f8395,baaedf71-9bd7-48da-8120-c69651880dc7,job_scraped_7f3c6fe5ab,27,poor,,engineering,,"Match Score: 27%

Strong matches:
✓ Profile captured

Potential gap:
! engineering
! Seniority mismatch

Why this job matches:
This role only partially overlaps with your current skills and preferences.",2026-09-04T20:21:47.676Z,2026-09-04T20:21:47.676Z,pending,,
e9ab405e-c868-44cd-9246-f412e5a0f9dc,baaedf71-9bd7-48da-8120-c69651880dc7,job_scraped_3e6b20a12e,30,poor,,engineering,,"Match Score: 30%

Strong matches:
✓ Profile captured

Potential gap:
! engineering

Why this job matches:
This role only partially overlaps with your current skills and preferences.",2026-09-04T20:22:05.024Z,2026-09-04T20:22:05.024Z,pending,,
abc0d1a9-dc3f-4db5-b602-01dc5f2e7bf0,baaedf71-9bd7-48da-8120-c69651880dc7,job_scraped_0c76523583,27,poor,,sales,,"Match Score: 27%

Strong matches:
✓ Profile captured

Potential gap:
! sales
! Seniority mismatch

Why this job matches:
This role only partially overlaps with your current skills and preferences.",2026-09-04T20:22:15.568Z,2026-09-04T20:22:15.568Z,pending,,
13adb301-323d-4f76-b791-03c63a4367d2,baaedf71-9bd7-48da-8120-c69651880dc7,job_scraped_9d9ccf968a,27,poor,,product management,,"Match Score: 27%

Strong matches:
✓ Profile captured

Potential gap:
! product management
! Seniority mismatch

Why this job matches:
This role only partially overlaps with your current skills and preferences.",2026-09-04T20:22:23.185Z,2026-09-04T20:22:23.185Z,pending,,
6cbd2c07-5938-4f79-a36f-29258f71f073,baaedf71-9bd7-48da-8120-c69651880dc7,job_scraped_8594fb5095,30,poor,,marketing,,"Match Score: 30%

Strong matches:
✓ Profile captured

Potential gap:
! marketing

Why this job matches:
This role only partially overlaps with your current skills and preferences.",2026-09-04T20:22:37.746Z,2026-09-04T20:22:37.746Z,pending,,
de703ea0-21a9-4f98-bd66-65d9c941f423,baaedf71-9bd7-48da-8120-c69651880dc7,job_scraped_f1bde73b4b,27,poor,,engineering,,"Match Score: 27%

Strong matches:
✓ Profile captured

Potential gap:
! engineering
! Seniority mismatch

Why this job matches:
This role only partially overlaps with your current skills and preferences.",2026-09-04T20:22:54.706Z,2026-09-04T20:22:54.706Z,pending,,
c15b7ea3-29cd-495e-aaa4-6b87c15532c4,baaedf71-9bd7-48da-8120-c69651880dc7,job_scraped_ee9b0044f5,30,poor,,product management,,"Match Score: 30%

Strong matches:
✓ Profile captured

Potential gap:
! product management

Why this job matches:
This role only partially overlaps with your current skills and preferences.",2026-09-04T20:23:10.246Z,2026-09-04T20:23:10.246Z,pending,,
600b35ce-541f-456a-92a4-508f94a17adc,baaedf71-9bd7-48da-8120-c69651880dc7,job_scraped_5d6ff12e69,30,poor,,trading|product management,,"Match Score: 30%

Strong matches:
✓ Profile captured

Potential gap:
! trading
! product management

Why this job matches:
This role only partially overlaps with your current skills and preferences.",2026-09-04T20:23:26.991Z,2026-09-04T20:23:26.991Z,pending,,
b309142c-095d-4980-9895-3105378d1a2f,baaedf71-9bd7-48da-8120-c69651880dc7,job_scraped_4cd03e6b84,30,poor,,product management,,"Match Score: 30%

Strong matches:
✓ Profile captured

Potential gap:
! product management

Why this job matches:
This role only partially overlaps with your current skills and preferences.",2026-09-04T20:23:35.999Z,2026-09-04T20:23:35.999Z,pending,,
145432d0-480f-43af-a79d-f0c270427b98,baaedf71-9bd7-48da-8120-c69651880dc7,job_scraped_a62df30e10,30,poor,,trading|product management,,"Match Score: 30%

Strong matches:
✓ Profile captured

Potential gap:
! trading
! product management

Why this job matches:
This role only partially overlaps with your current skills and preferences.",2026-09-04T20:23:50.806Z,2026-09-04T20:23:50.806Z,pending,,
fa75a3e9-96d0-437b-9f1d-6f59174a6c69,baaedf71-9bd7-48da-8120-c69651880dc7,job_scraped_7113a38cc0,27,poor,,product management,,"Match Score: 27%

Strong matches:
✓ Profile captured

Potential gap:
! product management
! Seniority mismatch

Why this job matches:
This role only partially overlaps with your current skills and preferences.",2026-09-04T20:24:03.388Z,2026-09-04T20:24:03.388Z,pending,,
3f7ee13c-583d-41b9-9009-b3ddfc77c738,baaedf71-9bd7-48da-8120-c69651880dc7,job_scraped_79f9a5b018,30,poor,,operations,,"Match Score: 30%

Strong matches:
✓ Profile captured

Potential gap:
! operations

Why this job matches:
This role only partially overlaps with your current skills and preferences.",2026-09-04T20:24:17.086Z,2026-09-04T20:24:17.086Z,pending,,
4e536a6a-1ce7-4957-947c-9b0c466791b4,baaedf71-9bd7-48da-8120-c69651880dc7,job_scraped_5371df1640,30,poor,,operations,,"Match Score: 30%

Strong matches:
✓ Profile captured

Potential gap:
! operations

Why this job matches:
This role only partially overlaps with your current skills and preferences.",2026-09-04T20:24:25.722Z,2026-09-04T20:24:25.722Z,pending,,
e3976d9f-e59a-41ea-99d0-ac0902c8233e,baaedf71-9bd7-48da-8120-c69651880dc7,job_scraped_185a6d87d2,30,poor,,product management,,"Match Score: 30%

Strong matches:
✓ Profile captured

Potential gap:
! product management

Why this job matches:
This role only partially overlaps with your current skills and preferences.",2026-09-04T20:24:35.771Z,2026-09-04T20:24:35.771Z,pending,,
b5876fa6-9e56-4626-a0aa-66201f4c82f3,baaedf71-9bd7-48da-8120-c69651880dc7,job_scraped_d8f2b01161,27,poor,,smart contracts,,"Match Score: 27%

Strong matches:
✓ Profile captured

Potential gap:
! smart contracts
! Seniority mismatch

Why this job matches:
This role only partially overlaps with your current skills and preferences.",2026-09-04T20:24:52.400Z,2026-09-04T20:24:52.400Z,pending,,
572a3f05-eb44-4570-b3f6-6acc8fca9eae,baaedf71-9bd7-48da-8120-c69651880dc7,job_scraped_e0a8255fa8,30,poor,,smart contracts,,"Match Score: 30%

Strong matches:
✓ Profile captured

Potential gap:
! smart contracts

Why this job matches:
This role only partially overlaps with your current skills and preferences.",2026-09-04T20:25:04.183Z,2026-09-04T20:25:04.183Z,pending,,
6a20550c-a2b4-4dc0-b07d-9909028e79a1,baaedf71-9bd7-48da-8120-c69651880dc7,job_scraped_ce4504ab80,30,poor,,sales,,"Match Score: 30%

Strong matches:
✓ Profile captured

Potential gap:
! sales

Why this job matches:
This role only partially overlaps with your current skills and preferences.",2026-09-04T20:25:12.478Z,2026-09-04T20:25:12.478Z,pending,,
02661f5c-1131-47ae-bb4b-c004bbd489b8,baaedf71-9bd7-48da-8120-c69651880dc7,job_scraped_e9226865c5,27,poor,,compliance,,"Match Score: 27%

Strong matches:
✓ Profile captured

Potential gap:
! compliance
! Seniority mismatch

Why this job matches:
This role only partially overlaps with your current skills and preferences.",2026-09-04T20:25:19.967Z,2026-09-04T20:25:19.967Z,pending,,
092898cc-1dd9-4310-8100-07e0e831bc39,baaedf71-9bd7-48da-8120-c69651880dc7,job_scraped_7c55141144,30,poor,,legal,,"Match Score: 30%

Strong matches:
✓ Profile captured

Potential gap:
! legal

Why this job matches:
This role only partially overlaps with your current skills and preferences.",2026-09-04T20:25:32.732Z,2026-09-04T20:25:32.732Z,pending,,
fd13a24d-4ec5-4cc5-b64e-a6c15911b76a,baaedf71-9bd7-48da-8120-c69651880dc7,job_scraped_e73f77281b,30,poor,,legal,,"Match Score: 30%

Strong matches:
✓ Profile captured

Potential gap:
! legal

Why this job matches:
This role only partially overlaps with your current skills and preferences.",2026-09-04T20:25:47.076Z,2026-09-04T20:25:47.076Z,pending,,
87b1f713-b7ac-40ed-9a30-08b917715cae,baaedf71-9bd7-48da-8120-c69651880dc7,job_scraped_68c905fba4,27,poor,,legal,,"Match Score: 27%

Strong matches:
✓ Profile captured

Potential gap:
! legal
! Seniority mismatch

Why this job matches:
This role only partially overlaps with your current skills and preferences.",2026-09-04T20:26:00.472Z,2026-09-04T20:26:00.472Z,pending,,
80d66414-aa71-4008-8920-e170bad0e4b0,baaedf71-9bd7-48da-8120-c69651880dc7,job_scraped_1cae5552ad,27,poor,,legal,,"Match Score: 27%

Strong matches:
✓ Profile captured

Potential gap:
! legal
! Seniority mismatch

Why this job matches:
This role only partially overlaps with your current skills and preferences.",2026-09-04T20:26:16.614Z,2026-09-04T20:26:16.614Z,pending,,
c6d9c008-1532-4464-86cd-17f31d887ef1,baaedf71-9bd7-48da-8120-c69651880dc7,job_scraped_eb0bc6bd2b,33,poor,,hr,,"Match Score: 33%

Strong matches:
✓ Profile captured

Potential gap:
! hr

Why this job matches:
This role only partially overlaps with your current skills and preferences.",2026-09-04T20:26:27.829Z,2026-09-04T20:26:27.829Z,pending,,
ed5c4e74-2568-4b3e-be7d-bf907bb270cb,baaedf71-9bd7-48da-8120-c69651880dc7,job_scraped_6909fa4cdc,33,poor,,sales,,"Match Score: 33%

Strong matches:
✓ Profile captured

Potential gap:
! sales

Why this job matches:
This role only partially overlaps with your current skills and preferences.",2026-09-04T20:26:38.967Z,2026-09-04T20:26:38.967Z,pending,,
53237747-dc49-48f7-9932-60da92afc22f,baaedf71-9bd7-48da-8120-c69651880dc7,job_scraped_cac43fe308,33,poor,,hr,,"Match Score: 33%

Strong matches:
✓ Profile captured

Potential gap:
! hr

Why this job matches:
This role only partially overlaps with your current skills and preferences.",2026-09-04T20:26:57.277Z,2026-09-04T20:26:57.277Z,pending,,
3a72011c-2b4f-4cc9-81eb-65cc70bc5122,baaedf71-9bd7-48da-8120-c69651880dc7,job_scraped_1ce1573be9,33,poor,,executive,,"Match Score: 33%

Strong matches:
✓ Profile captured

Potential gap:
! executive

Why this job matches:
This role only partially overlaps with your current skills and preferences.",2026-09-04T20:27:09.652Z,2026-09-04T20:27:09.652Z,pending,,
07d7f88e-7502-46e7-8866-46466bd30c59,baaedf71-9bd7-48da-8120-c69651880dc7,job_scraped_73805d7d23,30,poor,,sales,,"Match Score: 30%

Strong matches:
✓ Profile captured

Potential gap:
! sales
! Seniority mismatch

Why this job matches:
This role only partially overlaps with your current skills and preferences.",2026-09-04T20:27:20.021Z,2026-09-04T20:27:20.021Z,pending,,
470d50fb-8cbe-4db1-8cbe-26fa5c958a9a,baaedf71-9bd7-48da-8120-c69651880dc7,job_scraped_2ef4971f32,30,poor,,hr,,"Match Score: 30%

Strong matches:
✓ Profile captured

Potential gap:
! hr
! Seniority mismatch

Why this job matches:
This role only partially overlaps with your current skills and preferences.",2026-09-04T20:27:29.153Z,2026-09-04T20:27:29.153Z,pending,,
92f79fc0-cd3c-4830-b19d-c68820b15fcc,baaedf71-9bd7-48da-8120-c69651880dc7,job_scraped_f9f44bf4ad,33,poor,,engineering,,"Match Score: 33%

Strong matches:
✓ Profile captured

Potential gap:
! engineering

Why this job matches:
This role only partially overlaps with your current skills and preferences.",2026-09-04T20:27:41.207Z,2026-09-04T20:27:41.207Z,pending,,
8820d82e-b78f-44ff-86a9-6a4cbefbec13,baaedf71-9bd7-48da-8120-c69651880dc7,job_scraped_f7c215b537,33,poor,,hr,,"Match Score: 33%

Strong matches:
✓ Profile captured

Potential gap:
! hr

Why this job matches:
This role only partially overlaps with your current skills and preferences.",2026-09-04T20:27:51.823Z,2026-09-04T20:27:51.823Z,pending,,
ad45eca5-e846-45d5-8eba-9aaa0ad8d135,baaedf71-9bd7-48da-8120-c69651880dc7,job_scraped_acdc8ec211,33,poor,,hr,,"Match Score: 33%

Strong matches:
✓ Profile captured

Potential gap:
! hr

Why this job matches:
This role only partially overlaps with your current skills and preferences.",2026-09-04T20:28:04.163Z,2026-09-04T20:28:04.163Z,pending,,
a162910b-2cf0-4bb3-9758-d44ec7be4c33,baaedf71-9bd7-48da-8120-c69651880dc7,job_scraped_c3169f344c,30,poor,,legal,,"Match Score: 30%

Strong matches:
✓ Profile captured

Potential gap:
! legal

Why this job matches:
This role only partially overlaps with your current skills and preferences.",2026-09-04T20:28:22.001Z,2026-09-04T20:28:22.001Z,pending,,
2153b9d0-9f14-48cb-bf50-3d813fc0f8a5,baaedf71-9bd7-48da-8120-c69651880dc7,job_scraped_bc2befab19,30,poor,,engineering,,"Match Score: 30%

Strong matches:
✓ Profile captured

Potential gap:
! engineering

Why this job matches:
This role only partially overlaps with your current skills and preferences.",2026-09-04T20:28:52.406Z,2026-09-04T20:28:52.406Z,pending,,
cc0ba1de-32ee-404a-ad4c-6f32ffe8d20b,baaedf71-9bd7-48da-8120-c69651880dc7,job_scraped_86b17c81e1,30,poor,,engineering,,"Match Score: 30%

Strong matches:
✓ Profile captured

Potential gap:
! engineering

Why this job matches:
This role only partially overlaps with your current skills and preferences.",2026-09-04T20:29:27.683Z,2026-09-04T20:29:27.683Z,pending,,
e36ca7e8-59c9-403f-b546-3c729cc8837d,baaedf71-9bd7-48da-8120-c69651880dc7,job_scraped_161ac19975,30,poor,,engineering,,"Match Score: 30%

Strong matches:
✓ Profile captured

Potential gap:
! engineering

Why this job matches:
This role only partially overlaps with your current skills and preferences.",2026-09-04T20:29:45.340Z,2026-09-04T20:29:45.340Z,pending,,
ccbe3777-d0b6-4431-ba21-8a8e1d7dd046,baaedf71-9bd7-48da-8120-c69651880dc7,job_scraped_5b7d267075,30,poor,,engineering,,"Match Score: 30%

Strong matches:
✓ Profile captured

Potential gap:
! engineering

Why this job matches:
This role only partially overlaps with your current skills and preferences.",2026-09-04T20:30:05.332Z,2026-09-04T20:30:05.332Z,pending,,
f8780015-5b5a-472b-888b-bceddfb28615,baaedf71-9bd7-48da-8120-c69651880dc7,job_scraped_92ea3ef477,30,poor,,security,,"Match Score: 30%

Strong matches:
✓ Profile captured

Potential gap:
! security

Why this job matches:
This role only partially overlaps with your current skills and preferences.",2026-09-04T20:30:23.373Z,2026-09-04T20:30:23.373Z,pending,,
26b0da3b-0b1c-42c9-a50b-c666776ff92f,baaedf71-9bd7-48da-8120-c69651880dc7,job_scraped_725fa57dc1,30,poor,,marketing,,"Match Score: 30%

Strong matches:
✓ Profile captured

Potential gap:
! marketing

Why this job matches:
This role only partially overlaps with your current skills and preferences.",2026-09-04T20:30:35.129Z,2026-09-04T20:30:35.129Z,pending,,
d2ce01f0-692f-408b-b864-da6ab665d285,baaedf71-9bd7-48da-8120-c69651880dc7,job_scraped_a706e86dde,27,poor,,design,,"Match Score: 27%

Strong matches:
✓ Profile captured

Potential gap:
! design
! Seniority mismatch

Why this job matches:
This role only partially overlaps with your current skills and preferences.",2026-09-04T20:30:53.678Z,2026-09-04T20:30:53.678Z,pending,,
21b4bde4-03d7-4e26-8f8d-b5d0286bf7b7,baaedf71-9bd7-48da-8120-c69651880dc7,job_scraped_4d0dc3a4ea,30,poor,,hr,,"Match Score: 30%

Strong matches:
✓ Profile captured

Potential gap:
! hr

Why this job matches:
This role only partially overlaps with your current skills and preferences.",2026-09-04T20:31:08.945Z,2026-09-04T20:31:08.945Z,pending,,
98734f72-bfcf-4ecd-b891-126c73830ee2,baaedf71-9bd7-48da-8120-c69651880dc7,job_scraped_4e93ef2e31,30,poor,,engineering,,"Match Score: 30%

Strong matches:
✓ Profile captured

Potential gap:
! engineering

Why this job matches:
This role only partially overlaps with your current skills and preferences.",2026-09-04T20:31:44.464Z,2026-09-04T20:31:44.464Z,pending,,
